iso,year,CONTROL_CORRUPTION,CREDIT_PRIVATE,CURRENT_ACCOUNT,DEPENDENCY_RATIO,ELECTRICITY,EXCHANGE_RATE,EXPORT_GROWTH,FDI,GDP_GROWTH,GDP_PC_PPP,GOV_EFFECTIVENESS,GROSS_SAVINGS,HIGH_TECH_EXPORTS,IMPORT_GROWTH,INFLATION,INVESTMENT,LIFE_EXPECTANCY,MANUF_VA,POLITICAL_STABILITY,POPULATION,REAL_INTEREST,REG_QUALITY,RESERVES_MONTHS,REVENUE_EX_GRANTS,RND,RULE_OF_LAW,SCHOOLING_SEC,TAX_REVENUE,TERMS_OF_TRADE,TRADE_OPENNESS,UNEMPLOYMENT,URBAN_SHARE,WORLD_GROWTH,WORLD_EXPORT_GROWTH,WORLD_INFLATION,ctfp,hc,rkna,emp,pop,cgdpo,rgdpo,rgdpna,labsh
BGD,1990,,16.0740991530445,-1.2592736415871,85.9247940838611,,34.5688083333333,17.7864276290348,0.0102498457488283,5.62225816160344,2069.78230100672,,23.0244118634705,,9.31270816857919,6.12671846981458,16.4586755151535,55.822,13.2392185487661,,111633717.0,7.80321557561629,,1.91198264759593,,,,19.8893508911133,,,18.9665020125385,,19.8635088474054,2.70835661034906,5.27155007050217,8.06346090938833,,1.4628063440322876,,32.1478157043457,103.171956,165009.890625,157995.671875,151626.203125,
BGD,1991,,15.9199092838791,0.208651431216537,84.324547486233,14.29,36.5961833333333,-3.09154816606501,0.00449146424413688,3.48522781598027,2101.38366035658,,22.5604059246532,,-15.017444093523,6.35736412278234,16.8959474633294,53.781,13.9871226949763,,113787109.0,11.7189873524357,,3.98697845284493,,,,,,,18.8898268850747,2.2,20.2666857869933,1.22518126757618,2.92537855288582,8.99693873494331,,1.4807424545288086,,32.12558364868164,105.599127,171660.4375,164056.921875,156781.21875,
BGD,1992,,14.5455434030437,0.570158867838373,82.6662303344695,9.90541934967041,38.9507583333333,21.8455918951427,0.0117375764038404,5.44268554966725,2174.38232866943,,21.9940038300746,,-8.79066343654085,3.63407691798491,17.3050292766937,56.592,14.3974636880063,,115952192.0,11.0503571312982,,5.16226710857486,,,,,,,19.9340055024511,2.233,20.6483331421589,2.06322489260802,3.36115645327708,7.63610852336974,,1.4988986253738403,,33.067626953125,107.98370399999999,176196.640625,168774.828125,163408.828125,
BGD,1993,,15.2943169244381,1.08321175697211,80.9683342071102,12.7178802490234,39.5672575,16.3929160445683,0.0423616549795556,4.71156172453999,2234.8101219225,,20.901202135505,,37.4189061616421,3.01481859989799,17.9468320109013,57.073,15.4125383554188,,118132360.0,13.7409692658164,,6.16106193397944,,,,,,,23.1215830698982,2.31,21.002845267132,1.85802699127092,3.56355749103992,7.14458706876257,,1.5172773599624634,,34.0443229675293,110.350639,180718.46875,173082.34375,170884.3125,
BGD,1994,,16.2711918310691,0.590988260289113,79.1811023453225,17.8,40.2117391666667,3.67836910255987,0.033012230974896,3.89012644116818,2279.09435302944,,22.4171600592845,,-6.11108228003351,5.31374007936498,18.402556188374,57.64,15.8694546558521,,120343179.0,9.12576468789758,,6.84678620368459,,,,,,,22.8658645545703,2.37,21.3383159101032,3.41622758531712,8.90351962923714,10.2479355556119,,1.5358814001083374,,35.08266067504883,112.73768299999999,189255.765625,181230.296875,177864.40625,
BGD,1995,,20.8817607372616,-2.17154889891301,77.3180471753385,18.3380451202393,40.2783183333333,30.7241067856765,0.00499837818821925,5.12127789724337,2351.70387946903,,22.1461544905179,,48.396395240214,10.2978117947206,19.1197958221399,58.244,15.9000068464472,,122600370.0,5.45528455877529,,3.66017664054907,,,,,,,28.2094960764218,2.441,21.661231550566,3.17807321635462,9.01297366456417,9.07738095238091,,1.5547136068344116,,36.174591064453125,115.16993,198531.4375,189809.140625,186624.15625,
BGD,1996,-0.872089599999999,18.9119975738864,-2.13490813503246,75.3994031467334,21.1443862915039,41.7941683333333,8.07539454190645,0.0291349551912919,4.52291921684423,2413.54298201505,-0.81117,23.1387940832004,,14.1095606173889,2.37712902953223,20.7299506037379,58.94,14.0026451377167,-0.7319877,124862179.0,-5.16455193045819,-1.1594086,2.93493311214598,,,-0.9202554,,,,26.0760877233809,2.51,21.9780786680138,3.58623401800118,6.43102237277841,6.52609569372579,,1.5713872909545898,,37.224483489990234,117.64993199999999,203890.125,195331.859375,195250.078125,
BGD,1997,,19.9866312756307,-0.593464718148691,73.5489308582297,22.4,43.8921158333333,14.31777893297,0.288896567530213,4.4898964976265,2475.59574602489,,24.397478698652,,3.04121615815572,5.30560105668802,21.8162145054057,59.671,14.1197806636013,,127198069.0,8.8533210419986,,2.40641918586197,,,,,,,26.3255133900833,2.698,22.2953437419401,3.99678915639295,9.47428529362406,5.55412988949405,,1.5882396697998047,,38.27732849121094,120.160564,203096.484375,195050.046875,205769.515625,
BGD,1998,-0.8733555,20.4966379485471,-0.0703537046583937,71.8615027523664,26.7461929321289,46.9056516666666,12.2675487636774,0.380236166897954,5.1770268731498,2555.06119218282,-0.5448568,25.8340547261519,,4.47097065108491,8.40223795613228,22.1214128239602,60.429,14.8598311637206,-0.659666099999999,129622332.0,7.8256481093584,-1.1507752,2.84708895657642,,,-0.923208399999999,41.9298782348633,,,27.8800634028394,2.893,22.6195132518384,2.78125282205437,4.5071475292704,5.09729149331442,,1.605272889137268,,39.35983657836914,122.68281499999999,200702.0,193522.0,216526.078125,
BGD,1999,,20.9872341323173,-0.710651968609124,70.313705784649,29.5402145385742,49.0854,2.25068922506115,0.350304290993083,4.67015636882111,2624.06553797638,,26.6599568153793,,2.3055777870906,6.10669589841958,22.7213703034657,61.244,14.3890950793257,,132108065.0,8.97864304812784,,2.1339501450385,,,,45.0674591064453,,,28.3879405571158,3.088,22.957073677202,3.57856819120765,5.32456715779929,3.04194667094533,,1.6224887371063232,,40.44169998168945,125.189651,194641.09375,187660.25,227069.015625,
BGD,2000,-1.1399628,21.7793890133235,-0.57304266329964,68.8735107703625,32.0,52.1416666666667,14.3981567286245,0.525362089236087,5.29329471892532,2712.93512215725,-0.8710785,27.7974576904575,,10.233924594639,2.20825620937535,23.8085625731369,62.049,14.035315753916,-0.812562999999999,134544304.0,8.99820323770434,-1.19036229999999,1.81568793543262,,,-1.1178221,46.7210006713867,,,29.3217143619038,3.27,23.3145114975244,4.56720186018067,11.7816277096899,3.43351563418764,,1.6398893594741821,,41.53954315185547,127.657854,201182.203125,194071.1875,240567.828125,
BGD,2001,,24.179592705355,-0.991687231894649,67.829792240324,35.0,55.8066666666667,14.9038896404931,0.145443904569924,5.07728777526728,2803.55471950946,,28.4222904329444,,12.8486289208702,2.0071737421384,24.1743067306933,62.836,14.1783570229665,,136805810.0,9.25695571842855,,1.56412229383146,8.55508912359227,,,48.4609718322754,6.61116027143823,,32.0980170730117,3.609,23.6999214768623,2.02994447591411,0.665655850400682,3.83657262052543,,1.661909580230713,,42.479740142822266,130.08870199999998,207362.09375,199795.34375,253254.34375,
BGD,2002,-1.44931989999999,26.2081249737496,1.35086830489484,67.1451832030454,37.8,57.888,-0.164097458962203,0.0955793676464671,3.83312393993225,2866.43454328715,-0.8543124,30.7491764310818,,-4.84742393033319,3.33256493271913,24.3414161366729,63.591,14.3174375493986,-1.2449478,138933658.0,8.38969935744542,-1.122179,2.1882157411816,8.87465110773691,,-1.123872,49.6199493408203,6.69138419067813,,28.9673807211649,3.966,24.1132383547332,2.31891535273219,2.75388195938507,2.90799688587762,,1.6842255592346191,,43.40302658081055,132.478086,218985.71875,210411.375,264436.90625,
BGD,2003,-1.46307949999999,26.0386276764885,0.218816448007947,66.5127410987043,40.5,58.15004,-1.6963855741251,0.44596078329809,4.73956739963045,2958.91503115633,-1.0668967,30.164596698861,,8.54954834783177,5.66870773441476,24.6791888612834,64.288,14.1454615609431,-1.2322975,140970351.0,5.88445428042499,-1.0667105,2.7552144985094,8.71578966709367,,-1.1776115,49.5259017944336,6.96521390375867,,27.657884900158,4.32,24.5525557512625,3.07416318395302,4.25941501920559,3.02504526252236,,1.7068411111831665,,44.32400131225586,134.79160299999998,225002.546875,216588.25,278335.71875,
BGD,2004,-1.5156931,27.9134032883374,-0.428022753319865,65.873127608104,40.6,59.5126583333333,85.6133120879459,0.689472335587339,5.23953291029852,3071.83778764611,-0.906057,31.5774006681766,,84.749487253795,7.5875363850469,24.9918339447004,64.912,14.44207318664,-1.3285917,142902856.0,5.5823556108085,-1.11731469999999,2.87524327591524,8.65675173626511,,-1.036981,46.3084297180176,7.04644841818552,,26.8582341492431,4.316,25.0094809886101,4.49537859755031,10.211060301273,3.51799903099596,,1.724663496017456,,45.31759262084961,136.986432,230184.640625,222153.359375,295788.78125,
BGD,2005,-1.4632376,29.3438304968623,-0.250074173604547,65.1910648619481,44.2,64.327475,43.0012670590693,1.17065167448603,6.53594493875502,3231.61370692891,-0.894647,32.3594072568242,,38.0627867648744,7.04661816222039,25.8304355145863,65.509,14.743998758061,-1.7911255,144715786.0,5.76426911966502,-0.9816339,2.17086234945188,8.9489913342907,,-0.9517502,45.1695098876953,7.13567003946154,108.9,34.396934864465,4.25,25.4769540701509,4.0591513939051,6.97010195405532,4.10725070715931,,1.742090106010437,,46.27964401245117,139.035505,242146.8125,231691.15625,313404.5,
BGD,2006,-1.42990779999999,31.1657016961389,1.66592495150091,64.524039740509,50.5,68.9332333333333,25.4763097869182,0.635863899506714,6.67190498576788,3407.4273502159,-0.943966099999999,35.341190936004,,18.1904487299505,6.76526117054757,26.1441457474299,66.048,15.3075621798679,-1.6643404,146405973.0,5.46699380857845,-0.8740542,2.61353230400139,8.77841193665516,,-1.01092999999999,45.7007904052734,7.04330405780911,101.2,38.1119244325921,3.591,25.9479149992596,4.48913510541222,8.49180561935788,4.26717463390264,,1.7676010131835938,,47.35792922973633,140.921167,263244.25,252800.78125,334181.125,
BGD,2007,-1.1475412,32.0428330535648,1.07621521358966,63.9122837398699,46.5,68.874875,12.9756030786478,0.817756922700044,7.05859935449848,3608.91543819399,-0.8728241,36.3174625843949,,15.986035135704,9.10698496905383,26.1784970672047,66.458,15.9340729924007,-1.5675758,147989278.0,5.7891114361705,-0.8672299,3.04979272256787,8.81075448022252,,-0.8842511,46.4658813476562,6.91726266856821,93.1,39.9423826531735,4.015,26.415303779311,4.43123376835285,6.65749601979584,4.81023704342912,,1.7934856414794922,,48.95321273803711,142.66037599999999,292450.40625,282226.40625,357769.59375,
BGD,2008,-0.948405699999999,34.0421917464818,1.01071124669571,63.3356883947747,54.3,68.598275,7.0806092875215,1.4496579161576,6.01378975738535,3787.9382761855,-0.844899,37.3818777967604,0.435480466968654,-1.90123251892078,8.90194489465154,26.2022714003991,67.047,16.124366972693,-1.476262,149474264.0,4.66174256991606,-0.8632719,2.63271435761636,9.51289063059205,,-0.829873299999999,44.5729598999023,7.65602988282474,81.7,42.6209140325589,4.49,26.87206041368,2.0916044806491,2.97004947697062,8.94995335353387,,1.8197492361068726,,50.47563552856445,144.304167,326605.15625,316497.03125,379285.0625,
BGD,2009,-0.9111494,36.1910375652522,3.47023264645131,62.7031938906288,57.1,69.0390666666667,0.028504479725882,0.879517142536145,5.04512479919337,3942.13631207203,-0.8145983,38.97639391672,0.306260590781621,-2.59965497379862,5.42347236174679,26.2060570157536,67.527,16.4801860604835,-1.51053059999999,150873714.0,6.14653833234919,-0.805300999999999,5.06373130169223,9.64307267713728,,-0.8215673,48.1255798339844,7.49811626276927,91.4,40.092796223023,5.0,27.3111249057412,-1.33303814192499,-9.59622731679175,2.86044855902674,,1.8463975191116333,,51.794586181640625,145.92479699999998,353219.75,343453.96875,398420.5,
BGD,2010,-1.0218466,40.9613226292342,1.82909794723498,61.9686828582303,55.3,69.6492916666667,0.941532178257205,1.06896766308322,5.57178818533122,4125.46390163202,-0.807076799999999,38.7817739319855,0.213025597821188,0.686454981140216,8.12667639169917,26.2466561760577,68.009,16.1212283592006,-1.4437712,152201981.0,4.73612356896116,-0.8368896,4.32087922221628,9.74382934646306,,-0.8477644,49.5031106793162,7.83468474946733,81.0,37.8028426708321,3.379,27.7254372588696,4.52085213873784,11.8470983952319,3.32634463368643,,1.8734359741210938,,54.435997009277344,147.57542999999998,401206.59375,391172.8125,420619.6875,
BGD,2011,-1.0523775,42.4702411629772,-0.125842241657654,61.0979549461299,59.6,74.1524,29.3391247520474,0.983399364184761,6.46437912497728,4352.42643359325,-0.8372577,38.059489785547,0.19506469565516,29.1529647014969,11.3951651552399,27.4209733686034,68.499,15.9967342498947,-1.4544464,153591076.0,5.06419768574573,-0.8270946,2.78355229779506,10.4626574311705,,-0.6998395,49.7515496494472,8.68592470557816,76.8,47.4208498356898,3.737,28.1100162712427,3.31431839310667,5.51788947035175,4.80063594169405,,1.8975311517715454,,56.097381591796875,149.273139,462460.5,452299.84375,447810.1875,
BGD,2012,-1.12133289999999,43.0006693750914,1.93195276968292,60.0398362395264,65.5,81.8626583333333,12.5322586852075,1.18850391920183,6.52145877906443,4592.04840919812,-0.7988014,40.5995794494189,0.463362848345637,10.5185591702304,6.21750422069284,28.2623350097187,68.989,15.9142206710142,-1.4690337,155070101.0,5.34333265873128,-0.978781999999999,3.85125480802239,11.1452302743835,,-0.9887756,51.6718482971191,9.02456269019499,86.7,48.1109227490467,4.07,28.4787972894576,2.74743359443485,2.74285501350239,3.72532666110646,,1.921936273574829,,57.75124740600586,151.005739,479084.59375,470216.21875,477013.875,
BGD,2013,-1.1326018,41.7947548053392,1.3723251518825,58.8576060722821,61.5,78.103235,2.45188433657668,1.73532012481503,6.01360565834344,4822.72621378266,-0.773905699999999,39.7453877105331,0.299089378482049,1.21815154557578,7.53040640913172,28.3896207536466,69.487,16.4420194729911,-1.771799,156532141.0,5.98869390231374,-0.9494963,4.90974781514545,11.1604123713742,,-0.9749211,55.6214332189314,8.96241331541821,86.8,46.2964027228174,4.426,28.8407036106763,2.88974765617324,3.15001331842582,2.65167342916577,,1.9466552734375,,59.39942169189453,152.761418,503646.5,498137.21875,505699.65625,
BGD,2014,-1.1845563,43.7361238704853,0.437159797644511,57.6363999788042,62.4,77.6414083333333,3.20114927203254,1.46870305074204,6.0610593588495,5068.63965672741,-0.6851605,37.7792321968568,,1.16832386685408,6.99163889220849,28.5778757115563,70.016,16.6127076619157,-1.0510112,157964929.0,6.88586627746747,-0.8964974,5.58168526462513,10.8668856085968,,-0.851857499999999,,8.6353777373447,89.3,44.5140801968096,4.417,29.1944442321013,3.16849193058366,3.47031825748584,2.39371597209796,,1.9716922044754028,,59.44544219970703,154.517382,537656.8125,533593.6875,536350.5,
BGD,2015,-1.0798121,44.4069718062837,1.32188871858147,56.4576539922494,74.0,77.9469083333333,-2.8299901671938,1.4507824552936,6.55263987816197,5352.71133299566,-0.6547007,36.7309559824005,0.307867105131918,3.20270518191801,6.19428022984984,28.886689247008,70.543,16.7886735625088,-1.331635,159383179.0,5.51264431590567,-0.776809499999999,6.8309139901541,9.84448413886165,,-0.856926099999999,59.4217414855957,8.49834882820801,100.0,42.0859963070382,4.397,29.5395099477892,3.12721325699906,3.3526080435236,1.43702380935655,,1.9970511198043823,,59.489383697509766,156.25627599999999,583865.3125,580460.9375,571495.5625,
BGD,2016,-1.0667924,37.7986426672318,0.351171861174517,55.3718768318608,75.9,78.4680916666667,2.19674964507223,0.879528340271998,7.11347821270093,5682.53553494306,-0.5337691,37.280299201621,0.242933626284075,-7.0918846221482,5.51352572692995,30.2397639179985,71.075,20.3479480962979,-1.3416192,160811932.0,-13.6421356407859,-0.7592301,7.60387702099135,8.52279611186147,,-0.9068902,64.1664546117285,7.31691184755758,99.4,31.3341501346142,4.35,29.8753915517965,2.78974074234593,2.55312687440671,1.59691227583204,,2.0227363109588623,,59.5297966003418,157.977153,607812.375,605641.5,612148.875,
BGD,2017,-1.062185,40.4489561448676,-2.03756600416726,54.6436395397794,88.0,80.4375416666667,-1.8432808163076,0.616341784631384,6.59024999794057,6005.70718781048,-0.573203,35.2852031466044,0.426450633403232,5.16420001460736,5.70207015717239,30.9468731155675,71.606,20.0750615064997,-1.3289506,162186147.0,4.27653989369391,-0.7430899,6.76886499116675,8.0712626971168,,-0.924304999999999,62.3408639225315,6.99714263243688,94.5,29.9997306724343,4.372,30.2015798381799,3.44658623167955,5.17026302354977,2.22314331448899,,2.0487515926361084,,63.02877426147461,159.68542399999998,656738.9375,656738.9375,656738.9375,
BGD,2018,-1.0964787,40.0247365906979,-2.20783912081882,54.3273751721014,86.9,83.4662019166666,6.10591970600657,0.75354913412869,7.31941263014136,6392.59334024091,-0.6193938,35.4590395013776,0.539452073551698,23.9349777259356,5.54362139486476,31.8225747704431,72.122,20.8022959266315,-1.02517179999999,163523103.0,3.63430365848224,-0.7854912,5.67626909607111,8.70480535725308,,-0.9096266,65.2714888764112,7.73177216647423,91.1,32.5146317240884,4.439,30.5175656009959,3.28663086462807,4.12857650045815,2.44258329692817,,2.075101613998413,,64.34140014648438,161.37670799999998,712720.4375,714599.5625,708383.0,
BGD,2019,-1.1006451,39.0344709350066,-0.839485005371136,54.1751879343991,92.2,84.4535225,11.4564733885721,0.543244141585063,7.88191515117722,6838.32611608243,-0.5970582,36.3536024154867,,0.505485109903844,5.59199639930629,32.2137331126266,72.625,21.2079438820896,-0.996755,164913055.0,5.68956371493223,-0.8895369,5.85933450460047,8.85578039462247,,-0.9419472,65.1185413488915,7.63863895493657,96.9,31.5780544912404,4.504,30.8228396343012,2.680308747553,1.27890715448402,2.20607305781525,,2.101790428161621,,65.53406524658203,163.04616099999998,757204.5625,759470.625,766135.3125,
BGD,2020,-1.07605779999999,39.161059242521,0.318940441964321,54.0679893713504,96.2,84.8713916666667,-17.5023922874442,0.407859894856915,3.44801755122445,7015.19792797056,-0.7213698,37.1888662137067,,-11.4095619535824,5.69107474746211,31.3079413414304,71.421,20.5983315908994,-1.01518479999999,166298024.0,4.2891862514626,-0.8942304,8.65813724626272,8.64089809540505,,-0.8969166,66.4329548486639,7.00153674405437,101.3,26.271447376215,5.539,31.1168927321524,-2.88621185457086,-8.51501859309677,1.90509722047501,,,,,,,,,
BGD,2021,-1.0928915,39.0820163295701,-3.78969259910935,53.9605921368888,99.0,85.08376325,9.1914561175859,0.414118154040593,6.93867912442445,7441.06913961254,-0.563899399999999,36.051174233546,,15.2659417354817,5.54565430773473,31.0187387357172,71.103,21.2356729879977,-1.0535518,167658854.0,3.07621573507077,-0.871176499999999,6.29023985723134,9.53881335234034,,-0.974914899999999,66.8282318620991,7.64236301017901,83.7,27.7240047036631,5.457,31.3992156886061,6.48508887596752,9.98381025527803,3.47540320289875,,,,,,,,,
BGD,2022,-1.17834859999999,38.9555684288032,-3.81010813041237,53.6222137721463,99.4,91.7454544396961,29.3925550968107,0.347960024540439,7.09982877575158,7888.16389098304,-0.62345,33.9494644131122,,31.1830863627875,7.69695437176898,32.047275580905,74.265,21.7648193612213,-1.0954422,169384897.0,1.9724805729144,-0.9240476,4.18907976493715,,,-0.973641299999999,67.0384586440383,,73.9,33.7799672705735,4.593,31.673734726234,3.44001097265647,7.04279770032062,8.08169507021982,,,,,,,,,
BGD,2023,-1.1987203,37.6413802339103,-1.64602823544154,53.0958193080833,99.5,106.309484297483,8.03261322145461,0.335721505298968,5.77511237007889,8242.39798977242,-0.5574534,34.8812458251048,,-9.7736527707028,9.8835030377921,30.9512000834944,74.672,22.3420188692022,-1.0359445,171466990.0,0.629461237622801,-0.9009111,3.3558121828929,,,-0.9020256,65.9856598598849,,80.9,30.9829714104596,3.352,32.1578465036834,2.85938493335973,0.761537454221255,5.79944107391962,,,,,,,,,
BGD,2024,-1.1021569,35.8111715787963,-0.669466607987832,52.6423780619832,99.5,115.603653796648,-17.1326624738194,0.283870773350074,4.22325911250161,8486.78495660517,-0.618974599999999,34.3815638598099,,-4.59903619451548,10.4657482763412,30.7004900245244,74.93,21.8929603584194,-1.46295089999999,173562364.0,2.77841137840799,-0.9500708,3.07374348965567,,,-0.9600594,64.2997191043961,,83.7,26.7780758040478,3.635,32.6783196323307,2.90001340156714,2.86531604224305,3.01447576977999,,,,,,,,,
CHN,1990,,86.033020264839,3.31811936794009,51.8441927552078,,4.78320833333333,,0.964431294157465,3.9225195692421,1666.8141224419,,36.6228275584888,,,3.05229012075233,34.0914985430681,68.155,,,1135185000.0,3.43480433059862,,8.50061506335466,,,,39.0024795532227,,,24.2259824799678,,26.1957015991211,2.70835661034906,5.27155007050217,8.06346090938833,0.36676138639450073,1.9560774564743042,0.0503891296684742,660.4765014648438,1176.883674,2925998.75,2856361.25,3165272.0,0.5921685695648193
CHN,1991,,88.101074265209,3.45166169027996,51.7499911893015,,5.32339166666667,,1.13546978147697,9.37563237902144,1798.38257887629,,38.4279725792786,,,3.55668565220452,35.5377442696039,68.61,,,1150780000.0,1.80582627842594,,10.1087909129257,,,,41.5681610107422,,,25.8729814947102,2.37,26.9402465820312,1.22518126757618,2.92537855288582,8.99693873494331,0.36950862407684326,1.991196870803833,0.05369814112782478,675.5034790039062,1192.897284,3078153.5,3006093.75,3300483.75,0.5921685695648193
CHN,1992,,86.0530634974135,1.49380742683803,51.465824931156,,5.51459166666667,,2.60348627617638,14.2976226152779,2030.47126519674,,40.5262148478143,,,6.35398134024869,39.3081668840399,69.059,,,1164970000.0,0.4047714595528,,3.76716826644375,,,,44.4469909667969,,,30.0340940533808,2.37,27.4598693847656,2.06322489260802,3.36115645327708,7.63610852336974,0.37416917085647583,2.026946783065796,0.0590427927672863,682.740966796875,1206.7112439999999,3368570.75,3285450.5,3556377.75,0.5921685695648193
CHN,1993,,96.5063917341575,-2.59966643215884,51.2375248148208,,5.76195833333334,,6.16158341638819,13.9261028311995,2286.7956394875,,41.5944567821618,,,14.6100786356602,43.4763551900211,69.492,,,1178440000.0,-3.6528965138981,,3.15485276716324,,,,46.7595100402832,,,35.9086416582146,2.69,27.9900760650635,1.85802699127092,3.56355749103992,7.14458706876257,0.39365869760513306,2.0633385181427,0.06694681942462921,688.5791625976562,1218.817055,3673161.25,3587539.75,3920962.75,0.5668126940727234
CHN,1994,,85.4875547969596,1.21849357261851,50.8753644114418,,8.61874266666666,,5.95964712479176,13.0827122987906,2556.90688386013,,41.5641800595348,,,24.2569897243361,40.2783746945492,69.835,,,1191835000.0,-7.99956851649675,,5.8589383126685,,,,47.1572189331055,,,35.605463524878,2.9,28.5098037719727,3.41622758531712,8.90351962923714,10.2479355556119,0.39292359352111816,2.100383758544922,0.0754891037940979,693.9137573242188,1230.020031,3932516.0,3854175.0,4256331.0,0.5610336661338806
CHN,1995,,83.7832971610429,0.219237328483813,50.3466668288526,,8.35141666666667,,4.85635899646063,11.0154136659719,2807.88647301744,,39.3812636762869,,,16.7912268492666,39.092189056179,70.363,,,1204855000.0,-1.39973947009439,,6.32825586255357,,,,48.9643783569336,,,34.1049521589323,3.0,29.0403804779053,3.17807321635462,9.01297366456417,9.07738095238091,0.40296414494514465,2.138093948364258,0.08416619896888733,699.202392578125,1240.920535,4310805.0,4257891.0,4657186.5,0.5673509836196899
CHN,1996,-0.3307815,88.9638086375131,0.833943624966418,49.647067613935,,8.314175,,4.62623979720429,9.97328781228394,3055.72827655781,-0.312828899999999,38.5813284832836,,,8.3131587270211,37.7768637845413,70.823,,-0.1153939,1217550000.0,3.35310550511701,-0.3310381,7.71067045739524,,0.56014,-0.5345321,52.3077697753906,,,33.6287512313005,3.12,30.4798641204834,3.58623401800118,6.43102237277841,6.52609569372579,0.3909872770309448,2.1720845699310303,0.09356456995010376,705.6328125,1251.636186,4589980.5,4580774.5,4990733.0,0.588390588760376
CHN,1997,,96.1109753817389,3.81946407941415,48.6758097133644,,8.28981666666667,,4.69530688267996,9.29759460595947,3305.83025665988,,39.5469344798754,,,2.78646505531882,35.7413524462449,71.227,,,1230075000.0,6.87880490023913,,15.3584570935983,,0.63467,,54.7360382080078,,,34.3135763220021,3.23,31.9099540710449,3.99678915639295,9.47428529362406,5.55412988949405,0.37909939885139465,2.206615447998047,0.10359133780002594,713.3764038085938,1261.9960119999998,4769033.0,4742227.5,5274995.0,0.588529646396637
CHN,1998,-0.433518399999999,104.374364546684,3.0345158579566,47.7933222416058,,8.27895833333333,,4.40097362165008,7.92354535108497,3533.69839702638,-0.438168399999999,38.1766453804451,,,-0.773186011549318,34.9859486932226,71.601,,-0.354856599999999,1241935000.0,7.27934860166874,-0.392084799999999,15.3155648378232,,0.64185,-0.496681799999999,,,,32.1717399357488,3.24,33.3501663208008,2.78125282205437,4.5071475292704,5.09729149331442,0.3454538583755493,2.2416954040527344,0.11583667248487473,721.1416015625,1271.98235,4791249.5,4759017.5,5305999.5,0.5924127697944641
CHN,1999,,109.399598813293,1.91286225540032,47.0320057938311,,8.27825,,3.71556393762674,7.74123827728161,3774.42758274469,,36.3928397912428,,,-1.40147268276465,34.2336141056633,71.952,,,1252735000.0,7.16118556375382,,13.6364945397097,,0.74295,,58.6365814208984,,,33.2255380760054,3.25,34.7797050476074,3.57856819120765,5.32456715779929,3.04194667094533,0.33565372228622437,2.2773330211639404,0.1287490278482437,728.7011108398438,1281.5148319999998,5090989.0,5037556.5,5573186.0,0.6062768697738647
CHN,2000,-0.5104071,109.994877039067,1.67667411710879,46.1167405203608,96.7,8.27850416666666,,3.43984725315719,8.57357328926101,4065.86707804429,-0.4964127,35.5826474435708,,,0.347811226864587,33.6326827140045,72.288,,-0.2665282,1262645000.0,3.66081179161702,-0.276320399999999,10.9413586396921,,0.88409,-0.6100298,59.4924812316895,,,39.0109424774998,3.26,36.4320234662299,4.56720186018067,11.7816277096899,3.43351563418764,0.34589576721191406,2.313537359237671,0.1425420492887497,735.72314453125,1290.550765,5517329.0,5420106.5,5962253.0,0.5919618010520935
CHN,2001,,108.774792189184,1.28417196444636,44.9693136545846,97.0,8.27706833333333,,3.47245235578959,8.32404695347056,4372.43560608339,,37.0775585847377,,,0.719125609120114,35.523858010134,72.675,,,1271850000.0,3.57012659422974,,12.6317565159013,,0.92948,,62.2098388671875,,,38.0826469518334,3.8,37.6597442626953,2.02994447591411,0.665655850400682,3.83657262052543,0.35735371708869934,2.329683542251587,0.15812347829341888,742.6759643554688,1299.129752,6042161.5,5898086.0,6370915.0,0.5880331993103027
CHN,2002,-0.5858007,115.979390472452,2.37759984341841,43.533674132168,97.2,8.2769575,,3.56241418263928,9.23604870383861,4744.38182475307,-0.517367399999999,38.6609215616113,,,-0.731970902350244,36.0687816828708,73.034,,-0.4590725,1280400000.0,4.63046407070193,-0.6181034,15.2992330754394,,1.04418,-0.6505266,62.8378982543945,,,42.1944423387413,4.24,39.0897827148438,2.31891535273219,2.75388195938507,2.90799688587762,0.3629510700702667,2.345942497253418,0.1761312633752823,748.6954345703125,1307.352257,6659621.5,6458509.0,6969823.0,0.6032833456993103
CHN,2003,-0.5215173,123.908441331551,2.55665409110255,42.0909788399502,97.4,8.27703666666667,,3.43849537731211,10.1138119025242,5191.78118308167,-0.505060899999999,42.1609224814857,,,1.12760348729637,39.4280130265115,73.385,,-0.5750816,1288400000.0,2.59456449839418,-0.5718516,11.442740318432,,1.10465,-0.7507446,64.0541305541992,,,51.0774801301803,4.58,40.5302314758301,3.07416318395302,4.25941501920559,3.02504526252236,0.36780601739883423,2.3623151779174805,0.19969677925109863,753.5504150390625,1315.303521,7292070.0,7056661.5,7496914.0,0.5981279611587524
CHN,2004,-0.6390924,116.911160094503,3.47450259619584,40.6938368166364,97.7,8.27680083333333,,3.43299015092913,10.1404291872206,5684.3881718733,-0.3548072,45.3715794530289,,,3.82463743108159,41.6343741627493,73.727,31.5101594673259,-0.449434399999999,1296075000.0,-1.30997356284343,-0.3199809,12.904400622439,,1.19732,-0.7216823,,,,58.6403340408439,4.49,41.7600135803223,4.49537859755031,10.211060301273,3.51799903099596,0.38450273871421814,2.3788018226623535,0.22718465328216553,758.6143188476562,1323.084641,8149844.0,7876309.5,8225812.5,0.5728844404220581
CHN,2005,-0.667396,110.318412911549,5.71199843031159,39.2449238610193,97.9,8.19431666666667,,4.49218509012467,11.4535130030645,6298.29929808598,-0.4690918,45.5417056569754,,,1.77641407667571,40.178086700104,74.085,31.6564574964127,-0.5590294,1303720000.0,1.76079869323097,-0.275588599999999,14.1697653869492,9.49384352908653,1.29008,-0.8350576,,8.45243795005463,93.8,61.3600749408237,4.52,42.9899978637695,4.0591513939051,6.97010195405532,4.10725070715931,0.39891985058784485,2.3954036235809326,0.257956326007843,763.2120361328125,1330.77638,9151640.0,8767904.0,9019761.0,0.5682186484336853
CHN,2006,-0.6865856,107.618484093695,8.30532573537484,38.2094413932748,98.2,7.97343833333333,,4.44499743873593,12.6752842281595,7057.11131595304,-0.3960377,47.7875413024031,,,1.6494309945586,39.6897003482818,74.404,31.9945213596647,-0.5305461,1311020000.0,2.01992596667161,-0.1592207,15.3932049867437,9.98232532896274,1.34923,-0.8515222,74.0575637817383,8.9294828249282,94.9,63.5695798621627,4.43,44.3430099487305,4.48913510541222,8.49180561935788,4.26717463390264,0.4097009301185608,2.404458522796631,0.29095739126205444,767.2093505859375,1338.408647,9971915.0,9562662.0,9982318.0,0.5573593378067017
CHN,2007,-0.614178,104.210464888538,9.79958953536148,37.7081137948543,98.5,7.6075325,,4.33537500236917,14.1507710506103,8013.78375739131,-0.245126899999999,49.7906549255041,30.2374939097036,,4.81676767378834,40.2220879226288,74.789,31.9005932714931,-0.5003284,1317885000.0,-0.410439106694471,-0.1438419,18.0957914112379,16.485030292177,1.35321,-0.72761,78.1607131958008,9.62573731753299,93.9,61.2664640006176,4.35,45.8892440795898,4.43123376835285,6.65749601979584,4.81023704342912,0.4236558675765991,2.4135477542877197,0.32557213306427,771.0383911132812,1345.993888,10874190.0,10522240.0,10976751.0,0.5530818700790405
CHN,2008,-0.506852299999999,100.407960956815,9.01086996317632,37.4043264852973,98.8,6.948655,,3.67520717506325,9.66877608164454,8743.7020031299,-0.1403096,51.2655667529843,29.4319344493349,,5.92525137041092,41.9607249432501,74.833,31.6169791482305,-0.553233499999999,1324655000.0,-2.36239428334508,-0.0727936,19.1459316518489,10.9032714208101,1.4233,-0.694980199999999,82.6792526245117,9.94341352833548,88.9,56.7111330003209,4.59,46.9895057678223,2.0916044806491,2.97004947697062,8.94995335353387,0.42011120915412903,2.422671318054199,0.3654140830039978,774.4563598632812,1353.5694839999999,11516746.0,11210087.0,11616248.0,0.5520761609077454
CHN,2009,-0.5795465,122.30114770831,4.68740638141982,37.2567349884096,99.1,6.83141605176666,,2.52538984334254,9.40610014336416,9518.68128351945,-0.148319999999999,49.8735875934712,31.9775769727453,,-0.728165250932898,44.9282638913962,75.317,31.0611528606438,-0.310643499999999,1331260000.0,5.39966609090969,-0.139326099999999,25.389762462257,11.4651971465208,1.6366,-0.7010099,88.2874984741211,10.1348503817539,96.6,44.4197644331119,4.72,48.3417053222656,-1.33303814192499,-9.59622731679175,2.86044855902674,0.4133411943912506,2.4318294525146484,0.4190276265144348,777.6272583007812,1361.1694189999998,12460865.0,12166251.0,12577917.0,0.552654504776001
CHN,2010,-0.5891592,124.425608463989,3.8402567341525,37.2410832935716,99.7,6.77026902870939,,3.93541996731512,10.5916903885704,10476.1525652407,-0.1269778,50.7951259924622,32.1501169663397,,3.17532475269199,46.1023443345586,75.668,31.0748956423241,-0.6176124,1337705000.0,-1.05008587192501,-0.1275767,21.8294857327459,11.0399710818906,1.68456,-0.7004332,90.7829173331445,10.0382796577366,87.0,49.8540722338977,4.53,49.2340270628041,4.52085213873784,11.8470983952319,3.32634463368643,0.4220733940601349,2.4410219192504883,0.47935402393341064,781.0355224609375,1368.8106149999999,14093089.0,13847619.0,13947309.0,0.5482550859451294
CHN,2011,-0.440116499999999,121.167093127879,1.77399724587567,37.3648666288389,99.9,6.46146132655007,,3.65069190228423,9.46205248298186,11404.9179835542,-0.104167,48.6410622284448,30.5004796644425,,5.55389892257493,46.2703012824496,75.889,31.5623565182378,-0.6326472,1345035000.0,-1.34736009365721,-0.0991737999999999,19.1307572380525,11.0626224007863,1.75244,-0.5970818,92.0329425203903,10.1512000219484,83.8,49.9458272253643,4.55,51.8300285339355,3.31431839310667,5.51788947035175,4.80063594169405,0.42415735125541687,2.4754698276519775,0.5422490239143372,784.7133178710938,1376.497639,15149280.0,14969009.0,14918415.0,0.5499829053878784
CHN,2012,-0.5068203,126.819734509975,2.48328422404794,37.7155563230657,99.9,6.31233282683186,,2.78099138181613,7.8578201481217,12217.9343813101,-0.132009799999999,48.1956233738576,30.8618085179503,,2.61952432645541,45.8169211701107,76.2,31.0143036500115,-0.6177714,1354190000.0,3.51196421926532,-0.2489079,19.0830480218235,10.9572673113543,1.88095,-0.691498899999999,92.2603063015232,10.0894667610088,86.1,47.4802130784317,4.58,53.1003112792969,2.74743359443485,2.74285501350239,3.72532666110646,0.4326445162296295,2.510403633117676,0.6101609468460083,788.2928466796875,1384.206401,16314193.0,15920895.0,15416000.0,0.5603400468826294
CHN,2013,-0.4580204,131.939045697462,1.52111320885029,38.2392971679035,100.0,6.19575834608231,,2.98598708261986,7.77842954757257,13080.8787864744,-0.1410284,47.0363460228068,31.5855813292794,,2.62105001748115,45.9224093546636,76.452,30.1275021518721,-0.5627312,1363240000.0,3.61856200335179,-0.262571999999999,19.5432820448992,10.762086414812,1.96246,-0.795021299999999,,9.7321625039509,87.2,45.9160413795571,4.6,54.4900016784668,2.88974765617324,3.15001331842582,2.65167342916577,0.4247879981994629,2.545830488204956,0.6821633577346802,791.6427612304688,1391.88333,16716764.0,16563043.0,16562428.0,0.5711438059806824
CHN,2014,-0.3014404,137.623726308462,2.21130586371267,38.8789249288739,100.0,6.14343409448867,,2.51155883670463,7.46100735778161,13968.5187785922,0.4896286,47.2736238197056,29.7037271802947,,1.92164162788521,45.3115352657107,76.714,29.8300397890826,-0.523856099999999,1371860000.0,4.45937542503393,-0.1691285,18.9654201864734,15.5234236261726,1.98475,-0.6904443,,9.49826837509792,89.6,44.0684564812532,4.63,55.7502555847168,3.16849193058366,3.47031825748584,2.39371597209796,0.4248502850532532,2.57462215423584,0.7564389705657959,794.6456298828125,1399.453965,17440318.0,17369238.0,17711682.0,0.578006386756897
CHN,2015,-0.1750814,149.628832038708,2.59752794949746,39.6093613191235,100.0,6.22748867298455,,2.14957284731563,6.98162255562367,14857.1088234405,0.5336101,45.1016053776732,30.4312672747562,,1.43702380935655,42.7349872564364,76.975,28.3889960582852,-0.5462433,1379860000.0,4.20973314897109,-0.1789518,17.935784855181,15.7312275700006,2.01703,-0.6620808,,9.19468038601503,100.0,38.6971848362625,4.65,57.3297843933105,3.12721325699906,3.3526080435236,1.43702380935655,0.42758530378341675,2.5990278720855713,0.8342528939247131,797.3352661132812,1406.8478699999998,18058634.0,17985756.0,18379366.0,0.5831686854362488
CHN,2016,-0.092968,153.192761827313,1.67018709565352,40.4406557797685,100.0,6.6444778294468,,1.52539470315394,6.7736886867727,15772.8372607502,0.543189,43.8678663976574,30.2545232296357,,2.00000182191943,42.1386166189127,77.214,27.5237594259275,-0.501441799999999,1387790000.0,2.82893835409996,-0.147913799999999,16.7160982737837,15.326073498047,2.0595,-0.6211726,,8.94556190414739,99.8,36.177170692978,4.56,58.8399238586426,2.78974074234593,2.55312687440671,1.59691227583204,0.4275972247123718,2.6236650943756104,0.9155169725418091,798.5303344726562,1414.049351,18619490.0,18591710.0,19132416.0,0.5862529277801514
CHN,2017,-0.0492492,152.089747458443,1.50488723669316,41.5109449386089,100.0,6.75875508633597,,1.32468971748482,6.89123916636191,16758.0463976858,0.5787617,44.3202552812278,30.9118639785891,,1.59313600071436,42.5497375507577,77.235,27.5998559245177,-0.203288,1396215000.0,0.195831844025431,-0.0708427,15.4175323187252,15.595511924101,2.07771,-0.5354403,,9.24872439343925,94.3,36.95085261586,4.47,60.2402687072754,3.44658623167955,5.17026302354977,2.22314331448899,0.43611690402030945,2.648535966873169,1.0,799.1860961914062,1421.021791,19687162.0,19687162.0,19687162.0,0.5862529277801514
CHN,2018,-0.0701512,154.991560224764,0.170563391928727,42.5408726929072,100.0,6.61595717735439,,1.66361992284408,6.757806142324,17807.0490552244,0.5311035,43.7715764233009,31.5481478595353,,2.07479039965576,43.313827489682,77.709,27.34341880328,-0.237003599999999,1402760000.0,0.853565072603339,-0.0905581,13.1417391678264,16.2403554427458,2.10232,-0.5204445,,8.89089034445248,91.5,36.8943843914718,4.31,61.5001983642578,3.28663086462807,4.12857650045815,2.44258329692817,0.41347578167915344,2.67364239692688,1.0898609161376953,799.306640625,1427.647786,19634244.0,19729128.0,19841296.0,0.5862529277801514
CHN,2019,-0.0496157999999999,162.207566232758,0.619961080716059,43.3873633674887,100.0,6.90838500992901,,1.28549226847992,6.06737806333672,18820.5871645645,0.6706547,43.2925997301417,30.8186302968419,,2.89923416358227,42.6695374085222,77.94,26.2594662949297,-0.138588699999999,1407745000.0,2.99400114142806,-0.0619233999999999,13.6333355975394,15.7907279889576,2.20144,-0.5515574,,8.32942550168391,92.7,35.4544350281407,4.56,62.7099151611328,2.680308747553,1.27890715448402,2.20607305781525,0.40345701575279236,2.6989870071411133,1.1822779178619385,798.8077392578125,1433.783686,20118076.0,20257660.0,20572606.0,0.5862529277801514
CHN,2020,0.0531167,179.104100221958,1.49179592498582,44.0923748389161,100.0,6.90076726944925,,1.68770756292082,2.33950385203023,19215.1012491012,0.5674972,43.4998633494291,31.2766154241293,,2.41942189457782,42.5723735094229,78.019,25.5809804288007,-0.302661299999999,1411100000.0,3.79916555206627,-0.0666201,14.4970336212148,13.7961540297522,2.35712,-0.5093696,,7.92409749807608,98.5,34.337778473884,5.0,63.5234230266258,-2.88621185457086,-8.51501859309677,1.90509722047501,,,,,,,,,
CHN,2021,0.0556852,173.554518720488,1.6339546037037,44.4827701882176,100.0,6.44897518024316,,1.8903454142588,8.57038414981781,20843.2978347377,0.6669456,44.679938707538,30.2190732796596,,0.981015135544882,42.6822612949312,78.117,26.621932558827,-0.259168,1412360000.0,-0.118282146188387,-0.0246937,11.4763094263764,14.6241117527941,2.38165,-0.5386195,,7.79829641266187,89.2,36.6428789643754,4.55,64.721076965332,6.48508887596752,9.98381025527803,3.47540320289875,,,,,,,,,
CHN,2022,0.0432332,181.785162429715,2.20640460953834,44.7256128180315,100.0,6.73715811237119,,1.03841365474349,3.13385438394069,21499.3125559757,0.5292387,44.8335710565362,27.7650612563156,,1.97357555739051,42.3554333470499,78.202,25.9806695043084,-0.249058199999999,1412175000.0,2.36955382500776,-0.0908271,11.0459629699848,14.6559605630141,2.4945,-0.563864399999999,,7.51799464421188,89.5,37.512555678171,4.98,65.2176361083984,3.44001097265647,7.04279770032062,8.08169507021982,,,,,,,,,
CHN,2023,0.1138225,189.606708989308,1.40681103517507,44.7297141014082,100.0,7.08399842343631,,0.280991103634816,5.41600334492955,22687.2519534328,0.7776287,42.5717088559186,26.5682136542881,,0.234836828893051,41.1297102455381,77.953,25.0144267929987,-0.174451499999999,1410710000.0,4.88153902941754,-0.0818839,11.4423012102454,15.0661250338704,2.57729,-0.552260699999999,,7.6382330077989,90.2,36.7391496938394,4.67,65.5301448035523,2.85938493335973,0.761537454221255,5.79944107391962,,,,,,,,,
CHN,2024,0.0886811,194.312528264561,2.46818591485776,44.2441142865473,100.0,7.19749110789917,,0.227695125306895,4.95830378788091,23841.4769141817,0.8957842,42.7150109198495,26.2777380479223,,0.218128938439177,40.4815134449629,78.017,24.8415841892631,-0.153336399999999,1408975000.0,5.15344182022933,-0.0712903,11.0155252612111,14.9328173497711,,-0.579319799999999,,7.01806095279297,84.7,37.9560601372544,4.59,65.8946980998325,2.90001340156714,2.86531604224305,3.01447576977999,,,,,,,,,
DEU,1990,,,2.61258287267844,44.8311985023753,100.0,1.61573333333333,11.3487468963905,0.143783444028002,5.25500610110028,42355.2860956177,,24.7636429702671,,10.7739562745978,2.69646824292392,25.2643366002088,75.0856341463415,,,79433029.0,,,2.72304168886645,24.3202523113232,,,,9.79639199253197,,45.6889546847935,,80.0133210327747,2.70835661034906,5.27155007050217,8.06346090938833,0.844700276851654,3.4302666187286377,0.5655325055122375,39.5477294921875,79.053984,2161114.25,2221450.25,2817478.5,0.6681209206581116
DEU,1991,,,,45.2646079952826,100.0,1.65954166666667,11.0247573637762,0.252013457280364,5.10826150190911,44195.7164731544,,,,10.9016297527457,4.04703259753466,26.2249546057137,75.319512195122,24.6243740614849,,80013896.0,,,,28.4717989959852,,,,11.5872606982866,,47.6354131979568,5.316,80.0196919828142,1.22518126757618,2.92537855288582,8.99693873494331,0.9029870629310608,3.4436352252960205,0.5899139046669006,38.64250183105469,79.49083499999999,2307449.0,2344616.25,2961403.0,0.6681209206581116
DEU,1992,,,,45.4946502546562,100.0,1.56165,-0.343321654988358,-0.0975726582093,2.01361340926105,44744.1399691155,,,,2.82420832556365,5.05697796731731,25.6374386656452,75.819512195122,23.1660516173555,,80624598.0,,,,29.3997859511431,,,,11.700050880466,,44.6840440028306,6.323,80.026055776091,2.06322489260802,3.36115645327708,7.63610852336974,0.8859407305717468,3.4570555686950684,0.6124705076217651,38.07052230834961,79.96315899999999,2365787.5,2428830.0,3018352.75,0.6762937903404236
DEU,1993,,,,45.7542790612997,100.0,1.65332083333333,-7.61039669222311,0.0177125026088293,-0.973033082340891,44018.4380932542,,,,-8.15583078327357,4.47457650752808,24.1533795395313,75.8707317073171,21.0481750827956,,81156363.0,,,,29.3767284646113,,,,11.4183937086733,,39.7493939704326,7.675,80.0325583093694,1.85802699127092,3.56355749103992,7.14458706876257,0.8934074640274048,3.4705281257629395,0.6271566152572632,37.5483283996582,80.428556,2386079.5,2454800.0,2988868.0,0.6779438853263855
DEU,1994,,,,46.0852432578517,100.0,1.62279416666667,7.76271088804008,0.322058638751102,2.59685569693275,45005.1589836478,,,,7.99511870735972,2.69305639854954,24.5513106495033,76.2707317073171,20.5015723441529,,81438348.0,,,,30.0092490832526,,,,11.6240302064178,,41.0957443335763,8.727,80.0393454794137,3.41622758531712,8.90351962923714,10.2479355556119,0.9063427448272705,3.484053373336792,0.6418832540512085,37.62234115600586,80.832937,2485637.25,2551067.0,3060358.5,0.6618257761001587
DEU,1995,,,,46.3029082659604,100.0,1.4331325,6.48002537552142,0.463719193036007,1.50499384201356,45548.4181139802,,,,6.49901071966168,1.70616041317076,24.4770596811461,76.4219512195122,20.2170606285495,,81678051.0,,,,30.0058423205065,,,,11.444000568442,,42.6061486475818,8.158,80.0465631829882,3.17807321635462,9.01297366456417,9.07738095238091,0.9259399175643921,3.497631549835205,0.6572555303573608,37.81583023071289,81.13865899999999,2559321.0,2642739.75,3107615.0,0.6611482501029968
DEU,1996,2.0380023,,,46.3993024862644,100.0,1.50477416666667,5.76070843171198,0.262216034922948,1.0378755674358,45888.1269604813,1.778071,,,3.95330248880714,1.44972701963239,23.460405691293,76.6731707317073,19.733013232671,1.2778169,81914831.0,,1.1551753,,29.7638134151906,2.13663,1.6971005,,10.8612643630481,,43.903586095325,8.822,80.0543573168571,3.58623401800118,6.43102237277841,6.52609569372579,0.9220811128616333,3.5112621784210205,0.6739561557769775,37.80739974975586,81.323664,2586794.0,2678939.75,3132656.75,0.6581737399101257
DEU,1997,,,,46.4728155269079,100.0,1.73405583333333,12.1229048210091,0.551860657726695,1.85432238398302,46670.7053500672,,,,9.21388383776407,1.93936968221574,23.4050264846125,77.0731707317073,19.8946207261156,,82034771.0,,,,29.7768887442939,2.18161,,,10.6964792240669,,48.380321068738,9.861,80.0628737777848,3.99678915639295,9.47428529362406,5.55412988949405,0.9533687233924866,3.5249462127685547,0.6920139789581299,37.77033233642578,81.39925099999999,2702433.75,2767329.5,3188799.0,0.6465569138526917
DEU,1998,2.0103729,,,46.5512577287444,100.0,1.7596676,7.52366662515502,1.09412180309305,2.09561231172233,47641.5271845024,1.6538926,,,9.34797858015786,0.911184687196224,24.0608017564073,77.4756097560976,20.0870291893923,1.2564576,82047195.0,,1.2215808,,29.5102630160559,2.20748,1.6810298,,10.7927073495161,,50.1554657792327,9.787,80.0722584625357,2.78125282205437,4.5071475292704,5.09729149331442,0.9745524525642395,3.5386836528778076,0.7146527767181396,38.21792984008789,81.402673,2839403.5,2862586.0,3253019.5,0.63981693983078
DEU,1999,,,-1.42714302469412,46.8135325768876,100.0,0.938283072395283,5.0973123612236,3.88620516447701,2.12957016297766,48624.6484373602,,22.2903599628706,,8.76255672024331,0.585434192138622,23.7583524291849,77.7268292682927,19.7435058057807,,82100243.0,,,1.65147623505502,30.1496216132946,2.32772,,,11.4113920394369,,51.519227436406,8.854,80.0826572678738,3.57856819120765,5.32456715779929,3.04194667094533,0.9966232776641846,3.5524744987487793,0.7393749356269836,38.807254791259766,81.389927,2957202.0,2978213.0,3314412.25,0.6451754570007324
DEU,2000,1.7250859,,-1.76650413580914,47.3064908238215,100.0,1.08270508132602,13.5361567610633,12.6085323042305,2.8765231247659,49955.6461286496,1.7619844,22.1428746033825,,10.5914724482264,1.44026838719741,23.9639660790924,77.9268292682927,20.2840359494004,1.3500041,82211508.0,,1.603699,1.49405907360723,30.0072312012246,2.38654,1.6877899,,11.6587154757097,,59.1955992975405,7.917,80.0942160905637,4.56720186018067,11.7816277096899,3.43351563418764,1.0112342834472656,3.566318988800049,0.7651298642158508,39.60311508178711,81.400882,3026260.0,3035471.75,3410944.5,0.6542061567306519
DEU,2001,,111.240170458005,-0.447670510485843,47.7886305160811,100.0,1.11653308564462,5.47572768443115,2.89610853662771,1.63614170690956,50687.6500447924,,22.286545185655,,0.710732355978323,1.98385731334471,22.7645716524028,78.3292682926829,20.0863572804744,,82349925.0,,,1.44678990836892,29.0723424412329,2.3792,,99.554801940918,10.9562611305698,,59.5592863682118,7.773,80.1070808273695,2.02994447591411,0.665655850400682,3.83657262052543,1.0343120098114014,3.5749263763427734,0.7858603596687317,39.451438903808594,81.453885,3077437.5,3076616.0,3468298.75,0.6412127017974854
DEU,2002,1.8103024,110.165745012493,1.71466761160357,48.208752521652,100.0,1.05755899623965,4.01325518462865,2.43861371432105,-0.228255715793637,50486.998248551,1.7461478,21.8319485569337,,-3.10515182931059,1.42080615551526,20.151752302821,78.2292682926829,19.4763331174439,1.0125434,82488495.0,,1.6601953,1.53474790667413,28.9525313039724,2.40856,1.6964095,100.853607177734,10.8344127806563,,58.3325687248129,8.482,80.1213973750556,2.31891535273219,2.75388195938507,2.90799688587762,1.0397334098815918,3.58355450630188,0.799590528011322,39.233551025390625,81.535122,3073665.5,3065723.0,3461432.5,0.6359941363334656
DEU,2003,1.8885223,108.505942047742,1.25843057921389,48.658252887585,100.0,0.88404792718493,1.64601644275264,2.5802310174772,-0.529801394291297,50191.7219389611,1.5716359,20.7987256539142,,4.93444997229314,1.03422218628562,19.5766263092364,78.3804878048781,19.5529741477412,0.7285007,82534176.0,,1.4997507,1.35954327048374,29.4980386556647,2.44232,1.6968919,101.226783752441,11.0075820796944,,58.9145442942507,9.779,80.1373116303862,3.07416318395302,4.25941501920559,3.02504526252236,1.0299420356750488,3.592203378677368,0.8099645376205444,38.8254508972168,81.61438,3118041.25,3140563.5,3437198.5,0.6338881254196167
DEU,2004,1.7933498,105.024726999965,4.26675296375958,49.2978926675002,100.0,0.803921647747618,11.1265891488927,-0.715503012520614,1.16208684507278,50786.0176463275,1.5450395,23.2744527694923,,6.87142062931014,1.66573696655992,19.0213864564072,78.6804878048781,19.7896242542651,0.7052146,82516260.0,,1.4377554,1.17945114546741,28.2726860412378,2.40278,1.6707882,101.377777099609,10.480323064578,,62.9064909465164,10.727,80.1549694901257,4.49537859755031,10.211060301273,3.51799903099596,1.0216546058654785,3.6008732318878174,0.8202996253967285,38.97291564941406,81.646474,3207702.75,3231047.25,3477588.25,0.6196286082267761
DEU,2005,1.9288145,103.75352043032,4.39898942956011,50.0417234262092,100.0,0.803800192161442,6.56534021577666,2.06799391408494,0.885485292551564,51264.8193748941,1.6484947,23.129737762896,,5.97499655565919,1.54691114751328,18.7355259254163,78.9317073170732,19.7693607543503,0.993342,82469422.0,,1.5056287,1.1273958866672,28.1351071285758,2.40266,1.6632518,101.436492919922,10.7118256360423,98.8,66.9531024934321,11.193,80.1745168510383,4.0591513939051,6.97010195405532,4.10725070715931,1.0367770195007324,3.6095640659332275,0.8329764604568481,38.923667907714844,81.602741,3328034.25,3391866.5,3503034.0,0.6128906607627869
DEU,2006,1.7295898,100.341277234171,5.52590473247801,50.8443822110813,100.0,0.796432730949102,11.9394209107842,2.87049561649648,3.86668241523209,53307.1623767517,1.6976514,25.4124028806579,,10.6480769634282,1.57742642840563,19.897946566207,79.1317073170732,20.3388454277918,1.0364686,82376451.0,,1.5062382,1.07560897197929,27.8950448853754,2.43043,1.6705656,102.486396789551,10.9320825330355,95.4,72.7591934646234,10.277,80.1960996098884,4.48913510541222,8.49180561935788,4.26717463390264,1.0189151763916016,3.6182756423950195,0.8501912951469421,39.186344146728516,81.47222599999999,3453487.0,3470312.0,3636725.25,0.5984931588172913
DEU,2007,1.6554474,95.4983439670839,6.5154572948782,51.4612503536768,100.0,0.729672399984083,8.55116282163179,1.4594247021417,2.8891174138025,54920.6589299724,1.7597094,27.2815886848229,15.4623925898068,5.95402921770906,2.29834400700951,20.7873433455798,79.5341463414634,20.5298911974573,1.0605417,82266372.0,,1.5280349,1.09840249102652,27.6698712149224,2.41918,1.7387655,102.009773254395,11.4680869476284,95.7,74.8838416816798,8.732,80.2198636634402,4.43123376835285,6.65749601979584,4.81023704342912,1.029703140258789,3.6270084381103516,0.8681989908218384,39.81446075439453,81.27783,3630573.25,3665398.5,3744970.75,0.590178906917572
DEU,2008,1.688208,95.4017333003769,5.40768664904885,51.8149987679722,100.0,0.679922680042729,1.54888655282302,0.81284475683707,0.887902330743628,55513.7558858315,1.737643,26.2930562800493,15.076241600562,1.67276555592524,2.62837981637219,20.8867329914107,79.7365853658537,19.7585042946302,1.008294,82110097.0,,1.3519451,1.03764539699617,27.9511678922326,2.57152,1.6322926,103.240730285645,11.6265911759254,93.9,76.1131665945746,7.508,80.2459549084581,2.0916044806491,2.97004947697062,8.94995335353387,1.0109838247299194,3.6357622146606445,0.8851812481880188,40.3453254699707,81.065752,3636694.5,3750630.75,3780918.0,0.60460364818573
DEU,2009,1.6821928,96.8593447395117,5.66039528537592,52.1578637771433,100.0,0.716957702016136,-14.5019069493192,1.63004671127687,-5.54455451920674,52568.797424995,1.7720019,23.5760803801349,16.7942910292468,-10.0642682882484,0.312739007368447,18.0064315128089,79.8365853658537,17.3389014302498,1.0301906,81902307.0,,1.4048295,1.72034649907669,28.965103830439,2.68864,1.6083385,103.314292907715,11.8345449223527,99.8,66.1391275757126,7.88,80.2745192417062,-1.33303814192499,-9.59622731679175,2.86044855902674,0.9668653607368469,3.6445372104644775,0.8911820650100708,40.42920684814453,80.89996099999999,3466080.75,3498118.0,3565638.5,0.6264617443084717
DEU,2010,1.6517124,86.7703784709742,5.58814592773644,52.117530215009,100.0,0.754308990105961,14.1045298596218,2.48154528887853,4.13463778522758,54826.255453315,1.538577,25.061745174062,16.8896855327149,12.4767765585892,1.1038103778926,19.5310600093299,79.9878048780488,19.4277050847717,0.9300893,81776930.0,,1.4217684,1.8614384405798,28.017826143481,2.67632,1.6169218,104.891357421875,11.3044209753524,96.5,73.8852351200263,7.043,80.305702559949,4.52085213873784,11.8470983952319,3.32634463368643,0.9501263499259949,3.6533331871032715,0.9021100997924805,40.63188171386719,80.827002,3612950.75,3672402.0,3714678.5,0.6159981489181519
DEU,2011,1.6649059,83.2493965947192,6.09171549435117,51.7462351755806,100.0,0.718413898653317,7.90277264674211,2.55089499875415,3.75796884489337,57950.9589729677,1.645879,27.3804200252678,16.3417186285114,6.67090188059049,2.07517283735874,21.2669872693317,80.4365853658537,20.1229017332202,0.895856,80274983.0,,1.472517,1.73238224101184,28.4908861229527,2.75016,1.5919362,105.34651184082,11.7508036302609,93.8,78.433002901442,5.967,80.3405762928198,3.31431839310667,5.51788947035175,4.80063594169405,0.9631972312927246,3.655776262283325,0.9168268442153931,41.224578857421875,80.855632,3764469.25,3861188.25,3860486.5,0.6160508990287781
DEU,2012,1.6570716,82.1912777571376,7.01984446991475,51.5805062735217,100.0,0.778338120416812,2.59225689681315,1.8196411156431,0.463512036709204,58110.3768512245,1.7583687,26.4802539661911,17.2272861923698,-0.416914881938752,2.00848884782956,19.4724714926695,80.5390243902439,20.0472978765968,0.9668035,80425823.0,,1.5033775,1.99204911526836,28.7461775885228,2.82499,1.6179786,104.442237854004,11.9144565745477,93.2,79.3316495670315,5.372,80.393447520218,2.74743359443485,2.74285501350239,3.72532666110646,0.9394164681434631,3.6582205295562744,0.9292181134223938,41.677947998046875,80.972628,3734986.0,3830993.25,3876642.75,0.6284950375556946
DEU,2013,1.6261055,80.6847771482794,6.55719316810853,51.6197490623175,100.0,0.752945122701996,0.474457033007482,1.76515036525359,0.396995583779145,58182.0766176953,1.8105078,26.339387294457,17.2979906043683,1.7822973412281,1.50472330251876,19.7883815690324,80.490243902439,19.7600541430605,0.9567087,80645605.0,,1.4776207,1.54982493519138,28.9264882364433,2.78067,1.6271661,103.935333251953,12.0952178281376,95.1,77.5860288576931,5.316,80.4732318400362,2.88974765617324,3.15001331842582,2.65167342916577,0.9309695363044739,3.6606667041778564,0.9397491216659546,41.996150970458984,81.17436699999999,3743099.5,3839727.75,3893606.5,0.6307671070098877
DEU,2014,1.7082916,77.7920367770492,7.19411093057004,51.8321732192251,100.0,0.752728196932603,4.33779904633182,0.437762571704246,2.18018602168017,59203.2340879963,1.9655186,27.389383046964,17.2097149731509,3.46691721410298,0.906794000434246,20.139488753447,81.090243902439,20.1102373285709,1.067265,80982500.0,,1.5568299,1.48007833557917,28.9254038405479,2.82218,1.7365653,103.303871154785,12.050213270698,97.6,76.8483516336234,4.979,80.57574023743,3.16849193058366,3.47031825748584,2.39371597209796,0.9323268532752991,3.663114547729492,0.9524822235107422,42.331260681152344,81.450378,3853405.5,3973957.75,3979637.5,0.6279784440994263
DEU,2015,1.7233648,76.5815039050479,8.09671429040112,52.1224069865761,100.0,0.901296423367096,4.87317167966323,1.82239938063641,1.66300602334775,59668.9890355282,1.9623466,27.624739160072,17.8243752766447,5.32712330731107,0.514426137125456,19.4978020945699,80.6414634146341,20.1379643216943,0.8311441,81686611.0,,1.6412186,1.53866263784816,28.8827449036776,2.87725,1.739872,102.192413330078,11.9885456247591,100.0,77.7565815686922,4.612,80.6974371632814,3.12721325699906,3.3526080435236,1.43702380935655,0.930548906326294,3.6655640602111816,0.9669467210769653,42.535579681396484,81.78741099999999,3920028.0,3931076.75,4039011.0,0.6291250586509705
DEU,2016,1.763112,75.9886830599554,8.90236036837271,52.5820458594372,100.0,0.903421436257263,1.98715322717844,1.64365840117303,2.22222216259371,60504.5857417161,1.9057837,28.6547979791762,18.0827014214761,3.74204682596707,0.491747008445174,19.7122567843741,80.990243902439,20.4130244960425,0.7945337,82348669.0,,1.6895096,1.62420238995537,28.8217362865039,2.88393,1.6848367,100.852310180664,11.8344647143693,102.0,76.0059902166055,4.104,80.8347870684725,2.78974074234593,2.55312687440671,1.59691227583204,0.9511167407035828,3.6680150032043457,0.9827460050582886,42.92736053466797,82.19376799999999,4066405.75,4048522.75,4129080.75,0.6296030879020691
DEU,2017,1.8222612,76.0590859587592,8.07873526112888,53.258253101446,100.0,0.885205508269372,3.85750851872689,2.88914588414184,2.797906720551,61965.4342904965,1.8901031,28.6566319463924,15.850578794452,4.13721445485855,1.50949485109628,20.6909762954118,80.9926829268293,20.092676209306,0.7022243,82657002.0,,1.6946666,1.62554687781984,28.9820017941202,2.9886,1.7028849,101.095642089844,11.9735022246491,100.6,77.4548394742448,3.781,80.9842544038853,3.44658623167955,5.17026302354977,2.22314331448899,0.9643374085426331,3.6704676151275635,1.0,43.59321975708008,82.65840899999999,4236518.5,4236518.5,4236518.5,0.6333663463592529
DEU,2018,1.9178103,76.6188414195566,8.43761219902204,53.8754552465607,100.0,0.846772667108111,2.55827209805651,4.00082875273687,1.13569604599849,62481.1183971045,1.8019092,30.0075324734044,15.7474335584013,5.02096268968633,1.73216879766942,21.6503641494105,80.8926829268293,19.8054472442,0.8239013,82905782.0,,1.6795515,1.45449826289867,29.2858536471726,3.05057,1.715527,100.837303161621,11.9511186565056,99.4,79.1252260463654,3.384,81.1423036204018,3.28663086462807,4.12857650045815,2.44258329692817,0.9437330961227417,3.672922134399414,1.0190348625183105,44.3060302734375,83.12441799999999,4256178.0,4263030.5,4290237.5,0.6419044137001038
DEU,2019,1.8768449,77.9656968065859,7.87471222403173,54.5379868593646,100.0,0.893276257067409,2.06947482390558,1.9056930139782,0.977734697038784,62949.8932511855,1.8881241,29.2651262058024,16.3869405629417,3.46925191936447,1.44565976888253,21.381259046499,81.2926829268293,19.3094694228334,0.7271723,83092962.0,,1.6651379,1.68680367954395,29.5495126198661,3.11256,1.7076622,101.152557373047,11.9024504704179,100.8,79.0732427175683,3.163,81.3053991689039,2.680308747553,1.27890715448402,2.20607305781525,0.9274857044219971,3.67537784576416,1.0379841327667236,44.795196533203125,83.517045,4274167.5,4275312.0,4314067.5,0.6419044137001038
DEU,2020,1.8713077,83.809378912227,6.34782686016016,55.295066596629,100.0,0.875506396987998,-9.48587967586583,4.48523547812751,-4.13191443239947,60299.5767710809,1.7812546,28.0207954478952,15.5031959869375,-8.13889426710104,0.144877925813982,21.7290304632077,81.0414634146342,18.52749571104,0.6840532,83160871.0,,1.5622145,2.2194147879826,29.5059871563036,3.0897,1.6271231,101.307800292969,11.1648583484027,101.8,72.9335327120137,3.881,81.4700055002738,-2.88621185457086,-8.51501859309677,1.90509722047501,,,,,,,,,
DEU,2021,1.8243293,82.7038241987432,6.92006966375342,56.2311272070142,100.0,0.84549413889045,10.1800002222362,2.93002168676674,3.90999994204108,62630.7748127737,1.8265941,29.5132406376345,15.3851048227765,9.33000033424265,3.06666666666673,22.6730557200041,80.790243902439,18.5726195842861,0.6603045,83196078.0,,1.6129105,1.99690469909918,29.2255467990463,3.0786,1.6349496,101.203536987305,11.4694189021112,99.1,79.9195348609851,3.594,81.6325870653934,6.48508887596752,9.98381025527803,3.47540320289875,,,,,,,,,
DEU,2022,1.8224098,81.079187544963,4.11376375249819,57.1621227360374,100.0,0.949623753156941,3.89362836455925,1.82269397984058,1.8092581243061,63777.9291029299,1.7792628,27.027321336362,17.4981505573659,7.56425452215119,6.87257438551097,23.2760146288029,80.6080487804878,18.3217735042199,0.5284799,83177813.0,,1.5636199,1.76085539632078,28.5689040179075,3.07096,1.5810518,100.81729888916,11.2560065573935,96.4,88.7857542130501,3.137,81.7867852780995,3.44001097265647,7.04279770032062,8.08169507021982,,,,,,,,,
DEU,2023,1.699403,77.253484574492,5.50327392607703,57.9918953896649,100.0,0.924839558470698,-1.41521776735212,1.99210813981277,-0.869647578573321,63140.1949099669,1.5613864,27.6337088938208,17.7818374796623,-1.40306119009635,5.94643667725823,21.994283425489,81.0414634146342,18.9402532641593,0.50602,83287273.0,,1.4741969,1.84235967804865,28.4183906847328,3.1539,1.5855645,100.603057861328,10.6875057770109,101.9,81.9625483787634,3.071,81.9034366692129,2.85938493335973,0.761537454221255,5.79944107391962,,,,,,,,,
DEU,2024,1.7734211,,5.89380863529108,58.9970399490838,100.0,0.923889546117607,-2.06468766789156,1.33680512940413,-0.495851897260366,62654.602264023,1.5462994,27.123558800475,17.9772990379432,-0.560586423345441,2.2564981433876,21.4994328905028,80.7926829268293,18.0067082931968,0.1242671,83516593.0,,1.4980615,2.17619726140455,29.3708896111546,,1.6257844,100.243698120117,10.890812364142,102.1,79.0907305894936,3.4,82.0211432579125,2.90001340156714,2.86531604224305,3.01447576977999,,,,,,,,,
FRA,1990,,,-0.790699531946191,51.7927794111704,100.0,5.445275,3.56846497902363,1.0482480186712,2.82962715326478,38655.8856842914,,23.5746331296661,,4.9443686999266,3.19428338029482,24.4166717434176,76.6,16.0260477551757,,58261012.0,,,2.39047333010139,38.5327550628543,,,,18.9060035959745,,44.5862869486888,,74.0675966432025,2.70835661034906,5.27155007050217,8.06346090938833,1.0209871530532837,2.8011343479156494,0.5327248573303223,23.659503936767578,58.235696999999995,1535612.5,1581094.75,1889867.125,0.6175705194473267
FRA,1991,,,-0.517748489885409,52.1717519577992,100.0,5.64211666666667,6.48893037823706,1.20359034786282,1.23666248297356,38937.9522513749,,23.2037793973606,,3.13512748140458,3.21340732409677,23.5809030570734,76.8487804878049,15.7401649192442,,58554242.0,,,2.01834068141603,38.9445529903618,,,,19.0732292787978,,44.9537001550562,9.134,74.2197862924166,1.22518126757618,2.92537855288582,8.99693873494331,1.0224605798721313,2.810061454772949,0.5507251024246216,23.685340881347656,58.512369,1553607.125,1586835.25,1909676.25,0.6189263463020325
FRA,1992,,,0.280170781675052,52.4882157469949,100.0,5.29381583333333,5.87246674118123,1.57156807831079,1.5160611169627,39331.9041920718,,22.546309235783,,1.75016885067917,2.36376046269356,21.8057009887396,77.1,15.4114451534123,,58846584.0,,,1.65428105069499,38.6812203281648,,,,18.6235360567864,,43.963354493583,10.203,74.4051122960444,2.06322489260802,3.36115645327708,7.63610852336974,0.9957281351089478,2.819016933441162,0.5674642324447632,23.526134490966797,58.773365,1572490.375,1615930.0,1940218.5,0.6174224019050598
FRA,1993,,,0.683954592617435,52.6875792751951,100.0,5.66323,0.295448003241589,1.5789947240431,-0.35899781051468,39020.6141584284,,21.2961089475221,,-3.37902415023261,2.10446277124642,19.2950345538123,77.3,14.8693038816269,,59103094.0,,,1.77533505746057,38.5717284549341,,,,18.5020170657823,,41.7256163123108,11.32,74.6168782336776,1.85802699127092,3.56355749103992,7.14458706876257,0.9886645078659058,2.828001022338867,0.5798112750053406,23.282968521118164,59.022518999999996,1563943.75,1612599.0,1928021.0,0.6193192601203918
FRA,1994,,,0.535080974263654,52.8489827950778,100.0,5.552045,8.10843617532362,1.1399094845552,2.38366086110145,39801.3888979817,,21.3981033981652,,8.76726577118671,1.65551532926999,20.0277093753549,77.6487804878049,14.4886732749034,,59324863.0,,,2.09838780408461,38.7763851983251,,,,19.1964876614466,,43.7513491504061,12.593,74.8499283532348,3.41622758531712,8.90351962923714,10.2479355556119,0.9960854053497314,2.8370134830474854,0.5927056074142456,23.411144256591797,59.265653,1599833.25,1645412.25,1973490.375,0.617228090763092
FRA,1995,,,0.679551477433415,52.9621580256401,100.0,4.9914825,8.62907338691241,1.48796470785062,2.30479278392259,40570.7169560557,,21.9729668295532,,7.03909311903404,1.79648142095589,20.1870996465323,77.7512195121951,14.7047163525134,,59541294.0,,,1.81008227998558,43.2864855103269,,,,19.5966740550192,,45.4316616938638,11.834,75.0991069026347,3.17807321635462,9.01297366456417,9.07738095238091,1.0080455541610718,2.846054792404175,0.605656623840332,23.65852165222168,59.508483999999996,1626450.625,1682645.0,2015065.75,0.6201577186584473
FRA,1996,1.408111,,1.2859310187773,53.0229185189154,100.0,5.1155225,3.98250076976313,1.37419707227678,1.39707987198881,40990.7395148125,1.5259154,21.7903989739422,,2.29713194566517,1.98288365089739,19.2219851950366,77.9536585365854,14.2826669078907,0.8188274,59754504.0,,0.7197901,1.77983601663556,44.3041661584362,2.23224,1.4177546,,20.5321010378968,,46.1124801589641,12.367,75.3592581297959,3.58623401800118,6.43102237277841,6.52609569372579,1.0074114799499512,2.8551251888275146,0.6194326877593994,23.806283950805664,59.748767,1654349.875,1720381.5,2043538.625,0.6233627796173096
FRA,1997,,,2.60806895660173,53.0784137746732,100.0,5.83669166666667,12.8182311929594,1.59017858585611,2.5270616339357,41876.9330265158,,22.7576436116306,,7.77481572928613,1.20394294026964,18.8941086598021,78.3048780487805,14.5272369069526,,59968066.0,,,1.75780312836567,44.1845319714544,2.15216,,,21.2050966247779,,49.803453474736,12.566,75.6252262826369,3.99678915639295,9.47428529362406,5.55412988949405,1.0582866668701172,2.8642241954803467,0.6337730884552002,24.00385284423828,59.988873,1766049.875,1819024.125,2091281.75,0.6170202493667603
FRA,1998,1.3972284,,2.51843043289977,53.2192971135075,100.0,5.89951566666667,8.58588539272647,1.97196226741527,3.45259434279616,43162.5423856938,1.4602862,23.7057060992741,,12.160037965827,0.651126867833073,20.1267071009099,78.6048780487805,14.5072158307965,0.7452015,60190684.0,,0.8377413,2.19227568797316,43.8555360191384,2.10343,1.2498062,,23.1752076924494,,51.4214328030771,12.074,75.8918556090764,2.78125282205437,4.5071475292704,5.09729149331442,1.1052285432815552,2.873352289199829,0.6516634225845337,24.439313888549805,60.244336999999994,1887980.75,1921072.875,2166330.5,0.6123296618461609
FRA,1999,,,3.4092327167425,53.4589773611305,100.0,0.938283072395283,5.01135255487475,3.09171602103703,3.39930808809441,44400.1357889191,,24.2896514574492,,6.70594055956239,0.537141639134596,20.7309977149378,78.7560975609756,14.3120658166732,,60501986.0,,,1.94486233903106,44.4164418398622,2.1165,,,23.7873401244886,,51.6706614638734,11.981,76.1682703613968,3.57856819120765,5.32456715779929,3.04194667094533,1.1299272775650024,2.882509469985962,0.6728713512420654,25.020395278930664,60.535179,1981795.75,2011288.125,2240449.0,0.6185890436172485
FRA,2000,1.2886271,,1.1848394944316,53.6919719635663,100.0,1.08270508132602,12.6690102065943,3.04117027418415,4.14099996402915,45922.4789363701,1.6644076,23.7110536739959,,14.7467915153013,1.67595988720928,21.8578770673408,79.0560975609756,14.3878392198042,0.8231818,60918661.0,,1.0600734,1.74747387511078,43.439130304069,2.10066,1.3540002,,23.5306025928572,,57.7860470318197,10.218,76.5143983146093,4.56720186018067,11.7816277096899,3.43351563418764,1.1732499599456787,2.891695737838745,0.6953129172325134,25.625225067138672,60.874356999999996,2105389.0,2128715.25,2328356.75,0.6154210567474365
FRA,2001,,77.3883861486517,1.5298994522382,53.8263544157586,100.0,1.11653308564462,2.89177283501773,3.65899790543177,1.89946701186636,46454.8706927365,,23.7864406085702,,2.29639904141987,1.63478079549599,21.5146500727515,79.1585365853659,13.9296551551957,,61364377.0,,,1.61505896061532,43.8061268925512,2.1494,,104.571113586426,23.563254487096,,56.8932328560722,8.61,76.9074413607811,2.02994447591411,0.665655850400682,3.83657262052543,1.211199402809143,2.907761812210083,0.7175650000572205,25.97429084777832,61.269223,2168642.75,2185648.25,2374544.75,0.617072582244873
FRA,2002,1.2479233,76.5284393068992,1.18270439802011,53.8550812022264,100.0,1.05755899623965,2.07080354911146,3.45413596292302,1.06775027069419,46610.7820717214,1.5487521,22.5727520688813,,2.3385812157765,1.92341228727064,20.7001905304491,79.2609756097561,13.4598053740839,0.8013429,61812142.0,,1.1081742,1.62262317645235,43.1438246389983,2.18758,1.1623234,103.186340332031,22.764124672502,,55.1325248503102,8.702,77.2543866607525,2.31891535273219,2.75388195938507,2.90799688587762,1.2286947965621948,2.923917293548584,0.7358846664428711,26.102304458618164,61.712083,2186888.0,2197271.75,2401508.5,0.6215562224388123
FRA,2003,1.34057,75.9612449584322,0.871063406872808,53.7782755676556,100.0,0.88404792718493,-1.36790876517054,2.30782482603352,0.967827182558352,46730.975806379,1.6348006,22.0506952001078,,0.676972602528238,2.09847219146919,20.6506168230936,79.1146341463415,12.9922663496214,0.3434671,62249855.0,,1.3314758,1.55732088735449,42.548360587428,2.13086,1.2892257,102.772102355957,22.2935305694438,,52.5988822870657,8.306,77.4691216035138,3.07416318395302,4.25941501920559,3.02504526252236,1.1663955450057983,2.940162420272827,0.7535400390625,26.12419891357422,62.182111,2127981.0,2144133.75,2421277.0,0.6217507123947144
FRA,2004,1.3036186,76.9744161883116,0.434470120439983,53.7305396887409,100.0,0.803921647747618,5.34566806891523,1.68777447237363,2.86825052501032,47720.4413351103,1.553699,22.4333906736965,,6.00459065440909,2.14208964640239,21.3643685480586,80.1634146341463,12.5672208197628,0.3900905,62707588.0,,1.3099942,1.42672975364213,42.5896362595371,2.10438,1.3039095,102.220016479492,22.3223206875365,,53.7497648292028,8.914,77.4900500011961,4.49537859755031,10.211060301273,3.51799903099596,1.0918102264404297,2.95649790763855,0.7720776200294495,26.165403366088867,62.649663999999994,2172882.0,2188098.25,2489792.75,0.6164361238479614
FRA,2005,1.4277596,80.324329471898,-0.00650919177703098,53.7054007961336,100.0,0.803800192161442,4.24478199956198,3.8837306583925,1.88856584109286,48257.4650937971,1.7144505,22.4390250328785,,6.25052467030329,1.74586936380487,21.9113534781153,80.1634146341463,12.1452500973725,0.4622453,63180854.0,,1.3267578,1.22407209995772,42.7236277428812,2.05599,1.4493374,106.781677246094,22.405869035214,108.1,55.8228361241299,8.882,77.4363315105438,4.0591513939051,6.97010195405532,4.10725070715931,1.1081444025039673,2.972923994064331,0.7912851572036743,26.334571838378906,63.092887999999995,2339121.75,2372596.75,2531203.75,0.6158434152603149
FRA,2006,1.4758857,84.3572835148986,0.0221896585541475,53.6094922053175,100.0,0.796432730949102,5.34108075686648,3.40646118259263,2.71406448755236,49223.247197008,1.463733,23.0722888675806,,5.76957816596064,1.67512449608726,22.6851885959248,80.8121951219512,11.6390346197616,0.5971816,63622342.0,,1.3022689,1.41916447455224,42.9995642519304,2.05331,1.2574073,106.927520751953,22.6603947257799,108.3,57.8692775292673,8.832,77.3467240068648,4.48913510541222,8.49180561935788,4.26717463390264,1.0764082670211792,2.989441156387329,0.8116674423217773,26.609586715698242,63.503046999999995,2415135.25,2432615.5,2593201.0,0.6155794262886047
FRA,2007,1.4835556,88.974306564356,-0.328279950461903,53.6180524618417,100.0,0.729672399984083,2.84901419395899,3.15449449926763,2.53048188351066,50157.7837477634,1.5196924,23.5376685505618,20.1428349498868,5.47333128938581,1.4879980595386,23.5691050042771,81.1121951219512,11.579923857885,0.6512556,64016890.0,,1.3437547,1.4126915622981,42.4848634559389,2.02815,1.3042062,106.69352722168,22.2192097607056,107.1,58.1525611309659,8.008,77.2457976606157,4.43123376835285,6.65749601979584,4.81023704342912,1.0601149797439575,3.0060503482818604,0.8343518376350403,26.99143409729004,63.884679,2524260.0,2546277.75,2656079.25,0.6073021292686462
FRA,2008,1.4496473,92.6357426084034,-0.962244945077225,53.8644415960553,100.0,0.679922680042729,0.586062290279003,2.32326700027606,0.380171435849121,50068.2969141379,1.6286144,23.2559008511574,21.4617976728355,1.26447587570355,2.81286194914785,23.4671040402669,81.2146341463415,11.067976542911,0.6388366,64375116.0,,1.3061458,1.13689655145287,42.4509058971215,2.06363,1.3102674,106.432838439941,22.0891842345504,104.6,59.1797928411748,7.386,77.1561901569367,2.0916044806491,2.97004947697062,8.94995335353387,1.025261640548706,3.022751808166504,0.8569255471229553,27.131742477416992,64.245428,2518676.75,2568574.25,2662850.75,0.6076887249946594
FRA,2009,1.4333546,95.0966407247871,-0.818480147786109,54.2446958152522,100.0,0.716957702016136,-10.4600626605297,0.682311492843145,-2.82455153714783,48404.9657826363,1.5501891,20.8056292864457,24.123557619924,-8.92941837508975,0.0876204781574653,20.7177586249113,81.4146341463415,10.5216742580302,0.5084249,64706436.0,,1.1753528,1.86200746224824,41.8198464935277,2.21273,1.2421564,106.239227294922,20.7468106096774,107.5,52.1991123027613,9.122,77.1005391809676,-1.33303814192499,-9.59622731679175,2.86044855902674,1.0046900510787964,3.039546251296997,0.8696188926696777,26.832876205444336,64.598474,2474867.75,2487517.5,2586338.75,0.6213255524635315
FRA,2010,1.3817944,95.8471452301569,-0.832545468638349,54.591548563142,100.0,0.754308990105961,8.54336117245128,1.46961673029144,2.00032476039051,49130.422942344,1.4409639,20.9610611911773,26.3233800074675,8.60215855472046,1.53112270420919,21.3378695020042,81.6634146341463,10.2775341468866,0.7401354,65026211.0,,1.2341536,2.20263034447716,43.2656767272935,2.17771,1.2971705,106.424942016602,21.9860264776611,103.5,56.587555247796,9.279,77.0962844808803,4.52085213873784,11.8470983952319,3.32634463368643,0.9738234281539917,3.05643367767334,0.8849112391471863,26.876161575317383,64.952503,2563624.5,2591608.5,2636758.0,0.6207011938095093
FRA,2011,1.503435,96.6491919516285,-1.02802797917579,55.2764053631323,100.0,0.718413898653317,6.5271901533646,1.54005293306163,2.43757653729007,50085.6829779109,1.4686756,21.9422669989976,25.1193585926138,5.86990348384298,2.11159795175,22.4996452716579,82.1146341463415,10.3132840454103,0.5880869,65340830.0,,1.108929,1.94576614808198,42.9691339303891,2.18761,1.1807407,106.610641479492,21.8260251212647,99.0,60.6056354816406,9.228,77.1182717387509,3.31431839310667,5.51788947035175,4.80063594169405,0.9617089033126831,3.075263261795044,0.9011759161949158,27.0983829498291,65.310392,2626632.25,2665867.25,2694574.25,0.6191897988319397
FRA,2012,1.4686276,96.5785492959372,-1.22530807843013,56.2934642722207,100.0,0.778338120416812,2.64025053458128,1.22790071519382,0.183835264973013,49935.6269081617,1.5129077,21.1445636776072,26.6906319566323,0.330961831986826,1.9541953161351,21.8295648772748,81.9682926829268,10.2470795796382,0.6152427,65657659.0,,1.1365688,2.24469971191405,43.8790803963843,2.22761,1.2885997,105.813583374023,22.608974141338,98.1,61.6589570771102,9.841,77.1669464919916,2.74743359443485,2.74285501350239,3.72532666110646,0.9644427299499512,3.0942089557647705,0.9177148342132568,27.208675384521484,65.665818,2657192.0,2701083.0,2703011.75,0.6233840584754944
FRA,2013,1.3296179,95.8769626871841,-0.59799045690811,57.1679224697779,100.0,0.752945122701996,2.60217458117202,1.18823404938295,0.781756446231,50066.5304324783,1.4742784,21.1527297625311,27.1817177565412,2.74594428645294,0.863715497861804,21.520441960601,82.219512195122,10.2533499274342,0.4916417,65997932.0,,1.1440293,1.70354807584636,44.7264579054071,2.23369,1.2396775,104.376602172852,23.2041011683014,97.3,61.8192338733962,9.913,77.2440721470918,2.88974765617324,3.15001331842582,2.65167342916577,0.9435348510742188,3.113271474838257,0.9324448108673096,27.215930938720703,66.007876,2632049.5,2675257.0,2718589.75,0.62315434217453
FRA,2014,1.311456,93.9159081503646,-0.96273369938115,58.0626367615727,100.0,0.752728196932603,2.74335351335853,0.176974174772525,0.997832947295251,50326.567863089,1.4539502,21.0922067480042,27.4702736686884,4.26436616934076,0.50775882293799,21.8364708236132,82.719512195122,10.1814983481472,0.3877863,66312067.0,,1.0322133,1.64889771434924,44.9324802595085,2.27173,1.2630022,103.425827026367,23.1556593525911,96.8,62.1992669379507,10.273,77.3524296788613,3.16849193058366,3.47031825748584,2.39371597209796,0.9311797022819519,3.132451295852661,0.9472498297691345,27.31221580505371,66.32139,2633556.0,2680612.5,2744584.5,0.623721718788147
FRA,2015,1.2963551,94.9454202268228,-0.334528437032909,58.9738911271226,100.0,0.901296423367096,4.52536408333822,1.76596182973896,1.06675474783462,50682.8953586333,1.4592807,21.5310981790445,28.2116908505326,5.81940816310831,0.0375143805125182,21.7165418613305,82.3219512195122,10.3199116417468,0.1735665,66548272.0,,1.1137263,1.82304349468037,44.6530065209365,2.22401,1.2424867,103.396041870117,23.2974119760792,100.0,63.5046871956484,10.354,77.7610919150066,3.12721325699906,3.3526080435236,1.43702380935655,0.9407541155815125,3.1517491340637207,0.9628301858901978,27.38507652282715,66.59631499999999,2716354.5,2730343.75,2775129.5,0.6179559826850891
FRA,2016,1.3423858,97.4904687619857,-0.538632351885894,59.6623497311224,100.0,0.903421436257263,2.11205230564832,1.44200321416196,0.860031075424033,50984.075297832,1.4200425,21.1607249969519,27.9331801598168,3.80056393340557,0.183334861123765,21.5978606152326,82.5731707317073,10.1652320223789,-0.0415329,66724104.0,,1.1025649,1.92813809141289,44.4509842015877,2.22468,1.2562889,103.308097839355,23.1463283405753,99.6,63.3427564383351,10.057,78.5999114705779,2.78974074234593,2.55312687440671,1.59691227583204,0.934198260307312,3.171165943145752,0.9799972772598267,27.584110260009766,66.828164,2763681.0,2765765.25,2805530.25,0.6203251481056213
FRA,2017,1.3564923,101.617830234188,-0.47461518521567,60.2613491660523,100.0,0.885205508269372,4.40647499560305,1.68928072199317,2.08361485997399,51895.5662985838,1.4018117,21.6185171335885,26.0180218998669,4.45376285349295,1.03228275064681,22.1813991959176,82.5756097560976,10.0100515756887,0.229972,66918020.0,,1.2328687,1.90966013668591,45.0848754876607,2.20422,1.2449136,103.756080627441,23.7863349624871,96.9,65.3958481559711,9.409,78.6467804026368,3.44658623167955,5.17026302354977,2.22314331448899,0.9428341388702393,3.190702438354492,1.0,27.881641387939453,67.02241099999999,2869816.5,2869816.5,2869816.5,0.6233615279197693
FRA,2018,1.4123369,104.624051971951,-0.735670615255372,60.8249786780729,100.0,0.846772667108111,3.76728552414897,2.78594184568695,1.64590872395887,52560.9536243841,1.5186813,21.8900056739386,25.9347849255776,3.16058294939539,1.85081508315493,22.6115738942638,82.6756097560976,9.88620521645328,0.1043516,67158348.0,,1.2678981,1.83376419046355,44.7259377621146,2.20407,1.225462,103.773330688477,24.3098642807809,95.9,66.8022607812266,9.018,78.6714432536599,3.28663086462807,4.12857650045815,2.44258329692817,0.9262481927871704,3.2103593349456787,1.0215266942977905,28.182064056396484,67.19102699999999,2901337.75,2902140.75,2921268.5,0.6241320371627808
FRA,2019,1.3620502,106.913030586051,0.587362764575748,61.339333625721,100.0,0.893276257067409,2.0784475505063,1.96486943301562,2.02744646419237,53448.5548849943,1.4821333,23.4899898451564,26.9265976407414,1.93612581644666,1.10825492288294,23.0250733613606,82.8268292682927,9.91095000638926,0.2040672,67382061.0,,1.4571643,2.15547480521791,43.3488714857635,2.19668,1.1849149,104.07689666748,24.6605263993177,96.4,66.4289607281749,8.415,78.6890784549356,2.680308747553,1.27890715448402,2.20607305781525,0.9086601734161377,3.230137348175049,1.0448414087295532,28.532564163208008,67.351247,2950146.25,2946958.25,2965338.5,0.6241320371627808
FRA,2020,1.2939757,125.397439701102,-2.00313613657686,61.777215608517,100.0,0.875506396987998,-16.5719687184247,0.731471704018579,-7.44064589948231,49311.333409639,1.4906558,20.7835856396957,21.1920405248012,-12.2379249320294,0.476498852725065,22.8044182138435,82.1756097560976,9.24566710385932,0.1270887,67601110.0,,1.2588514,2.93207471945523,42.9822123869451,2.2742,1.1272001,104.566566467285,24.7888064416138,97.8,58.8388907240647,8.009,78.7119131765249,-2.88621185457086,-8.51501859309677,1.90509722047501,,,,,,,,,
FRA,2021,1.422803,120.721909947613,0.244238511780543,62.0639435685389,100.0,0.84549413889045,11.3257253805046,3.30405312221271,6.88233783360239,52517.3354905855,1.5363267,23.4519466335002,22.305003085565,8.26365391965132,1.64233141038394,23.4474845782806,82.3243902439024,9.09582515832787,0.1241525,67842811.0,,1.2843889,2.65318657576471,42.5814409563757,2.21278,1.0805521,104.522842407227,23.9794445386059,97.0,63.788482630872,7.871,78.7364603392338,6.48508887596752,9.98381025527803,3.47540320289875,,,,,,,,,
FRA,2022,1.3856444,119.290366998126,-1.43234855251881,62.3607626590078,100.0,0.949623753156941,9.08374259649321,4.0180319137717,2.71676264185913,53673.8137406422,1.4637769,22.4903116689235,21.9264611257156,9.04656244021575,5.22236748369725,24.0233523984125,82.1292682926829,9.3013624882498,0.0198376,68184457.0,,1.2688944,2.27470946365429,43.4321332366138,2.21937,1.0195192,104.316436767578,24.5495737523762,94.2,75.9630077981996,7.303,78.7591921123356,3.44001097265647,7.04279770032062,8.08169507021982,,,,,,,,,
FRA,2023,1.2672713,112.567354839828,-1.04301703799496,62.6913599952639,100.0,0.924839558470698,2.47004779566056,0.590645170561014,1.43921494437743,54296.7230897731,1.3517693,21.7409677470466,22.3835449721792,-0.267091161751239,4.8783572650844,22.9278749312543,82.8317073170732,9.7687049703675,-0.0187716,68372286.0,,1.2327254,2.05933713350207,41.6513891623385,2.17832,0.9946177,103.962417602539,23.1762031443727,95.4,70.6261450610225,7.335,78.7804323126547,2.85938493335973,0.761537454221255,5.79944107391962,,,,,,,,,
FRA,2024,1.2182239,107.58266062477,0.0851279883251641,63.003655783096,100.0,0.923889546117607,2.52532554039252,1.64700185498585,1.19046798275883,54799.3482689389,1.2007009,21.4347338631091,23.1371073769038,-1.20983523297745,1.99904942291463,21.5139121721262,82.9804878048781,9.56647520690692,-0.241365399999999,68551653.0,,1.1461527,2.38967906896664,42.1079880169865,,0.97866,103.78540802002,22.778486344686,95.6,68.1081875443744,7.4,78.7999750964116,2.90001340156714,2.86531604224305,3.01447576977999,,,,,,,,,
GBR,1990,,104.805960306851,-3.55031184555805,53.8910623613847,100.0,0.563177166666667,5.28109740463256,3.78380567982468,0.779266119883417,33530.9578151546,,16.6298493148781,,0.56230154826504,8.06346090938833,23.5558879470108,75.8804878048781,16.5736049818654,,57247586.0,6.4269097034631,,1.26564143976707,32.6096807883406,,,,24.1512945995683,,48.2498264500798,,78.1091783885209,2.70835661034906,5.27155007050217,8.06346090938833,0.8508840203285217,3.1971662044525146,0.5016465187072754,26.703500747680664,57.134391,1406169.375,1445536.75,1698124.875,0.5758436322212219
GBR,1991,,102.333764425911,-1.66449946529553,54.3376013009481,100.0,0.567015333333333,0.165924296419078,2.03397301702108,-1.29243974751705,32995.3948749055,,15.9431947601745,,-4.3756257155799,7.46178295746934,20.0945518746354,76.0829268292683,16.1718404978039,,57424897.0,4.75674011554985,,1.49335400907614,33.01500387366,,,,24.847137041141,,45.3156600809302,8.55,78.1020654236402,1.22518126757618,2.92537855288582,8.99693873494331,0.8452340960502625,3.227114200592041,0.5178885459899902,25.989843368530273,57.290785,1371916.5,1401682.75,1679392.875,0.5820132493972778
GBR,1992,,101.677998125474,-1.96702595518054,54.777193763915,100.0,0.569774166666667,4.52982716503254,1.95066544669245,1.29472849604493,33332.3326389023,,14.932794771946,,6.78124804935403,4.59154929577461,19.3151113557582,76.4341463414634,15.9551719059167,,57580402.0,6.985708939083,,1.33812693071793,32.4523558028475,,,,24.2803159914902,,46.3059467099097,9.772,78.1549335902337,2.06322489260802,3.36115645327708,7.63610852336974,0.8195178508758545,3.25734281539917,0.5324584245681763,25.371501922607422,57.446037,1366830.25,1399794.875,1686127.75,0.5798196196556091
GBR,1993,,99.876224683285,-1.66961487109581,55.0512100356111,100.0,0.666756553333333,4.55080035046993,1.85476418901581,3.49048744653493,34413.1904916462,,14.7793932839736,,3.32070021324607,2.55857796929705,18.8481723359341,76.3853658536585,15.5930589741343,,57718614.0,4.2008392797521,,1.44625371820276,30.5948280003504,,,,22.9810917661155,,49.7481967801462,10.346,78.2748023147801,1.85802699127092,3.56355749103992,7.14458706876257,0.8343781232833862,3.2878546714782715,0.5464441180229187,25.143829345703125,57.602284,1397271.0,1438639.75,1728109.625,0.5638752579689026
GBR,1994,,100.030864363201,-0.879081535567202,55.1221344895478,100.0,0.653426604166667,9.22926601032226,1.71516994974045,4.95341092800692,36025.9830963677,,16.9391682217919,,5.93456050905176,2.21901260504205,19.8743554715806,76.8853658536585,16.3109214220151,,57865745.0,5.12241541661596,,1.46821849351434,31.6075233898196,,,,23.7970949924584,,51.886107010773,9.648,78.4474219748331,3.41622758531712,8.90351962923714,10.2479355556119,0.8320370316505432,3.3186521530151367,0.5642001628875732,25.350570678710938,57.763377999999996,1441263.875,1479402.125,1794573.625,0.549945592880249
GBR,1995,,96.9838148788017,-0.995954431591392,55.006767566485,100.0,0.63366812,9.44567807871815,2.15917152818541,3.53339096338078,37200.3789969484,,15.7324599373762,,5.54325907436915,2.69749518304432,18.9204616566911,76.8365853658537,15.3638757265291,,58019030.0,-3.71388968516106,,1.27485538720077,30.3715781926049,,,,23.1479867730469,,50.8300766971451,8.694,78.6591002712985,3.17807321635462,9.01297366456417,9.07738095238091,0.863714873790741,3.349738359451294,0.5824934244155884,25.66979217529297,57.932452999999995,1579336.5,1626361.0,1840006.125,0.5442222952842712
GBR,1996,2.0506202,99.8119545669975,-0.724668922297666,54.8196264730694,100.0,0.640958255,7.10520283733906,2.27411515466645,2.61491606949487,38076.0624470563,1.6594735,15.9150616407393,,9.20219024807236,2.85178236397749,19.1254683349223,77.0878048780488,15.1616282238901,1.0516906,58166950.0,1.74475922401825,1.73324,1.12325191665556,30.0982148818586,1.5754,1.6546899,,22.9737228945862,,52.0576088895797,8.189,78.8961449050823,3.58623401800118,6.43102237277841,6.52609569372579,0.8332551717758179,3.381115436553955,0.6044290661811829,25.9245548248291,58.113557,1668736.625,1724950.0,1885852.0,0.5339875221252441
GBR,1997,,101.512510184771,-0.0893797602849274,54.6142994891761,100.0,0.610836114166667,12.2117462283585,3.26969165190333,4.8799853038024,39831.4492555823,,16.5626870565254,,9.86370867901051,2.20114313510882,18.297638385084,77.2109756097561,14.9795678631751,,58316954.0,6.52493255959209,,0.848240799085382,30.6852407674596,1.53729,,,23.6099939595572,,50.7045618383811,7.072,79.1448635770901,3.99678915639295,9.47428529362406,5.55412988949405,0.8442774415016174,3.4127864837646484,0.6220768690109253,26.40801429748535,58.307313,1780884.375,1829166.375,1979678.625,0.5508592128753662
GBR,1998,2.0973941,102.081363855748,-0.317493408980745,54.3483866479715,100.0,0.603823594166667,2.53001601296801,6.6122467239177,3.24631482881618,41004.8386335287,1.6595597,17.9072294257975,,7.01501139155786,1.82056163731557,18.7986884775091,77.190243902439,14.4475889605546,1.0883512,58487141.0,5.82612598805441,1.8835992,0.849729315522174,31.9099245715015,1.54777,1.7086388,,24.9177306831644,,49.1409088914683,6.198,79.391563988228,2.78125282205437,4.5071475292704,5.09729149331442,0.8640184998512268,3.4447546005249023,0.6447136402130127,26.690898895263672,58.509974,1850465.25,1879454.625,2053080.625,0.5572353005409241
GBR,1999,,105.111743558731,-2.10815347133567,53.9767159095951,100.0,0.618056845,3.47033297577894,7.67019369648798,2.94445869854798,42071.7055369651,,16.4009026873643,,7.44064361046533,1.7529508005142,18.5387402828054,77.390243902439,13.8429600077193,,58682466.0,3.89558515205972,,0.90959988381713,32.3110992646602,1.62268,,,25.3969755246592,,49.4683905163429,6.042,79.6225538394017,3.57856819120765,5.32456715779929,3.04194667094533,0.8922541737556458,3.4770219326019287,0.6662324070930481,27.067028045654297,58.715854,1931921.375,1958917.875,2120733.5,0.5796798467636108
GBR,2000,2.0302113,114.294248790913,-1.80322397590519,53.4314858659264,100.0,0.660930833333333,9.77279761798842,9.81876940536536,4.52438074810904,43818.3463079443,1.7413326,17.0959853807884,,9.117177502986,1.18295624210408,18.9469377484139,77.7414634146342,13.2927633990762,1.097531,58892514.0,4.94007778507734,1.9218926,0.935057175777233,32.8993925371959,1.60963,1.7176608,101.204360961914,25.9945381752943,,52.3380212335903,5.558,79.8241408315172,4.56720186018067,11.7816277096899,3.43351563418764,0.9317963123321533,3.5095913410186768,0.6896955370903015,27.380348205566406,58.923308999999996,2041666.625,2075158.75,2195091.25,0.5884050130844116
GBR,2001,,119.336886441347,-1.75946787442188,52.8823327842176,100.0,0.694655,2.16491247999133,3.38678339988188,2.39102229602824,44693.6612621755,,17.0148152466029,,5.9393479775112,1.53234960272418,18.7962716702215,77.9926829268293,12.5032376045377,,59119673.0,3.35276851534879,,0.876404449269559,32.6011566722466,1.59544,,101.229797363281,25.64382699632,,52.6342367336438,4.696,79.9838301298823,2.02994447591411,0.665655850400682,3.83657262052543,0.9817264080047607,3.5284812450408936,0.7119569182395935,27.595714569091797,59.124288,2088243.25,2121908.25,2255024.5,0.6008405685424805
GBR,2002,1.9357319,124.533460121241,-1.96774674220137,52.4964301559527,100.0,0.667223333333333,0.64535820844047,5.01305498138785,1.70902736258567,45265.4565169944,1.7830545,16.7124245110268,,4.33339923318503,1.52040245947455,18.6991795058955,78.1439024390244,12.0650803669037,0.548758,59370479.0,1.87229360848,1.920474,1.00793032280885,31.5490111715102,1.61383,1.6490953,102.614517211914,24.8945712788558,,51.2361820991323,5.037,80.1146062677742,2.31891535273219,2.75388195938507,2.90799688587762,0.9854024052619934,3.5474727153778076,0.7325478196144104,27.803613662719727,59.326294,2105030.0,2123617.0,2304155.75,0.5930173993110657
GBR,2003,1.9558108,129.216112132892,-1.82204886055783,52.357292952779,100.0,0.6124725,1.89507932778045,1.74707721568844,3.21851612669614,46505.2798806788,1.6613602,16.4970008953534,,1.92811839088114,1.37650038542013,18.3223472121232,78.4463414634146,11.5481005178606,0.4196093,59647577.0,1.28051509830497,1.8697018,0.924570246675464,31.3037919939929,1.58131,1.6258036,102.157028198242,24.4743374663961,,50.0681187039704,4.807,80.2331593332802,3.07416318395302,4.25941501920559,3.02504526252236,0.9763892889022827,3.5665664672851562,0.7516568303108215,28.0600528717041,59.561431999999996,2149069.5,2166739.25,2380697.25,0.5876073241233826
GBR,2004,1.8359316,136.667035880836,-2.28435751976608,52.2157863407455,100.0,0.54618,4.90212365058429,3.58303251413023,2.32601853325993,47317.027070979,1.5846989,15.7863531789456,,7.13422133477401,1.39039756680422,18.1006116145736,78.7463414634146,10.9147243364129,0.3484335,59987905.0,1.60543979164839,1.9029927,0.837146297763697,32.4162505472281,1.53089,1.5646583,104.942939758301,25.0669294868752,,50.2885521756133,4.594,80.3423284929998,4.49537859755031,10.211060301273,3.51799903099596,0.968483567237854,3.5857629776000977,0.76936274766922,28.353534698486328,59.872752999999996,2210853.0,2220801.25,2435126.5,0.5972720384597778
GBR,2005,1.9020685,142.664487913407,-1.97517731781616,51.8275715627106,100.0,0.549998333333333,7.37890382812832,9.90268786448172,2.7906547174688,48304.6753205932,1.8367501,16.41881504271,,7.21271370715135,2.0891364902507,18.4132680657531,79.0487804878049,10.5616323261232,0.3958598,60401206.0,1.73498971863596,1.8447986,0.686589142942834,33.4351921861337,1.55004,1.5576382,105.705047607422,25.4063961563486,88.9,52.5442740383211,4.884,80.4455938127627,4.0591513939051,6.97010195405532,4.10725070715931,0.9739524722099304,3.60506272315979,0.7891278266906738,28.67258644104004,60.287954,2335020.25,2377112.25,2507101.25,0.5948011875152588
GBR,2006,1.7309828,153.471395323663,-3.10941980167091,51.4008482871775,100.0,0.543486666666667,11.6523273171684,7.4878491502754,2.18982132415704,49000.9535382241,1.7080687,15.8075660062432,,9.97402821041729,2.4556616643929,18.909666594501,79.2487804878049,10.151074366746,0.6600601,60846820.0,1.51610423583348,2.0036658,0.597484134087491,33.2521243775709,1.57625,1.6182155,98.4682769775391,25.6651872699719,85.6,56.7047791729812,5.472,80.5464353583991,4.48913510541222,8.49180561935788,4.26717463390264,0.9641351103782654,3.62446665763855,0.8109244704246521,29.001075744628906,60.821355999999994,2394114.5,2415816.25,2574637.75,0.6001031398773193
GBR,2007,1.6278157,169.583348638841,-3.71636602944723,51.156186206586,100.0,0.499771666666667,-1.35710219969796,6.74831602886359,2.93091133582351,50045.9163092519,1.6664793,15.4620465991055,20.8808205935258,-0.884605945595183,2.38656150773327,19.1749332518758,79.4487804878049,9.71451845006441,0.6958935,61322463.0,3.44659213990367,1.892217,0.614730670256313,33.5664926027676,1.6183,1.5830601,97.7785186767578,25.8759100332597,86.1,52.7493524964733,5.399,80.6483331957387,4.43123376835285,6.65749601979584,4.81023704342912,0.9488338232040405,3.643974781036377,0.8337205648422241,29.31574249267578,61.455161999999994,2398740.75,2412173.5,2635414.0,0.6035581827163696
GBR,2008,1.573173,190.146653043876,-3.86567706212856,51.1947226586789,100.0,0.54396625,2.56452064828436,8.60551599075423,-0.0494116727402769,49629.0498697349,1.7054858,14.4242378566369,20.6167865586516,-1.33575248133752,3.52140856342539,18.2886587771819,79.6,9.62129349520071,0.6464798,61806995.0,1.32675740896323,1.7274858,0.530752979118063,34.2335027028174,1.60901,1.4724907,98.8158798217773,26.3157861887622,87.4,56.4365501052604,5.748,80.7547673906116,2.0916044806491,2.97004947697062,8.94995335353387,0.9176313281059265,3.663587808609009,0.8524326086044312,29.663253784179688,62.145097,2452381.0,2496842.75,2628067.0,0.5951507687568665
GBR,2009,1.3683606,191.129828943179,-3.01852853421921,51.4406852551869,100.0,0.641919263495996,-7.93292091366847,0.598804602454409,-4.58740819226323,46995.5449961945,1.4845712,12.9379759647567,20.4685287071557,-7.24746268037849,1.96173173560109,15.9866102776379,80.0512195121951,9.29245449386144,0.4928367,62276270.0,-1.33576903136853,1.5391758,0.965325264591292,31.9122998836095,1.66991,1.4804987,100.634750366211,24.0083878145831,86.3,54.6537301085991,7.683,80.8692180088478,-1.33303814192499,-9.59622731679175,2.86044855902674,0.8464430570602417,3.6833064556121826,0.8637042045593262,29.288875579833984,62.828616,2320973.5,2321851.75,2519949.5,0.6001129150390625
GBR,2010,1.3760491,183.762819228277,-2.75934253189814,51.738023164778,100.0,0.647179345560165,6.14981928656755,2.67286674184503,2.26054460931586,47682.6525150443,1.4807208,13.8581873866829,23.3036586296348,8.65007913233417,2.49265472467065,16.6181160375508,80.4024390243902,9.44927062659089,0.5937485,62766365.0,-0.817511776035438,1.5460857,1.13583836210976,38.1021871609733,1.63887,1.6337557,103.461151123047,25.167235102012,89.5,59.0511802227821,7.973,80.995165116277,4.52085213873784,11.8470983952319,3.32634463368643,0.8309268951416016,3.7031314373016357,0.877792477607727,29.42511749267578,63.459807999999995,2460576.25,2481864.75,2572214.75,0.5992808938026428
GBR,2011,1.4486391,169.61587364494,-1.6237867474026,52.2814445132043,100.0,0.624140835740495,6.79427974765071,1.00957357920277,0.851437739020326,47714.2894262827,1.4681563,14.8642962389978,23.3057218186911,2.74112255489392,3.8561124468282,16.491680863741,80.9512195121951,9.32683411729129,0.4317992,63258810.0,-1.92821635664364,1.5667449,1.11662614701046,33.3655300024851,1.64681,1.4431892,94.1645202636719,25.7274940192641,91.9,63.3240615708901,8.195,81.1359685592627,3.31431839310667,5.51788947035175,4.80063594169405,0.8466700315475464,3.710895299911499,0.8892534971237183,29.605070114135742,64.021919,2483983.5,2517183.5,2605028.5,0.5968909859657288
GBR,2012,1.4826832,160.010705514872,-3.13257837481106,53.2297920891233,100.0,0.633046988857327,0.534778533559759,1.71895853790766,1.52826034721852,48099.6594401942,1.5077865,13.3983595552922,23.460196722755,2.25860245490894,2.5732347965453,16.5145890011547,80.9048780487805,9.37476041233473,0.4684142,63711000.0,-1.03179878401941,1.6452124,1.21181144741228,32.7247709832329,1.57587,1.4985203,92.5272903442383,24.9984898716856,86.2,61.9688704472535,8.279,81.2905667759508,2.74743359443485,2.74285501350239,3.72532666110646,0.8185041546821594,3.7186756134033203,0.9018352031707764,29.953094482421875,64.525312,2535151.75,2585394.25,2642290.75,0.5912898182868958
GBR,2013,1.504608,148.906248602627,-4.63114682704939,54.1548132724174,100.0,0.639660577613477,0.427176362239479,1.94762104828418,1.71846961308464,48600.5100807266,1.4464475,12.652992730579,23.5876424891453,3.17907565909614,2.29166666666659,17.1697393956196,81.0048780487805,9.5981044921613,0.4599947,64138000.0,-1.62209771601829,1.7276964,1.19820109358142,33.5802583685844,1.62096,1.5089561,126.064338684082,25.0275561855532,108.7,61.7195395154583,7.752,81.4573768694887,2.88974765617324,3.15001331842582,2.65167342916577,0.8046185374259949,3.7264721393585205,0.9159814715385437,30.31403923034668,64.98401799999999,2636543.75,2685292.0,2700054.25,0.595529317855835
GBR,2014,1.5201669,134.605055432715,-4.97786981840052,54.8438602428906,100.0,0.607729626878255,1.34965131501659,1.90870445734316,3.16017351468152,49763.17387988,1.6582915,13.6216050281886,22.2044750130662,5.06527585551022,1.45112016293279,18.4324178455585,81.3048780487805,9.44084101572958,0.5436244,64619000.0,-1.0787978449774,1.7334142,1.20982422016014,32.663223587863,2.26488,1.5934577,128.822494506836,24.7140100668456,99.5,58.8210228333296,6.398,81.6355750750722,3.16849193058366,3.47031825748584,2.39371597209796,0.7888423204421997,3.7342848777770996,0.9338254928588867,31.011104583740234,65.423047,2651424.5,2700870.5,2777349.5,0.5849596261978149
GBR,2015,1.6542704,130.08273790259,-4.91700489264857,55.4015634705211,100.0,0.654545478931426,3.65326946173437,1.53903424150931,2.14040560033371,50462.8329992477,1.6362652,13.6955558156759,22.3335907744673,4.93177359512144,0.36804684232536,18.4755209500336,80.9560975609756,9.38451755587091,0.537112,65087000.0,,1.8137278,1.56885775056848,32.9060547215376,2.27566,1.6608814,126.110870361328,24.9162351349781,100.0,57.125044605439,5.552,81.8243772295647,3.12721325699906,3.3526080435236,1.43702380935655,0.7875267863273621,3.742114305496216,0.9540613293647766,31.506929397583008,65.860146,2790772.0,2807567.5,2842980.25,0.5850751996040344
GBR,2016,1.7599161,131.480106047871,-5.46283821927875,55.9245937781273,100.0,0.740634463697084,3.74938024557743,11.9998637298189,2.20652020635357,51168.2925796814,1.6528388,13.3480290259192,23.5591126028431,4.48066118124852,1.0084173681141,18.5956388685899,81.1560975609756,9.13168940843145,0.4498582,65606000.0,,1.6810285,1.49593733402752,33.3897658317351,2.32051,1.6131954,,25.2889754608419,89.9,59.8395315138259,4.909,82.0229991698295,2.78974074234593,2.55312687440671,1.59691227583204,0.7988529205322266,3.74996018409729,0.9769129753112793,31.938474655151367,66.297944,2825248.0,2827233.5,2891947.5,0.5862053036689758
GBR,2017,1.8161165,132.333248459152,-3.47326460218152,56.4799614488644,100.0,0.776976682344123,6.43599512604214,4.64443540147576,3.02322219840339,52429.1275538988,1.5660677,15.7531873531931,22.6194649609659,3.06151161771295,2.55775577557747,19.1317371265417,81.2560975609756,9.04234267998333,0.4406625,65964000.0,,1.6694233,1.58905823431859,33.7644274187473,2.32602,1.6084241,125.62979888916,25.4175285210626,91.8,63.1899245764158,4.501,82.23065673273,3.44658623167955,5.17026302354977,2.22314331448899,0.8128301501274109,3.757822275161743,1.0,32.243064880371094,66.72746099999999,2942276.25,2942276.25,2942276.25,0.5870172381401062
GBR,2018,1.8043714,132.783359788981,-3.88728858372976,57.0044441682182,100.0,0.749531540259847,3.83207471183631,-0.864867036878713,1.55133095078786,52983.039541197,1.5248207,15.1527876787517,22.3331118559009,3.41249620309362,2.29283990345938,18.8761161911788,81.2560975609756,9.01545847936897,0.2825929,66287000.0,,1.6748823,1.62160065704144,33.6717998451804,2.70889,1.4854975,120.088279724121,25.326551109134,96.6,64.9097721959201,4.145,82.4465657551295,3.28663086462807,4.12857650045815,2.44258329692817,0.7993321418762207,3.7657008171081543,1.0214521884918213,32.631744384765625,67.141684,2974426.5,2974124.5,2979130.75,0.589644730091095
GBR,2019,1.7674285,131.443065370417,-2.66245642145608,57.4310228571992,100.0,0.783445110011929,1.90345108139466,0.688204352262878,1.25629899760824,53374.0927628482,1.3966716,16.5464399806794,23.0942001089205,3.08253173882953,1.73810460086513,19.0285140310906,81.3691219512195,8.98151366135499,0.5681497,66628000.0,,1.7134917,1.68473544806755,33.2703051672887,2.6707,1.4384752,117.156600952148,24.9143682469426,88.6,65.0035664177054,3.657,82.6699420738913,2.680308747553,1.27890715448402,2.20607305781525,0.7871400117874146,3.7735960483551025,1.042256236076355,32.98249816894531,67.530172,2994405.75,2989895.5,3016695.25,0.589644730091095
GBR,2020,1.7210258,145.572075379344,-2.92883387550299,57.6593804283998,100.0,0.779999576697153,-12.0150117979874,5.77039185007421,-10.047896637362,47930.5490378931,1.3728014,15.5605971990805,23.0073604990707,-15.1835097120175,0.989486703772491,18.2807146353402,80.331756097561,9.08180842652208,0.5102213,66740000.0,,1.6013639,2.1161105409397,33.4086844384201,2.93993,1.3554927,114.617248535156,24.5433751270756,84.3,59.1598893030611,4.472,82.9000015258789,-2.88621185457086,-8.51501859309677,1.90509722047501,,,,,,,,,
GBR,2021,1.6641761,136.161594591011,-0.752836357784013,57.6129616035077,100.0,0.727064944688323,2.86300098220249,3.20643815254935,8.5431118453255,51840.4424245515,1.3289695,18.1443057036608,23.8654057182193,5.27794772313854,2.51837109614213,18.8987416108827,80.6473170731707,8.73281920838765,0.4363658,66978000.0,,1.600758,1.91277921919496,34.5638089563137,2.89968,1.3061844,113.719017028809,25.9910653856023,96.8,58.53838629291,4.864,82.9886431523641,6.48508887596752,9.98381025527803,3.47540320289875,,,,,,,,,
GBR,2022,1.6352771,126.126397693252,-2.06737101121871,57.6281944435899,100.0,0.811301715827773,15.2137543857681,2.91635435189931,5.14970388522993,53979.7679116234,1.2932604,16.4281012912124,27.1597708192348,13.9142510776215,7.92204883147902,18.3468561370256,81.0112195121951,7.9613351523025,0.3676912,67636000.0,,1.6491931,1.41227364359352,35.8232572592484,2.75224,1.2994581,113.202857971191,26.5536048949437,91.6,69.1989264413981,3.768,83.0753982997505,3.44001097265647,7.04279770032062,8.08169507021982,,,,,,,,,
GBR,2023,1.4745753,117.978361754605,-3.57676183842871,57.8463970694922,100.0,0.804538906734353,-2.34595735753932,0.403116734836793,0.271650048355255,53423.4226338292,1.1378943,14.889141661081,28.8917146113567,-1.60270537820982,6.79396706793963,18.4594014019513,81.2380975609756,8.22392851588786,0.3683427,68526000.0,,1.5889865,1.25355978527131,35.307815958642,2.67614,1.2703547,112.120048522949,26.8736892132882,95.6,64.9923841747803,4.025,83.1601932891335,2.85938493335973,0.761537454221255,5.79944107391962,,,,,,,,,
GBR,2024,1.5097548,112.372018963535,-2.95960422411904,57.9399925143725,100.0,0.782414580986262,1.3294197127087,-0.350561573947678,1.08027716858781,53412.0647163589,1.1849099,16.7550572595951,29.233260009076,2.68305035244462,3.2715729463592,19.1682079957281,81.3868536585366,7.9734900624048,0.2577085,69281000.0,,1.5112377,1.18272554676037,34.8309702695262,,1.269914,,26.8890215407942,99.2,62.839052044584,4.361,83.2429544416085,2.90001340156714,2.86531604224305,3.01447576977999,,,,,,,,,
IDN,1990,,,-2.81513051122,66.441821588986,,1842.81333333333,0.451046176537801,1.02976494269192,7.24213163856464,4873.05380133263,,22.4536417723066,,23.1128724716765,7.81919756505635,32.7076900896332,63.249,19.8930250535284,,183501098.0,10.7531630625024,,3.13746645310853,20.2283059266697,,,46.7410583496094,19.1370837619352,,52.8918614376893,,30.5945178088725,2.70835661034906,5.27155007050217,8.06346090938833,0.6130014657974243,1.895304560661316,0.18495264649391174,73.69100952148438,182.151216,641637.25,625933.5625,774478.125,0.44481533765792847
IDN,1991,,,-3.6528272008554,65.1982983795626,48.9,1950.3175,19.8802610973453,1.2707722797342,6.91198283591309,5118.46789591815,,22.0730005134311,,16.8275467130523,9.41906784347004,31.8694254830288,63.703,20.956437936744,,186778238.0,15.4148670582966,,3.27992052287353,18.6480381199929,,,45.0060997009277,17.1896969094773,,54.8395648805761,2.617,31.5991952251753,1.22518126757618,2.92537855288582,8.99693873494331,0.6291109919548035,1.9225139617919922,0.20456631481647491,74.38121795654297,185.35143,691197.3125,681794.875,843623.25,0.44481533765792847
IDN,1992,,,-2.17141753355818,64.0004085949468,66.6965637207031,2029.92083333333,14.664400823091,1.38798883350104,6.49750651682714,5357.3758979759,,23.3004216565436,,6.56501702619914,7.52351006242677,30.1758273386831,64.182,21.7564418039552,,190043744.0,15.6069117143453,,3.33166241980596,19.4875031023397,,,44.1988410949707,17.1229526962939,,57.4274341101528,2.734,32.6914992355049,2.06322489260802,3.36115645327708,7.63610852336974,0.6372027397155762,1.9501140117645264,0.22364555299282074,76.35743713378906,188.52298399999998,752054.25,727030.0,904537.0,0.44481533765792847
IDN,1993,,,-1.33285487006627,62.8062315539282,55.43,2087.10386666667,6.608728966505,1.26830064559013,6.49640812045304,5609.15178814269,,28.9981474546343,,4.43774610585581,9.6719108926401,28.2806731118536,64.851,22.3049508181013,,193305168.0,1.20357312645775,,3.38379068304971,17.0776630668472,,,43.8151893615723,14.3564203316314,,50.5233858882307,2.782,33.8555422228307,1.85802699127092,3.56355749103992,7.14458706876257,0.6510334610939026,1.9781101942062378,0.2431410551071167,77.01702117919922,191.65803499999998,794267.3125,774670.625,970148.875,0.44481533765792847
IDN,1994,,,-1.57836291535994,61.638983497166,62.8,2160.753675,9.94118840451439,1.1922519299764,7.53997109551439,5931.23473426762,,29.8716953233965,,20.295217075133,8.53199829189143,29.5706877484337,65.041,23.3480377908308,,196591828.0,9.26307725112063,,3.23073711587063,18.1555267821099,,,44.7341918945312,15.9484191945104,,51.877101049475,4.366,35.0672005338812,3.41622758531712,8.90351962923714,10.2479355556119,0.6434553265571594,2.0065083503723145,0.26577603816986084,80.18457794189453,194.745287,851282.75,832718.6875,1043297.75,0.44481533765792847
IDN,1995,,,-3.1815838591366,60.5320359171214,66.86,2248.607975,7.72117304677143,2.15007984011937,8.22000739903493,6312.93453561158,,28.1384618646814,,20.9390079647027,9.42030300572996,30.4298110883689,65.263,24.1331787066672,,199888057.0,8.16295467111803,,2.90213829092754,17.6918603845293,,,47.5401992797852,14.9647722699912,,53.9585900635426,4.611,36.3023505153847,3.17807321635462,9.01297366456417,9.07738095238091,0.6597229242324829,2.0353140830993652,0.2925771474838257,82.1292495727539,197.778594,926213.0625,910664.25,1129058.375,0.44481533765792847
IDN,1996,-0.833670599999999,,-3.37028227381292,59.5017980028463,72.39,2342.29629166667,7.56001906369397,2.72419788646708,7.81818707670867,6695.40975787395,-0.2559615,27.8080799259437,,6.8647585908224,7.97328096513346,31.6023606375148,65.465,25.6166348710399,-1.2899584,203204348.0,9.69941919220801,-0.0665817,3.49495904632741,16.9535157951661,,-0.5238167,50.3027992248535,14.234801940785,,52.264743657148,4.861,37.5368685140699,3.58623401800118,6.43102237277841,6.52609569372579,0.6576216816902161,2.0645337104797363,0.32571229338645935,84.07391357421875,200.75659,999373.1875,990453.1875,1217328.375,0.44481533765792847
IDN,1997,,,-2.2660591852136,58.5270356992151,80.3,2909.38,7.79997401936781,2.16779685196237,4.69987885390397,6897.00236563331,,29.0309412324569,,14.7159756709925,6.22615154887214,30.3076757881764,65.774,26.7929465196358,,206536095.0,8.21356548046801,,2.95480794337669,18.137718939652,,,53.9802284240723,16.0118484144708,,55.9938588086777,4.684,38.746630876665,3.99678915639295,9.47428529362406,5.55412988949405,0.6278198957443237,2.094172477722168,0.36068809032440186,85.39839935302734,203.688312,1018186.3125,1006608.375,1274538.375,0.44481533765792847
IDN,1998,-1.2280262,,4.29246398762731,57.5769241069289,80.94,10013.6225,11.1831750137557,-0.252290447660406,-13.1267254923818,5897.68530859207,-0.742317799999999,22.4224923294215,,-5.29013327267046,58.4510413515526,27.4295066667294,65.942,24.9956709549063,-1.693693,209826788.0,-24.6001680758639,-0.559018799999999,5.23322602998225,16.466714482343,,-0.914044499999999,54.2718887329102,15.0275881804252,,96.1861923602686,5.459,39.9075139498987,2.78125282205437,4.5071475292704,5.09729149331442,0.4772484004497528,2.124236822128296,0.3734755516052246,87.76756286621094,206.59112199999998,824924.875,814768.0625,1107235.75,0.44481533765792847
IDN,1999,,,4.13060184583257,56.6440473452067,83.73,7855.15,-31.8049814709205,-1.33257354110795,0.79112608199847,5855.65800744994,,13.2018044083338,,-40.6752381218532,20.4778324428892,22.1387593118175,66.001,25.9948791141402,,213004668.0,11.8265264283871,,6.09229450072994,18.0599793622371,,,54.5970916748047,16.3158356093432,,62.9439128601924,6.358,40.9953940804992,3.57856819120765,5.32456715779929,3.04194667094533,0.4691210389137268,2.1547329425811768,0.3803720474243164,89.48668670654297,208.61516899999998,834699.5,821752.5,1115993.625,0.44481533765792847
IDN,2000,-1.0799309,,4.84306452849134,55.8008907117312,86.3,8421.775,26.4849189450369,-2.75743993350903,4.9200677470169,6056.38197842165,-0.5497447,26.2868992080315,,25.9339702392421,3.68862037056682,22.2456969315568,66.292,22.6597512078726,-1.90520269999999,216077790.0,-1.65421247091313,-0.4626283,5.26483607241346,,0.06769,-0.9501841,55.5976295471191,,,71.4368759173731,6.077,41.9861540600656,4.56720186018067,11.7816277096899,3.43351563418764,0.44153204560279846,2.185666561126709,0.3926665782928467,91.54851531982422,211.513823,811589.375,793973.8125,1170903.125,0.44481533765792847
IDN,2001,,,4.30104853135351,55.1131405443784,86.3,10260.85,0.644980256911978,-1.85568619300523,3.64346644721492,6190.51954040991,,27.1997939280408,,4.17986104533648,11.5001160550887,22.539266316067,66.583,30.7545972173123,,219097902.0,3.71998595702973,,5.66905378340598,18.6987029268879,0.04756,,56.2273216247559,11.5781845835748,,69.7932075256238,6.082,42.9018895186157,2.02994447591411,0.665655850400682,3.83657262052543,0.4344426095485687,2.2077457904815674,0.4072370231151581,91.96099853515625,214.427417,832004.625,815028.5,1213564.625,0.4454861879348755
IDN,2002,-1.34073739999999,,3.99852690784087,54.5155741469321,87.6,9311.19166666667,-1.21693045997009,0.0741516383181159,4.49947539085764,6381.94955179996,-0.7684151,23.0174077823404,,-4.2494535296082,11.9001200338414,21.4040702075173,66.954,31.9532784940709,-1.84429769999999,222088495.0,12.3224124961922,-0.5720758,6.2952679657633,17.4443672511438,,-1.1356188,57.646598815918,11.8269595891699,,59.0794617663723,6.604,43.7824069030376,2.31891535273219,2.75388195938507,2.90799688587762,0.42426496744155884,2.2300479412078857,0.422989159822464,93.16806030273438,217.357793,851119.375,829739.1875,1268168.625,0.4491589665412903
IDN,2003,-1.2216426,,3.45304287667862,53.9272699970922,87.9,8577.13333333334,5.88637986931026,-0.254256320381005,4.78036912167654,6599.09193597034,-0.908526499999999,20.6840503559517,,1.56373365564389,6.75731256333564,25.5984983869787,67.134,28.2528418444569,-2.12691289999999,225048008.0,10.8520711478648,-0.5885779,6.7749044109302,17.323473226498,,-0.935414899999999,60.7244682312012,12.3855320643093,,53.6164937473016,6.657,44.6301761521872,3.07416318395302,4.25941501920559,3.02504526252236,0.40174591541290283,2.252575397491455,0.4377042055130005,94.51338958740234,220.30946899999998,861196.1875,842517.75,1328791.75,0.4540485441684723
IDN,2004,-1.1642347,,0.608561329917371,53.3540032243905,89.0,8938.85,13.5283305010528,0.738243979887563,5.03087394501685,6843.54654972364,-0.7626847,20.7642899473513,,26.6532944595042,6.06406189133648,24.0563663747717,65.521,28.0658265856536,-1.6568197,227926649.0,5.1344102312341,-0.5018689,5.420563210953,18.3655094623452,,-0.769980799999999,62.9758682250977,12.3307678952353,,59.761294836691,7.303,45.4476736441888,4.49537859755031,10.211060301273,3.51799903099596,0.41182124614715576,2.2753305435180664,0.4593026340007782,95.38381958007812,223.285676,941024.1875,921806.25,1395641.625,0.45093733072280884
IDN,2005,-1.1351666,,0.0970882462390686,52.8815735759382,84.8,9704.74166666666,16.6013141881483,2.91611483313067,5.69257130383384,7140.8545640704,-0.7337593,24.3384866318462,,17.768948415452,10.4532001873347,25.0814099389568,67.531,27.4075074800459,-1.403589,230871650.0,-0.245735467014772,-0.4030391,4.10478485517762,,,-0.765255999999999,61.6382789611816,,101.4,63.9879358688635,7.945,46.2373757571669,4.0591513939051,6.97010195405532,4.10725070715931,0.42527493834495544,2.2983152866363525,0.48570534586906433,96.16926574707031,226.28947,1035490.875,1007610.1875,1475089.5,0.4386868178844452
IDN,2006,-0.896932499999999,,2.97870868013903,52.4846088421651,90.6,9159.31666666667,9.40552567875197,1.34794264068931,5.50095178520348,7434.48785352221,-0.5173516,25.7771435873662,,8.5826675436264,13.108670985346,25.4002172943548,67.664,27.5375740802454,-1.1230422,233951652.0,1.65815142163521,-0.1787479,4.91547534687069,,,-0.6506633,64.6422119140625,,102.1,56.6571268148867,7.551,47.0017588692457,4.48913510541222,8.49180561935788,4.26717463390264,0.4293791651725769,2.321532726287842,0.5106827616691589,96.86589813232422,229.31826199999998,1143613.75,1118665.625,1556233.625,0.4398828446865082
IDN,2007,-0.703207999999999,,2.42726412696792,52.1311902636998,91.1,9141.0,8.54297971549755,1.6030105718879,6.34502222667214,7802.46406905954,-0.4571356,25.1791234447947,,9.06425835234552,6.40656087966005,24.9202838487256,67.914,27.0484127487931,-0.8635335,237062337.0,2.3396740908807,-0.2282939,5.67712529732221,,,-0.626456999999999,71.8545074462891,,104.5,54.8292499782075,8.06,47.7432993585496,4.43123376835285,6.65749601979584,4.81023704342912,0.4194738566875458,2.344984292984009,0.5395439863204956,100.31241607666016,232.374245,1273085.25,1252987.625,1654976.75,0.4466852843761444
IDN,2008,-0.5325944,,0.0246933252771075,51.796391603422,92.7,9698.9625,9.53346069962357,1.82632902403998,6.01370360009123,8165.06155116624,-0.4526811,28.45241261442,,10.0025672568361,10.2266663272483,27.8162445798583,68.085,27.8142729854303,-0.711286,240157903.0,-3.85224502633452,-0.1516209,4.00096264531685,19.7878439982375,,-0.5772889,70.1684417724609,13.3106178269489,106.8,58.5613996312961,7.208,48.4644736032029,2.0916044806491,2.97004947697062,8.94995335353387,0.43361538648605347,2.3686728477478027,0.5761381983757019,103.50788116455078,235.469762,1525991.5,1502774.875,1754502.375,0.4542015492916107
IDN,2009,-0.6204124,27.6587104878441,1.9697705622352,51.4312184816146,93.6,10389.9375,-9.69013804966123,0.90391941965406,4.62887118256153,8435.4557468629,-0.3302307,29.0563767984661,,-14.9774544546493,4.38641311792074,30.9851924139981,68.267,26.3554745271064,-0.637084499999999,243220028.0,5.7479520957843,-0.1179653,6.54684575689915,15.1082541024723,0.08332,-0.5530581,74.5035934448242,11.0577865188848,97.9,45.5121213687054,6.106,49.16775798133,-1.33303814192499,-9.59622731679175,2.86044855902674,0.4066353738307953,2.3926005363464355,0.6104745864868164,105.68631744384766,238.62056299999998,1693628.125,1666514.0,1835716.0,0.4662141501903534
IDN,2010,-0.663338299999999,27.2530411349395,0.681277286848337,51.0659039313865,94.2,9090.43333333333,15.2663224108565,2.02517914569356,6.22385418062366,8848.22473702066,-0.2531404,32.7274229888351,12.3118145549136,17.344322978662,5.13420639015885,32.8801214533558,68.364,22.0386285924438,-0.778454699999999,246305322.0,-1.74609753559601,-0.1461447,6.86991432991074,,,-0.6518311,75.6519088745117,,108.3,46.7012738758737,5.614,49.8521375148888,4.52085213873784,11.8470983952319,3.32634463368643,0.40595996379852295,2.4167702198028564,0.6488274335861206,108.15474700927734,241.834215,2000498.0,1977505.375,1949968.25,0.4658448100090027
IDN,2011,-0.6451671,30.0821993577662,0.188703954012605,50.7251147654356,94.8,8770.43333333333,14.7699192430282,2.30298429381592,6.16978420771008,9274.96955181702,-0.3273953,33.2200730493007,10.8171407679199,15.0288827139723,5.35604849112582,32.9843332593045,68.629,21.7608545038476,-0.7510901,249470032.0,4.59437674883757,-0.151232199999999,6.05969044940623,,,-0.285231299999999,78.1330718994141,,111.7,50.1800131841104,5.153,50.4830017089844,3.31431839310667,5.51788947035175,4.80063594169405,0.4564881920814514,2.4021310806274414,0.6920444369316101,109.73108673095703,245.115987,2425952.5,2396154.5,2070277.0,0.4591916799545288
IDN,2012,-0.772433599999999,33.4341714348422,-2.66027359471414,50.3950625185566,96.0,9386.62916666667,1.60874874973331,2.30978031853073,6.03005065305615,9708.61182531081,-0.257083599999999,31.9853697689232,10.871757163658,7.99841121699345,4.2795142691943,35.0715936108893,68.862,21.4509550553875,-0.5992727,252698525.0,7.75018856489028,-0.179268799999999,5.58937942738163,,,-0.3852324,80.0926818847656,,102.8,49.5828982992627,4.468,51.1593933105469,2.74743359443485,2.74285501350239,3.72532666110646,0.47346481680870056,2.387580633163452,0.7398412227630615,113.28341674804688,248.451722,2596155.25,2561309.5,2195115.75,0.4593733251094818
IDN,2013,-0.727894399999999,36.0581396070456,-3.18996482895809,50.043914325018,96.5,10461.24,4.16695751315731,2.55135633401058,5.5572636889101,10121.8141535043,-0.1633885,31.1217666400168,9.67606262852233,1.86189666230503,6.41249457900391,33.8313567879018,69.064,21.0286886817218,-0.6180612,255852467.0,6.37493124212137,-0.0485665,4.95031846769598,,0.0847,-0.419998,81.8896974781343,,100.0,48.6373726752893,4.336,51.8307495117188,2.88974765617324,3.15001331842582,2.65167342916577,0.47141432762145996,2.3731181621551514,0.7881818413734436,114.34534454345703,251.805307,2627955.5,2620225.0,2317104.0,0.46118760108947754
IDN,2014,-0.7150247,36.4235451552096,-3.08816907525921,49.6839805094095,97.0,11865.2112962963,1.07463959746592,2.81997260412102,5.006668425755,10504.3869411088,0.3191278,30.6689094593309,9.32850761968047,2.11970235031443,6.39492882396559,34.6003439149803,69.292,21.0751760505565,-0.385008199999999,258877399.0,6.79211858069728,0.0028168,5.74432339947261,,,-0.338428,83.5559949258569,,100.8,48.0801755855227,4.049,52.5002136230469,3.16849193058366,3.47031825748584,2.39371597209796,0.4656573235988617,2.35874342918396,0.8373715281486511,116.39897918701172,255.128076,2673558.25,2668206.25,2433113.75,0.46375057101249695
IDN,2015,-0.5229666,39.1187982955119,-2.03504192745969,49.3596437927725,97.5,13389.4129365079,-2.12023972433835,2.29761639380441,4.87632230022123,10893.6621142169,-0.062646,30.1233564897489,8.88987824359938,-6.24901105161196,6.36312061196646,34.0627921803386,69.52,20.9857874310206,-0.5390218,261799249.0,8.34991063469474,-0.1393886,6.44616105766404,,,-0.3812221,87.8423207929976,,100.0,41.9376402415294,4.514,53.1720771789551,3.12721325699906,3.3526080435236,1.43702380935655,0.4473310112953186,2.3444557189941406,0.8889528512954712,117.8330078125,258.38325599999996,2654915.0,2647758.75,2551760.25,0.46375057101249695
IDN,2016,-0.482257599999999,39.4024246939414,-1.81915089251384,49.0806241774761,97.6,13308.3268020542,-1.66050861328918,0.487372471368879,5.03306918280177,11319.6634287738,0.1221929,29.9227683259243,7.99860974921307,-2.40511308540454,3.52580452815451,33.8587393039462,69.733,20.5229746805052,-0.463383,264627418.0,9.2244323441321,0.0343509,7.22588805609531,,0.24535,-0.321809499999999,87.8191791728036,,105.1,37.4213418023318,4.301,53.812557220459,2.78974074234593,2.55312687440671,1.59691227583204,0.4430676996707916,2.330254554748535,0.9427095055580139,119.52983856201172,261.556381,2692362.5,2698172.0,2680192.0,0.46375057101249695
IDN,2017,-0.3767695,38.7323495613041,-1.59465689989364,48.813317657578,98.1,13380.8338788891,8.89729217600718,2.01948919812582,5.06978590134916,11772.5743296107,0.1565617,30.8783634343379,8.44632702628773,8.06794624897262,3.80879857691949,33.7105947957751,69.953,20.1600223614347,-0.5816146,267346658.0,6.50156399609039,0.1002062,7.08716242011101,,0.23805,-0.3165999,90.9455391241064,,108.1,39.3554970704606,3.783,54.4541015625,3.44658623167955,5.17026302354977,2.22314331448899,0.44398781657218933,2.3161394596099854,1.0,122.7806396484375,264.650963,2816072.25,2816072.25,2816072.25,0.46375057101249695
IDN,2018,-0.338129499999999,38.8054496665639,-2.93907291477017,48.5572855648717,98.5,14236.9387734818,6.51414738149725,1.81428979349441,5.17429153955024,12262.2310300771,0.2534613,31.6805227940956,8.21299200751234,12.1360161422099,3.19834755924996,34.5705858319707,70.08,19.8631933835963,-0.5428012,269951846.0,6.47124983937938,0.0734587999999999,5.59560758848402,,0.22632,-0.2197187,92.8120739600443,,103.7,43.0743089552002,4.387,55.0956840515137,3.28663086462807,4.12857650045815,2.44258329692817,0.4532322585582733,2.302109718322754,1.0610411167144775,127.06783294677734,267.670543,3003736.75,3010715.75,2961655.0,0.46375057101249695
IDN,2019,-0.427850399999999,38.3726939516609,-2.7056619813955,48.3187310528364,98.8,14147.6713605454,-0.477023225590827,2.23336204282241,5.01928768046282,12757.7850854842,0.3122885,30.9027135119119,8.09206094724751,-7.12694051761916,3.03058460941661,33.7801423773995,70.349,19.7035390875513,-0.5802685,272489381.0,8.62940479031397,0.1109827,6.31777434419502,,0.27129,-0.1919729,94.9467044891028,,98.5,37.6277775357108,3.59,55.7382049560547,2.680308747553,1.27890715448402,2.20607305781525,0.4474089443683624,2.2881650924682617,1.1296204328536987,131.17068481445312,270.625568,3120405.75,3137931.0,3110469.5,0.46375057101249695
IDN,2020,-0.3456603,38.6795390891453,-0.418606247736126,48.0216798448748,97.0,14582.2034678177,-8.41781579802249,1.81058402027127,-2.06551182934165,12388.5449268131,0.213754,29.2246087288697,8.4247469855579,-17.6049570121681,1.91983527270793,32.3434120537481,68.817,19.8664218856304,-0.539945999999999,274814866.0,9.98592671987596,0.2247809,8.40697484639797,,0.28068,-0.1479773,96.9345779132931,,102.2,32.9721754002427,4.255,56.2785287648768,-2.88621185457086,-8.51501859309677,1.90509722047501,,,,,,,,,
IDN,2021,-0.416213499999999,36.9908270556254,0.295885914526078,47.6279810142978,99.2,14308.1439011897,17.990291198846,1.7878556314554,3.70288562827751,12757.0746440204,0.1470804,32.9372955843682,7.20127970144306,24.8583825743383,1.56007882983334,31.4488724858485,67.452,19.2434077817738,-0.6496757,276758053.0,2.7532239499583,0.3421673,6.78517585393017,,,-0.1436778,97.8441479813619,,115.0,40.2047582749671,3.827,56.8761702464027,6.48508887596752,9.98381025527803,3.47540320289875,,,,,,,,,
IDN,2022,-0.3702139,35.2884329632689,1.00182875104005,47.2726576874372,100.0,14849.8539362105,16.2315353961458,1.87264100861425,5.30719722664799,13334.2653947637,0.2328093,37.0041185901717,8.30819306709832,14.9956847171524,4.20946463714784,29.7453138212259,70.925,18.3361771080329,-0.7624666,278830529.0,-0.957376340510307,0.2811244,5.21322077470096,,,-0.1291182,97.8167602714893,,125.1,45.4646701959453,3.462,57.4934704226599,3.44001097265647,7.04279770032062,8.08169507021982,,,,,,,,,
IDN,2023,-0.4431661,36.0129512588691,-0.148899596516736,47.0224568841154,99.4,15236.8846620506,1.7255292242817,1.57116966408747,5.04883117855516,13889.9495012858,0.2732116,35.8619339722029,9.08308687782522,-1.24386026028826,3.66938654859761,30.3426390629498,71.146,18.6674487916783,-0.613745,281190067.0,7.2850532563888,0.3408081,5.72806559441344,,,-0.0817572,96.0002120295081,,108.4,41.4604765447233,3.308,58.1179353397878,2.85938493335973,0.761537454221255,5.79944107391962,,,,,,,,,
IDN,2024,-0.5446152,36.3924067095141,-0.614730078804115,46.8135550051726,99.9,15855.4482866711,6.85182223090438,1.73855290316368,5.03257477088519,14470.7179806578,0.179804,34.6828714970206,8.7110437578916,8.14784909604982,2.18151273615189,31.396316156558,71.288,18.984004004374,-0.609127499999999,283487931.0,7.83615232511325,0.1247202,5.72012468838059,,,-0.206598099999999,98.836444459078,,110.2,42.809937870822,3.301,58.7509635387997,2.90001340156714,2.86531604224305,3.01447576977999,,,,,,,,,
IND,1990,,24.9164565697186,-2.19193586906134,74.2102460090207,,17.5035,11.1044182125271,0.0737400205365026,5.53345456306495,2139.82749174123,,21.2135632354218,,3.36582275555688,8.97123250273255,27.3361977013687,58.618,16.597596442222,,864972221.0,5.26952700008166,,2.0364027734552,12.4259427393062,,,,9.99359139610285,,15.5062615101965,,25.5784017345035,2.70835661034906,5.27155007050217,8.06346090938833,0.31278350949287415,1.4869214296340942,0.1327311396598816,345.3869934082031,873.277798,1283709.625,1248876.875,1581110.375,0.6799628734588623
IND,1991,,23.8217444526828,-1.58891131223691,73.6394717785432,,22.7424333333333,9.66228632692344,0.0272255401825464,1.05683143296179,2116.06939249228,,21.7599660966497,,0.0152004839390116,13.8702461773683,25.1405052782292,59.032,15.6762601605127,,883927600.0,3.62471659370101,,2.92296631274637,12.8849602416065,,,,10.1709224201253,,16.9877265511351,7.641,25.7797610905819,1.22518126757618,2.92537855288582,8.99693873494331,0.30945369601249695,1.509102702140808,0.14039164781570435,354.10601806640625,891.273209,1324646.375,1288912.625,1597820.125,0.6759575605392456
IND,1992,,24.6982402507395,-1.55624498023457,73.0414337152497,,25.9180833333333,4.89324425528636,0.0959419487133591,5.48239602167003,2185.04046180678,,23.2468016207748,,21.1280793157119,11.7878170418134,27.44020415513,59.445,15.8007998170807,,902957070.0,9.13274940718683,,3.37116986123404,12.8183816979894,,,,9.80522844222105,,18.433099041828,7.649,25.9808576702657,2.06322489260802,3.36115645327708,7.63610852336974,0.30418723821640015,1.531614899635315,0.14925532042980194,363.08441162109375,909.307016,1398622.875,1359505.5,1685419.0,0.6695857644081116
IND,1993,,23.8320553867162,-0.671618869530872,72.42005748992,50.9,30.4932916666667,13.7795937628921,0.197056426383431,4.7507762195799,2241.28535932488,,24.0830792774423,,19.2672648021571,6.32689048779867,22.716410511618,59.823,15.9157121078439,,922118387.0,5.81477651395944,,5.07094897356213,11.4755558481448,,,44.8495216369629,8.53523362003571,,19.6515397864684,7.662,26.1767814681192,1.85802699127092,3.56355749103992,7.14458706876257,0.31055906414985657,1.5544629096984863,0.1566721498966217,372.4365539550781,927.40386,1471519.375,1431690.5,1765489.375,0.6555981636047363
IND,1994,,23.6473414046455,-0.512193818555588,71.767235521839,49.8113098144531,31.3737425,13.0436650861106,0.297386581392873,6.65892406747307,2342.15609263829,,25.9510065459184,,22.6015933257036,10.2479355556119,26.3101665553988,60.237,16.764138131312,,941163767.0,4.33710973482931,,6.88055422641741,11.8923278215031,,,45.1687202453613,8.98177201647929,,20.0781443769255,7.593,26.3710188638872,3.41622758531712,8.90351962923714,10.2479355556119,0.3147927224636078,1.5776517391204834,0.1652718484401703,377.7109680175781,945.601831,1554786.25,1516147.75,1883052.0,0.6416736841201782
IND,1995,,22.5107747023582,-1.54413181166043,71.0333210055779,51.4087753295898,32.4270766666667,31.3960730949829,0.594986329567616,7.57449184027195,2469.3516292637,,26.9673910930445,,28.1258783209279,10.2248861637545,29.1523371515588,60.63,17.8658505968554,,960301044.0,5.86417811143065,,5.13385971679427,12.1640765866752,,,44.9552116394043,9.22682469090603,,22.8674487062499,7.57,26.5661772139368,3.17807321635462,9.01297366456417,9.07738095238091,0.33110368251800537,1.6011863946914673,0.17544573545455933,381.69012451171875,963.9225879999999,1682469.0,1641349.75,2025683.75,0.6244466304779053
IND,1996,-0.2644045,23.4024420368578,-1.51595497295368,70.2088855735137,53.0035209655762,35.4331733333333,6.28973043803501,0.617479351603705,7.54952224888829,2603.24632974171,-0.2447752,27.047935038253,,-2.43998772033305,8.97715233826453,22.7592531809279,61.027,17.5963408006414,-0.9656444,979678458.0,7.79299429998575,-0.6386341,5.00904589274726,12.2382452664922,0.63905,0.2184831,44.8827896118164,9.23146869089268,,21.9294878713867,7.537,26.7648638746349,3.58623401800118,6.43102237277841,6.52609569372579,0.33557984232902527,1.6403032541275024,0.1862136274576187,385.8723449707031,982.365243,1814061.25,1774658.0,2178613.0,0.6234526634216309
IND,1997,,23.5553253462263,-0.713014326393888,69.3432839707025,54.5948638916016,36.3132858333333,-2.32817623885214,0.860208959660141,4.04982084902483,2655.92939429507,,27.550434015696,,13.2006841139041,7.16425211462721,25.6927329065132,61.439,16.5185785304333,,999133762.0,6.90957899433557,,5.39180134948693,11.960119877154,0.68669,,45.3552589416504,9.00857773269381,,22.6193868670479,7.574,26.9696862023486,3.99678915639295,9.47428529362406,5.55412988949405,0.3289378881454468,1.680375576019287,0.1996416449546814,390.4251403808594,1000.9000299999999,1893257.5,1855923.25,2266842.75,0.6226934790611267
IND,1998,-0.1548337,23.6777468578745,-1.63832533358649,68.4423001360828,56.1821327209473,41.259365,13.8843218369882,0.625286204187864,6.18441582080355,2766.110488608,-0.4484838,25.8895046456057,,20.8455913296147,13.2308389767977,24.9753699423901,61.852,15.7193160164939,-1.0558979,1018665080.0,5.12127632786376,-0.5863328,5.6743768531153,10.9903700516407,0.70378,0.1953286,,8.11314351097825,,23.6994700790647,7.596,27.1832515534447,2.78125282205437,4.5071475292704,5.09729149331442,0.33201998472213745,1.7183970212936401,0.21411822736263275,395.1845703125,1019.483581,2047888.25,2014961.375,2407034.0,0.6108543872833252
IND,1999,,25.4228622073471,-0.703547232193242,67.5027186489675,60.1,43.0554283333334,17.9994694796033,0.472644191458928,8.84575556114116,2954.0688560393,,25.6375329054903,,6.99250706350875,4.6698203803759,30.9580879683861,62.284,15.1805367132738,,1038225823.0,9.19124732414105,,6.31148133710289,11.7032891029828,0.72413,,42.9011917114258,8.63830002757078,,24.8155980442929,7.583,27.4081672842903,3.57856819120765,5.32456715779929,3.04194667094533,0.3324010968208313,1.7499445676803589,0.23396886885166168,400.2873229980469,1038.058156,2197551.75,2157765.5,2619954.25,0.602292537689209
IND,2000,-0.2110909,28.3395511575183,-0.982342580017138,66.5658129376285,60.3,44.941605,18.15351102668,0.765211694280817,3.84099115686554,3010.42156148397,-0.5480326,26.1190237335753,,4.5897164622023,4.0094359104519,25.677316683955,62.749,15.9270230184323,-0.9733951,1057922733.0,8.34261083169541,-0.3746035,6.1214797944893,11.7034288840812,0.75699,0.2604152,47.1734390258789,8.81014349636308,,26.9009229104474,7.589,27.6470407512523,4.56720186018067,11.7816277096899,3.43351563418764,0.32761234045028687,1.7820713520050049,0.2511044144630432,409.24859619140625,1056.575549,2305846.25,2258594.0,2720586.5,0.5954799652099609
IND,2001,,28.6194154254102,0.290495460210208,65.6393614041737,62.0,47.1864141666667,4.30952451725524,1.05638020993358,4.82396626397303,3097.16224022342,,26.25988449921,,2.94424857484256,3.77929312235637,29.9078889827325,63.158,15.3070212831531,,1077898575.0,8.59144929472996,,7.45295243694093,11.0400508601551,0.73591,,46.8245811462402,8.07945444456957,,25.9932547534365,7.611,27.9028652096636,2.02994447591411,0.665655850400682,3.83657262052543,0.3257661461830139,1.7967816591262817,0.2732391655445099,419.76202392578125,1075.000085,2437321.25,2380421.25,2851826.75,0.5832549333572388
IND,2002,-0.5564837,32.3064890735537,1.37093793900847,64.7352214074379,62.3,48.6103191666667,21.0850028144198,1.01156946489919,3.80397532120038,3157.26903770593,-0.4818453,28.1114783442437,,11.996819377564,4.29715203929562,30.2513001207186,63.649,15.5587017262956,-1.2778882,1097600380.0,7.90717718905634,-0.389617799999999,10.3730834871592,11.5941347100743,0.72567,-0.0434055999999999,48.8069381713867,8.67627393090217,,29.5086629350614,7.681,28.1756878910456,2.31891535273219,2.75388195938507,2.90799688587762,0.32699501514434814,1.8116134405136108,0.2927565276622772,430.7332763671875,1093.3171889999999,2579105.25,2510063.5,2960309.5,0.5583105087280273
IND,2003,-0.547555599999999,31.6262656186491,1.44355773291234,63.8360537864219,65.4,46.5832841666667,9.58221992057666,0.605887857091792,7.86038147545045,3346.8882902915,-0.4274791,30.4709582553129,,13.8839169499595,3.80585899528853,30.8396999424416,64.086,15.587386648646,-1.42092669999999,1116803006.0,7.30788115992965,-0.441382,12.2832820147208,11.8531218371758,0.71929,0.0275527,51.4255714416504,9.10808432214403,,30.592436132908,7.633,28.4660287698,3.07416318395302,4.25941501920559,3.02504526252236,0.3322168290615082,1.8265676498413086,0.31308478116989136,442.3812255859375,1111.523144,2812778.5,2737701.5,3193001.25,0.5503489971160889
IND,2004,-0.3879804,36.1918038545968,0.110018010197154,62.8827039448926,64.4,45.3164666666666,27.1764118208857,0.765596855110284,7.92293661307978,3551.04731213773,-0.1952701,33.3325546576999,,22.1952347392272,3.76725173477517,35.0964917017773,64.484,15.8272457405027,-1.0339705,1135991513.0,4.91012830439652,-0.2047551,11.3051095119993,12.0829219683708,0.7569,0.0575144,53.247371673584,9.57081708050975,,37.503814059447,7.598,28.7726067228528,4.49537859755031,10.211060301273,3.51799903099596,0.34326592087745667,1.8416452407836914,0.33864396810531616,454.54498291015625,1129.623456,3072820.25,2993553.75,3445980.75,0.5142386555671692
IND,2005,-0.4094793,40.0679804780573,-1.25350400207393,61.9081709086155,68.8,44.099975,26.0850744275319,0.886098378458823,7.92343062131789,3770.39653173829,-0.1809739,34.4180152872324,,32.2696449019157,4.24634362031924,37.4282640165983,64.939,15.9730170446131,-0.8561375,1154676322.0,4.85514517170548,-0.177473699999999,8.51847317184615,12.3350942450845,0.82411,0.1692788,55.9314002990723,10.0809315263538,85.9,42.0016696148691,7.551,29.0945497159107,4.0591513939051,6.97010195405532,4.10725070715931,0.36963552236557007,1.8568472862243652,0.37058719992637634,457.6380615234375,1147.609927,3538031.75,3412601.75,3719020.5,0.5009073615074158
IND,2006,-0.2300042,43.6277524334268,-0.988988302952292,60.9024728456723,67.9,45.3070083333333,20.3938054980941,2.13016842534495,8.06073257305057,4011.08647585805,-0.1259439,36.3605321112763,,21.5046442152161,5.79652337561634,38.9985063717532,65.373,17.3036533311925,-0.8196652,1172878890.0,2.57060670308207,-0.1925709,8.91992866511892,13.3167898343502,0.80473,0.2268876,56.7859497070312,11.1293370539779,83.8,45.7244804992652,7.553,29.4309857146804,4.48913510541222,8.49180561935788,4.26717463390264,0.38915112614631653,1.8782007694244385,0.4076441824436188,457.9736633300781,1165.486291,3942002.25,3824682.5,4018801.0,0.48188790678977966
IND,2007,-0.327370999999999,45.6277647457138,-0.663717648772609,59.8780645451957,72.3,41.3485333333333,5.86653905042269,2.07339404668754,7.66081506510766,4253.82139046739,-0.0160503,37.0113890041504,,9.95158720673712,6.37288135593231,41.9507982267334,65.803,16.8645677754068,-0.8184973,1190676021.0,5.68184406266903,-0.2088541,11.1391919314526,14.4395957808587,0.80507,0.1942209,59.1478385925293,12.1083469904149,79.8,45.686268679348,7.562,29.7810426848684,4.43123376835285,6.65749601979584,4.81023704342912,0.4064489006996155,1.8997995853424072,0.45283272862434387,459.0289001464844,1183.209472,4394168.5,4285933.0,4326674.0,0.48065128922462463
IND,2008,-0.2950408,49.559366687116,-2.58337749259838,58.8878284434793,74.1,43.5051833333333,14.7781351312756,3.6205232354017,3.08669805950082,4322.48378983546,-0.1554864,36.2540826332604,,22.4486257894201,8.34926704907575,38.4224196528192,66.247,17.0986741489578,-0.7693557,1207930964.0,3.77175624993679,-0.2663175,7.71425265694142,12.7597307966559,0.85876,0.1618552,62.2119216918945,10.9771721522223,79.8,53.3682204392226,7.629,30.1438485921815,2.0916044806491,2.97004947697062,8.94995335353387,0.3986629843711853,1.9216468334197998,0.495568186044693,460.81292724609375,1200.6697649999999,4668518.0,4544137.0,4460225.5,0.5013304948806763
IND,2009,-0.3452533,48.1244479112046,-1.95146209111802,57.9164697840483,75.0,48.4052666666666,-4.83422535388171,2.65159033235479,7.8618888330338,4595.37990753812,-0.0934347,35.6174348132095,9.56909614274288,-1.92581617962976,10.8823529411764,39.2567917551336,66.7,17.1435776672846,-0.913954899999999,1225524753.0,4.80859210783414,-0.2438041,9.77371114314451,11.4202885918772,0.83314,0.150293,61.3603210449219,9.80972540638804,92.9,46.2728696428837,7.636,30.5185314023263,-1.33303814192499,-9.59622731679175,2.86044855902674,0.39067113399505615,1.9437453746795654,0.5413351655006409,463.6325988769531,1217.726215,4983383.0,4860653.5,4810883.0,0.5107861161231995
IND,2010,-0.3618247,50.5553749785224,-3.25348368945179,56.9435299366504,76.3,45.7258121212121,19.4781354577428,1.6350340943491,8.49758470165625,4913.87639723705,-0.114147699999999,36.3058750410672,7.73016032755592,15.8118914649298,11.9893899204245,39.7856241847736,67.162,17.0299342498624,-0.942319199999999,1243481564.0,-1.98385922190105,-0.277761,7.76063411026838,13.1835965373763,0.78849,0.0630896,64.9475936889648,10.3880397905312,91.4,49.2552064974161,7.631,30.9042190810094,4.52085213873784,11.8470983952319,3.32634463368643,0.41127240657806396,1.9660980701446533,0.5936337113380432,467.4125061035156,1234.28117,5737298.0,5621831.5,5219692.0,0.5105488300323486
IND,2011,-0.4906967,51.2892331325447,-3.42928468606061,55.9876762675338,79.5,46.6704666666667,15.4929814533167,2.0020634629993,5.24131620024293,5098.67458775444,-0.0726295,35.1317930938104,7.87117262454535,20.4117318755016,8.9117933648336,39.590421855219,67.623,16.1393374446289,-1.1659038,1261224954.0,1.31798086277381,-0.3395793,6.18879010347658,11.4959960090891,0.75502,-0.0132833999999999,67.1251678466797,10.1773871997608,88.0,55.6238800135298,7.609,31.2746502853309,3.31431839310667,5.51788947035175,4.80063594169405,0.4191390872001648,1.9878915548324585,0.6519699692726135,472.2144775390625,1250.287943,6227856.0,6118499.0,5493272.5,0.5119836330413818
IND,2012,-0.5029878,51.8885076473464,-5.00488971805303,55.060078071414,79.9,53.4372333333333,6.80548879831251,1.31293453035323,5.45638755164772,5303.50197767655,-0.0887591,35.261292320436,7.70439427946636,6.02179663723983,9.47899691419793,38.3474156730403,68.076,15.8169230071066,-1.15725679999999,1278674502.0,2.47352048879141,-0.3740965,5.90371509588661,12.599872776486,0.74399,-0.1308812,69.8089599609375,10.8367717209692,88.1,55.7937217287511,7.645,31.5898935604399,2.74743359443485,2.74285501350239,3.72532666110646,0.4380268454551697,2.0099265575408936,0.7113856673240662,469.8310852050781,1265.780247,6760591.0,6620450.5,5793006.0,0.5114070773124695
IND,2013,-0.4708017,52.385709516972,-2.64566711733892,54.1378376565175,83.1,58.5978454166667,7.79238923808983,1.5162764665975,6.38610640091713,5567.49439418718,-0.0587027,34.3046574869553,8.87350364988968,-8.14580095209463,10.0178784746104,34.0231978997548,68.499,15.253022692586,-1.17090389999999,1295829511.0,3.8659928626783,-0.3722425,6.02774649537524,12.6089934124693,0.70642,-0.1159615,69.4771270751953,11.0016256942917,90.4,53.8441319466777,7.678,31.9096789235237,2.88974765617324,3.15001331842582,2.65167342916577,0.4217481017112732,2.032205820083618,0.7627214789390564,483.8543395996094,1280.842125,6794392.0,6707768.5,6162954.0,0.5159932374954224
IND,2014,-0.4139641,51.8821873589628,-1.33950896483453,53.2421090234343,85.1,61.0295144607843,1.77759073362208,1.69565958990806,7.41022760516977,5905.10618204633,-0.0134938,33.4660257489805,9.22122174793918,0.871230764189463,6.66565671867899,34.2678056268836,68.932,15.0655701107589,-0.817516599999999,1312277191.0,6.6951760905166,-0.380901899999999,6.5991330802017,11.550620644555,0.70158,-0.165636199999999,74.8887023925781,9.98465419071312,91.7,48.9221857470669,7.656,32.2288233408821,3.16849193058366,3.47031825748584,2.39371597209796,0.4254571497440338,2.054732084274292,0.8135003447532654,483.0845947265625,1295.600772,7053125.5,6992451.5,6619643.5,0.5157233476638794
IND,2015,-0.3449931,51.8675240772049,-1.06754907167965,52.3977058192572,88.0,64.1519444632786,-5.64708727449815,2.09211521443253,7.99625378567987,6301.67346968236,0.3968483,32.4539241111902,8.02476917234515,-5.85004368152649,4.90697344127249,32.1167301358276,69.326,15.5838545863713,-0.7619187,1328024498.0,7.55648841350514,-0.3303195,8.00309182929653,12.4152095425778,0.6931,-0.1374229,74.6113662719727,10.5697090519718,100.0,41.9229138658647,7.629,32.5472990022299,3.12721325699906,3.3526080435236,1.43702380935655,0.43416547775268555,2.077507972717285,0.8700788617134094,482.7004699707031,1310.152403,7413799.5,7381976.0,7148966.5,0.5073056221008301
IND,2016,-0.2852229,38.2036507912231,-0.52788060603752,51.5768937298059,89.6,67.1953128073894,4.98425762094783,1.9373641224439,8.25630550176662,6741.14883185347,0.3761225,31.7264147403683,7.66325704378624,4.38189390368777,4.94821634062134,30.172690580036,69.709,15.1622371332529,-0.7362183,1343944296.0,6.23271141480041,-0.2535746,8.43013905768235,12.8510169890546,0.66984,-0.0823440999999999,75.9372863769531,11.1477384183764,105.0,40.082485713276,7.611,32.8650780972823,2.78974074234593,2.55312687440671,1.59691227583204,0.4405019283294678,2.100536346435547,0.9321589469909668,482.989013671875,1324.517249,7806553.0,7796715.0,7739207.0,0.5175037384033203
IND,2017,-0.2244224,38.1707138624147,-1.43948820320989,50.7672033452389,91.8,65.1215686450659,4.56470776319129,1.50731583255894,6.79538341902422,7116.03659185396,0.3527821,31.7067531706123,7.36208114076572,17.41998337553,3.32817337461305,30.9821728344733,70.068,15.0182387501718,-0.572111399999999,1359657400.0,5.3276088624176,-0.215826699999999,8.16271866943629,12.7267619005257,0.66603,-0.0399917,74.6743774414062,11.3874439798131,100.4,40.7424969545225,7.626,33.1821328157539,3.44658623167955,5.17026302354977,2.22314331448899,0.4451795816421509,2.1238200664520264,1.0,487.19097900390625,1338.6767849999999,8284343.0,8284343.0,8284343.0,0.5218037366867065
IND,2018,-0.2079644,38.8975254010362,-2.42697545810527,50.0307900245271,95.7,68.3894670935422,11.9318707467268,1.55821483801456,6.45385134495295,7492.62576755145,0.5015296,31.4104922311412,9.04145168835151,8.82269675202048,3.93882646691643,32.3432182154485,70.415,14.8815306673017,-0.6785888,1374659064.0,5.36166638952418,-0.1555625,6.90105548512364,13.1885329486481,0.66001,0.020334,76.0025787353516,12.0174277483166,95.6,43.6169693323889,7.652,33.4984353473598,3.28663086462807,4.12857650045815,2.44258329692817,0.4515715539455414,2.1473617553710938,1.0728684663772583,491.07720947265625,1352.64228,8881577.0,8899718.0,8791310.0,0.5218037366867065
IND,2019,-0.2183329,38.73794497616,-1.04961203910072,49.3781313856783,95.9,70.4203405359551,-3.38497816237131,1.78482633957161,3.87143694070524,7702.17634811957,0.5054858,29.7022005792949,10.2237396907979,-0.838956281219424,3.72950573539123,30.0961975685688,70.746,13.4558075633394,-0.590466199999999,1389030312.0,6.8948754272989,-0.0981205,8.27365940048396,,0.65942,-0.0201063,75.8716506958008,,97.9,39.9054035306442,6.51,33.8139578818147,2.680308747553,1.27890715448402,2.20607305781525,0.44310885667800903,2.1711645126342773,1.1359347105026245,497.61572265625,1366.4177539999998,9142121.0,9170555.0,9163052.0,0.5218037366867065
IND,2020,-0.254487099999999,40.7867848551821,1.22362111042791,48.725925362152,96.5,74.0995668836052,-6.95623827863123,2.40620322673636,-5.77772470687303,7186.86447099679,0.3492894,28.6796821131572,11.0325638466576,-12.6226498983775,6.6234367762853,28.9223840080659,70.156,14.1204853576923,-0.720631199999999,1402617695.0,4.13599957785852,-0.1486534,12.9323281065786,,0.64558,-0.1029725,77.6271548412386,,103.1,37.7581053292768,7.859,34.1286726088333,-2.88621185457086,-8.51501859309677,1.90509722047501,,,,,,,,,
IND,2021,-0.300757,36.8920885102897,-1.05524166809383,48.0405766189907,99.6,73.9180128154351,29.5992945036136,1.41217101040888,9.68959249191741,7818.65701757504,0.2400136,29.8661330649563,10.2125596625118,22.0944224617339,5.13140747176364,32.1158221755014,67.282,14.3770288531286,-0.6015988,1414203896.0,0.316945144201484,-0.169914899999999,9.84238574452328,,,-0.1841026,80.6246396728944,,91.0,45.4230887840446,6.38,34.4425517181304,6.48508887596752,9.98381025527803,3.47540320289875,,,,,,,,,
IND,2022,-0.2924866,38.1859763563586,-2.43238270956779,47.4637059570602,99.2,78.6044905829916,10.3210083024544,1.53665241748393,7.6093649776932,8347.38478647086,0.3392526,33.3708439169242,12.6822794807287,8.92059786065103,6.69903414079858,34.4117962357355,71.698,13.3327202623974,-0.7535037,1425423212.0,5.55501946152238,-0.087658,7.00951210544359,9.37969496475912,,-0.1104884,81.1778608399708,6.93372148022965,81.4,50.6979382758042,4.822,34.7555673994206,3.44001097265647,7.04279770032062,8.08169507021982,,,,,,,,,
IND,2023,-0.3353176,40.8940758962907,-0.912777939495827,47.0132181120622,99.5,82.5992764460784,0.709043665278287,0.802254995836756,7.210224629335,8870.55027609345,0.422603,34.3807561586625,14.9343472986716,-1.03247791841203,5.64914318907925,34.504684353812,72.003,13.312843875072,-0.837974,1438069596.0,,-0.1271699,7.97237314389747,,,-0.0879069,78.8639591218839,,87.5,46.3229520582338,4.172,35.0676918424186,2.85938493335973,0.761537454221255,5.79944107391962,,,,,,,,,
IND,2024,-0.2953362,41.6079694330613,-0.851289719084462,46.5639973059355,99.9,83.669281580941,6.55921466830975,0.721648483526777,7.09927893176518,9416.05137044735,0.4046051,34.7497448494797,18.5723946411049,5.30735662638739,4.95303550973661,34.3459060404746,72.235,13.1392199491326,-0.785762499999999,1450935791.0,,-0.0960695999999999,7.52136088188696,,,-0.0392287,78.1058073224606,,91.3,45.9166907678748,4.173,35.3788972368389,2.90001340156714,2.86531604224305,3.01447576977999,,,,,,,,,
JPN,1990,,183.131254703793,,43.2259096480185,100.0,144.7925,7.42488150941394,0.0555192809094436,4.89271306574565,36137.8442587458,,,,8.16460348766985,3.0785162869516,37.5337823369797,78.8370731707317,,,123478000.0,,,,,,,,,,18.9369349833675,,77.3404178010312,2.70835661034906,5.27155007050217,8.06346090938833,0.7433815002441406,3.177961826324463,0.550037682056427,65.10401916503906,124.50524,3603326.0,3658643.5,3861174.75,0.5735070705413818
JPN,1991,,182.807241098565,,42.9361215262821,100.0,134.706666666667,5.42816086025957,0.0344780552077122,3.41749676183089,37226.3339021829,,,,-1.13546755438989,3.25143848753308,37.0380221923801,79.0368292682927,,,123964000.0,,,,20.7624122206592,,,,12.6379293921871,,17.3931812597285,2.059,77.4744816932723,1.22518126757618,2.92537855288582,8.99693873494331,0.7544173002243042,3.194382429122925,0.5854025483131409,66.39091491699219,124.929772,3842419.25,3886576.0,3993129.75,0.5830206274986267
JPN,1992,,186.447378576269,,42.8883052137838,100.0,126.651333333333,4.60252250800902,0.067796381702575,0.848069581218368,37402.9442395168,,,,-0.686230831583046,1.7602830605927,35.0490173492627,79.080243902439,,,124425000.0,,,,19.2640339983464,,,,11.1817142898224,,16.6670890619573,2.158,77.6108029675096,2.06322489260802,3.36115645327708,7.63610852336974,0.7323319315910339,3.2108876705169678,0.6170400977134705,67.11811065673828,125.33129699999999,3971507.0,4028564.75,4026994.25,0.5911116600036621
JPN,1993,,189.810312869705,,42.9463158255274,100.0,111.197785833333,0.820356590859788,0.00454260820557084,-0.517919847117952,37088.8020049844,,,,-1.20057978995442,1.24304589707924,33.7182431303004,79.3036585365854,,,124829000.0,4.25084397978758,,,19.3428099133571,,,,11.1445521483154,,15.399061805981,2.539,77.7480283183434,1.85802699127092,3.56355749103992,7.14458706876257,0.7351606488227844,3.227478265762329,0.641272783279419,67.35606384277344,125.707411,4094282.5,4149531.25,4006137.75,0.5958148837089539
JPN,1994,,191.553133358291,,43.1350245429377,100.0,102.207805833333,4.44490963503328,0.0174054353433518,0.99306636322622,37352.6868581318,,,,8.27232671402226,0.695458057869004,32.2754526715958,79.6968292682927,23.3942735622229,,125178000.0,3.84638068631223,,,,,,,,,15.4842353027775,2.89,77.8843368177677,3.41622758531712,8.90351962923714,10.2479355556119,0.7331609725952148,3.244154930114746,0.6618862152099609,67.43040466308594,126.053129,4197875.0,4282784.5,4045921.5,0.6039559245109558
JPN,1995,,190.332712994983,,43.4666246286158,100.0,94.0595791666667,4.19521945436374,0.000735206472187326,2.34205546196849,38137.9346304016,,,,12.9976166716723,-0.127899045020446,32.3064823346841,79.5360975609756,23.5351858526661,,125472000.0,4.17507183134561,,,,,,,,,16.1166693561401,3.15,78.0190838015653,3.17807321635462,9.01297366456417,9.07738095238091,0.7437896132469177,3.2609176635742188,0.6872485280036926,67.65757751464844,126.365484,4390486.0,4521830.0,4156866.5,0.5987643599510193
JPN,1996,1.2058025,189.725204443054,1.37399041718279,43.9520529327622,100.0,108.779056666667,4.85712793762386,-0.000760809329974611,3.07546731409349,39221.765120663,1.1249252,34.9028066172581,,12.0037039339294,0.136600358575909,33.5297409744175,80.219756097561,23.4553928863758,1.323033,125757000.0,2.76086006876384,0.3721211,5.41194184014078,,2.64303,1.3867411,,,,17.8974380473791,3.383,78.1374047267253,3.58623401800118,6.43102237277841,6.52609569372579,0.7465106248855591,3.277766704559326,0.7194000482559204,67.7258529663086,126.644094,4586968.5,4756702.5,4285729.0,0.5891432166099548
JPN,1997,,202.643347425556,2.08428927046609,44.5676534115945,100.0,120.9908625,11.1254685083742,0.0543024907216003,1.36297109407448,39661.7312762235,,34.711887285779,,0.568577618212856,1.74780458692133,32.6522192813797,80.4241463414634,23.2960749076269,,126057000.0,2.36767258229583,,5.67928011600088,,2.72177,,,,,19.4062642232127,3.374,78.2318902291629,3.99678915639295,9.47428529362406,5.55412988949405,0.7471846342086792,3.2947030067443848,0.7506850361824036,68.18427276611328,126.892738,4628748.5,4777019.5,4331845.5,0.5955235958099365
JPN,1998,0.6749031,211.895476565606,2.76325572295153,45.2102463428644,100.0,130.905300666667,-2.38786537948992,0.0605254118559516,-1.77264091037956,38852.9526557943,1.1788166,33.437724649378,,-6.73716420267819,0.661974191385911,30.708682431935,80.5014634146342,22.6971824245726,1.3641788,126400000.0,2.50649556314054,0.395335,6.60815287311937,,2.82745,1.304896,,,,18.7651112452697,4.078,78.3266396189341,2.78125282205437,4.5071475292704,5.09729149331442,0.7353020906448364,3.3117268085479736,0.7769618630409241,67.3421859741211,127.11743399999999,4590118.5,4719694.5,4282964.0,0.5966086387634277
JPN,1999,,215.299459602765,2.43392694084621,45.8791750960099,100.0,113.906805,1.98524596897933,0.315217790582754,-0.347600398675738,38647.2705275615,,31.674563296157,,3.67048290243399,-0.341296928327554,29.2508562421282,80.4609756097561,22.0358239012363,,126631000.0,3.55873553173057,,8.24784981843094,,2.84672,,,,,17.9207503513808,4.677,78.448341899402,3.57856819120765,5.32456715779929,3.04194667094533,0.728718101978302,3.328838586807251,0.8025680780410767,66.42337799072266,127.32606999999999,4601339.0,4719478.0,4272173.0,0.5918315052986145
JPN,2000,0.8487415,205.749576550972,2.59184009101983,46.6755835541567,100.0,107.765498333333,12.9587816210146,0.211966659175493,2.97832688768516,39731.7953686304,1.4003303,32.226897643242,,9.46706082410923,-0.676578683595175,29.6518295721637,81.0760975609756,22.1763071711397,1.3326572,126843000.0,3.31057141487637,0.773297,8.79520531144648,,2.85841,1.310183,,,,19.2751936529389,4.748,78.6126803295375,4.56720186018067,11.7816277096899,3.43351563418764,0.7434718608856201,3.346038818359375,0.8268713355064392,65.9155044555664,127.52417399999999,4773671.5,4835114.0,4390924.0,0.5819888114929199
JPN,2001,,177.60004048631,1.94241825757612,47.6058531225117,100.0,121.5289475,-6.63661685865543,0.110976878146313,0.284608556379041,39748.9837725849,,30.9468310340449,,1.15967773544605,-0.740055504162738,29.0072549095213,81.4163414634146,21.1341691111698,,127149000.0,3.00902151941449,,10.694240054348,,2.92348,,,,,19.2772303804527,5.02,79.1577482060887,2.02994447591411,0.665655850400682,3.83657262052543,0.7440893054008484,3.360867738723755,0.8480043411254883,65.6163330078125,127.71382799999999,4745877.0,4785269.0,4408766.0,0.5821548104286194
JPN,2002,0.8492287,175.273915326861,2.56388731159672,48.5344482614523,100.0,125.388019166667,7.99329623497324,0.272197790665394,0.0849888050363319,39690.3676794625,1.3101354,29.7659095325359,,0.798735956803554,-0.923494026942321,27.1990800742612,81.6907317073171,20.5834886703527,1.162444,127445000.0,3.30170079285239,0.5483447,13.0738264108092,,2.96514,1.1457695,,,,20.1432481553025,5.386,80.5469860733981,2.31891535273219,2.75388195938507,2.90799688587762,0.7435768246650696,3.375762701034546,0.8627293705940247,64.80487060546875,127.89307799999999,4760926.0,4781225.0,4413968.0,0.5696854591369629
JPN,2003,0.8804847,175.44585013008,3.047625783072,49.3482801823691,100.0,115.933464166667,9.62111740513375,0.191794076237143,1.38010935830795,40152.1282635641,1.2980431,29.8104602122409,,3.41313236930314,-0.256541816316025,26.7915010567475,81.76,20.7289803810477,1.1294391,127718000.0,3.65157060492992,0.9636418,17.0649282535659,,2.99319,1.1529042,,,,21.0750119103347,5.251,82.4206778416671,3.07416318395302,4.25941501920559,3.02504526252236,0.7353014349937439,3.390723466873169,0.8768532872200012,64.80374145507812,128.058372,4836805.5,4860082.5,4481423.0,0.5628292560577393
JPN,2004,0.8891675,169.100287467634,3.68297677752484,50.2932483497693,100.0,108.192569166667,14.2779608009838,0.152341816004989,2.11294823723127,40986.7225710497,1.3168605,30.3046804780382,,8.48727173523844,-0.00857338820310272,26.6630018549135,82.030243902439,20.9682846642218,0.9926089,127761000.0,3.05729587485188,1.0344553,17.9567856611529,,2.98125,1.158615,,,,23.4324185456932,4.734,84.3710541898905,4.49537859755031,10.211060301273,3.51799903099596,0.7295172810554504,3.4057505130767822,0.8910331726074219,65.1968002319336,128.204195,4963387.0,4987367.0,4580224.5,0.5542069673538208
JPN,2005,0.9277728,169.163944224739,3.48923328988267,51.5938532384092,100.0,110.218211666667,7.11536226108038,0.111977275601545,1.8482813374834,41740.352036905,1.4051026,30.435900399459,,5.93272949877961,-0.282946068764391,27.0047258465622,81.9551219512195,21.0747523378016,1.1883301,127773000.0,3.02604460494252,1.2239846,15.8351701910594,,3.13092,1.2069927,,,125.1,25.9909279228382,4.446,85.9573620483714,4.0591513939051,6.97010195405532,4.10725070715931,0.7363932728767395,3.420844316482544,0.9078168272972107,65.77252960205078,128.32611599999998,5122408.5,5110410.0,4656378.5,0.5540456771850586
JPN,2006,0.9794703,167.236285670945,3.7579723483952,53.0146521815892,100.0,116.299311666667,10.3429565389946,-0.0515679721801721,1.54630843078741,42358.9337348253,1.4570228,30.7861914859199,,4.69648301595662,0.249355116079085,27.0851292904104,82.3219512195122,21.1496838498907,1.2340831,127854000.0,2.62941844764469,1.3064725,15.0181261034339,,3.22766,1.2757128,,,113.1,29.714872929485,4.192,87.1460898958075,4.48913510541222,8.49180561935788,4.26717463390264,0.7222424745559692,3.436004638671875,0.9239143133163452,66.28520202636719,128.422734,5172914.0,5169780.0,4722499.5,0.5538956522941589
JPN,2007,0.8591032,161.085063089099,4.57839452711194,54.3702199499157,100.0,117.753529166667,8.70356892971449,0.467735072888992,1.72837912865577,43041.5697058021,1.2948017,31.3337221106681,20.0653051826321,2.27145833038105,0.060039454498669,26.8035156474517,82.5070731707317,21.7466002143705,1.1610812,128001000.0,2.88191784811741,1.2530414,15.0050233221166,,3.29257,1.2565533,,,107.6,32.4957200262739,3.888,88.2701404492656,4.43123376835285,6.65749601979584,4.81023704342912,0.7206791639328003,3.451232671737671,0.9392800331115723,66.8418960571289,128.494057,5251424.0,5270966.5,4800618.5,0.550385594367981
JPN,2008,0.9586641,159.059175176627,2.75407955979761,55.7290109699313,100.0,103.359493968254,1.59350757785298,0.477207449449493,-1.16662209355141,42518.8423408417,1.2899509,29.7016885393561,18.8248542197178,0.709437036770183,1.3800788616492,26.957915866231,82.5875609756098,21.2913565701219,1.0592924,128063000.0,2.83861121401881,1.2525058,13.3310524110076,,3.29224,1.225871,,,93.0,33.7738026089171,4.002,89.2921563808851,2.0916044806491,2.97004947697062,8.94995335353387,0.7081769704818726,3.4665279388427734,0.9509038925170898,66.79753875732422,128.538646,5153072.0,5180551.0,4748122.0,0.5647484064102173
JPN,2009,1.1663245,166.282155800094,2.72970030740046,56.7866882497385,100.0,93.5700890870456,-23.3783400400239,0.229098901311457,-5.9359411383964,39999.9464203408,1.3261157,26.3633389932188,20.4459731275094,-15.5525653567119,-1.35283672951719,23.6595838247106,82.9314634146342,19.0562872563114,1.1160327,128047000.0,2.19879243282486,1.224319,18.3847316266499,,3.1959,1.3097625,,,111.6,24.1730393019729,5.068,90.1131158718189,-1.33303814192499,-9.59622731679175,2.86044855902674,0.6881282329559326,3.481890916824341,0.951225221157074,66.09548950195312,128.55518899999998,4895520.5,4892599.5,4490944.0,0.5740921497344971
JPN,2010,1.3876183,158.187641186844,3.80082624691884,57.4033595360909,100.0,87.779875,24.8722333836983,0.128037155210339,4.13645589222239,41647.0458542008,1.3323082,27.3250376618032,19.1226872782363,11.2729316693278,-0.728243207517779,23.5722339532159,82.8426829268293,20.8748350451523,0.9967916,128070000.0,3.56561041859023,1.197376,15.8070134520484,,3.10495,1.3391975,,,101.7,28.2400150860666,5.102,90.6228586840649,4.52085213873784,11.8470983952319,3.32634463368643,0.6933405995368958,3.4973220825195312,0.9524927735328674,66.01461791992188,128.542353,5106856.5,5114662.0,4679192.5,0.5610999464988708
JPN,2011,1.5406092,157.598125880489,2.06383124200042,58.5847537839962,100.0,79.8070198321892,-0.0999909582644136,-0.0135476953217396,-0.20035785332982,41640.6608721251,1.3314858,26.4765417956248,18.392253763449,5.7213263813544,-0.27245561610124,24.451572608163,82.5912195121951,19.681527391438,0.9897212,127833000.0,3.11626736285417,1.3335982,15.2333155611711,,3.20537,1.387931,,,92.5,29.9713853558472,4.55,90.8631654434251,3.31431839310667,5.51788947035175,4.80063594169405,0.6839182376861572,3.5079329013824463,0.9543460011482239,66.0097427368164,128.498965,5018330.5,5032318.5,4673791.5,0.5734527111053467
JPN,2012,1.4904141,157.756791908458,0.949145258884222,60.5362463320268,100.0,79.7904554170065,0.164378237652343,0.00863561136941304,1.64893452981225,42394.9433175064,1.3144799,25.8689648374274,18.2382479591573,5.48178370907118,-0.0440645104432602,24.9867673070268,83.0960975609756,19.7322355919965,0.9655197,127629000.0,2.21582773396187,1.4295254,14.2347343263613,,3.1737,1.3484037,,,90.7,30.174299547803,4.358,91.0265277326652,2.74743359443485,2.74285501350239,3.72532666110646,0.6878966689109802,3.51857590675354,0.9586725234985352,65.83451843261719,128.42357099999998,5032415.0,5038807.5,4743669.0,0.5698697566986084
JPN,2013,1.4979614,160.852179939377,0.879664701194644,62.6073022231989,100.0,97.5956582776385,0.808317310056054,0.201969683435447,1.99727653399265,43304.1181931426,1.4512486,26.1985175657253,17.7587589107099,3.18305417218664,0.335037912184741,25.3731148940256,83.3319512195122,19.1807146120723,1.0478848,127445000.0,1.48440011974468,1.3594273,14.971877035387,,3.27895,1.3734398,101.049438476562,,88.6,33.5913694460807,4.038,91.1516595654317,2.88974765617324,3.15001331842582,2.65167342916577,0.7033358216285706,3.5292513370513916,0.9649127125740051,66.26765441894531,128.31419499999998,5069363.0,5089779.0,4838555.0,0.5629879236221313
JPN,2014,1.5393479,160.379549562716,0.72910539728354,64.4653380797358,100.0,105.944781034025,9.37566731783706,0.396173028620197,0.905915486065865,43754.438013293,1.7731694,27.0705807856305,17.7805347199635,8.14294985175665,2.75922671353253,26.3479533735846,83.5878048780488,19.4077759157435,1.2105334,127276000.0,-0.505624824522991,1.2994963,14.2124232003685,,3.36788,1.4566952,101.036422729492,,87.6,36.7643250218282,3.589,91.2548945132333,3.16849193058366,3.47031825748584,2.39371597209796,0.6908746957778931,3.539958953857422,0.9734694957733154,66.69282531738281,128.16863899999998,4981642.5,5020598.0,4856686.0,0.5649161338806152
JPN,2015,1.4505851,159.181728459752,3.00967361767901,66.0229941997136,100.0,121.044025684011,3.23478688441612,0.115829519336403,1.79997735783475,44589.3032854003,1.7060508,29.5062296371995,18.0454889300336,0.478665384891457,0.795279630579839,26.5521482720668,83.7939024390244,20.0740179719411,1.2226375,127141000.0,-0.9106139954435,1.4111482,16.8028215906603,,3.24071,1.4360203,101.724517822266,,100.0,34.7276305886293,3.385,91.3532644103625,3.12721325699906,3.3526080435236,1.43702380935655,0.699093222618103,3.550699234008789,0.9827448129653931,66.9830322265625,127.98513299999999,5137546.0,5154499.5,4916079.5,0.5557188391685486
JPN,2016,1.4452816,160.034919112629,3.85588282294837,67.3227876016443,100.0,108.792900046834,1.59257157933324,0.801395644123668,0.704986495111257,44926.6202909525,1.8137387,30.0504260277434,17.620423854837,-1.09517045288202,-0.127258844489754,26.2400385919687,83.9848780487805,20.02776765534,1.1198832,127076000.0,0.456903097607028,1.5287918,16.968973864069,,3.10665,1.4336864,101.296928405762,,108.5,30.6562793068554,3.132,91.4541254852142,2.78974074234593,2.55312687440671,1.59691227583204,0.6785488724708557,3.561472177505493,0.9902859926223755,67.6209945678711,127.76326499999999,5034888.5,5042444.5,4941739.0,0.5654537677764893
JPN,2017,1.4760635,165.066755851422,4.03254042163651,68.3095186249903,100.0,112.166141081871,6.62618759796104,0.37319148031924,1.62345062245441,45693.3776080987,1.7125133,30.6225132962492,17.5942774665502,3.26079620734117,0.484199796126385,26.6345672327421,84.099756097561,20.1439342864069,1.169376,126972000.0,0.972109141178608,1.3985802,16.273309373505,,3.16636,1.4892015,100.260749816895,,103.0,33.6888336792782,2.822,91.5498419685883,3.44658623167955,5.17026302354977,2.22314331448899,0.6765821576118469,3.572277784347534,1.0,68.25326538085938,127.502725,5048890.0,5048890.0,5048890.0,0.5636439919471741
JPN,2018,1.3909549,164.337775310176,3.43924007536728,69.0229537254226,100.0,110.42317934106,3.79143190919788,0.490646618599307,0.834143845965585,46133.0225978718,1.8248998,30.5434682630387,17.2970528139362,3.82057953100437,0.989094598021848,27.1363524954164,84.2109756097561,20.3304380979824,1.1378638,126811000.0,,1.364542,14.689130719455,,3.2192,1.4871198,100.482200622559,,97.1,35.8035749582494,2.467,91.6377318609728,3.28663086462807,4.12857650045815,2.44258329692817,0.6564049124717712,3.583116054534912,1.009931206703186,69.36460876464844,127.202192,5000225.5,5005677.0,5065208.5,0.5636439919471741
JPN,2019,1.4335295,172.484602282465,3.36672218972423,69.4781102585107,100.0,109.009665900863,-1.41783365815621,0.761769170240795,-0.308496921143259,46055.3498672487,1.8365282,30.6240011045675,17.0303844450023,1.11073192120065,0.46877615938395,27.3243645927693,84.3563414634146,20.0537040210689,1.1161393,126633000.0,,1.3886549,15.4233523008405,,3.21824,1.5119949,100.660270690918,,98.7,34.3582972799989,2.351,91.7164207898107,2.680308747553,1.27890715448402,2.20607305781525,0.6563727855682373,3.593987226486206,1.0203371047973633,69.97669219970703,126.86030099999999,5031850.0,5036891.0,5099254.0,0.5636439919471741
JPN,2020,1.4301233,190.118294582821,2.8911777788158,69.8915691054857,100.0,106.774582262437,-11.711398580628,1.20605775501323,-4.28327942675573,44212.5503415724,1.8051167,29.732609381488,18.6333487896777,-6.85377107054536,-0.024995834027731,26.8864795052794,84.56,19.7836247262101,1.1325471,126261000.0,,1.3671823,18.5186166099083,,3.26556,1.5138826,101.34056854248,,106.5,30.5192226892273,2.809,91.7809926267889,-2.88621185457086,-8.51501859309677,1.90509722047501,,,,,,,,,
JPN,2021,1.4554011,188.29266863888,3.76057343034324,70.2569936325802,100.0,109.754323839417,11.7894355090773,0.67025659122188,3.56419531474475,45999.4617966896,1.653038,31.013077665037,18.0039913482614,4.72881852829083,-0.233352779398264,27.3251613407145,84.4456097560976,19.6763666364,1.1600529,125681593.0,,1.3955783,16.0722158274857,,3.27383,1.5319019,101.744400024414,,94.8,35.4253927340539,2.808,91.8741049279527,6.48508887596752,9.98381025527803,3.47540320289875,,,,,,,,,
JPN,2022,1.4419346,186.792764445788,2.0281112293848,70.2463331657833,100.0,131.498140443764,5.33804449206352,1.08260095152642,1.33164750653741,46819.360613609,2.0307507,30.2224047860993,18.2592615351902,7.99339361195868,2.49770278172255,28.3107762241995,83.9963414634146,18.8237454364041,1.2758787,125124989.0,,1.4106972,12.3368757899621,,3.40053,1.5084676,101.38200378418,,79.3,44.86063102004,2.614,91.9776532428406,3.44001097265647,7.04279770032062,8.08169507021982,,,,,,,,,
JPN,2023,1.3377896,186.110890163352,3.61127531871255,70.1001399306642,100.0,140.49110006234,3.07156309423587,0.456297698647986,0.720785304749811,47387.2172542523,1.9883877,31.3839931639213,17.1028060703212,-0.399601021087406,3.26813365933163,27.7841122147677,84.0412195121951,19.4882904000273,1.2674256,124516650.0,,1.3978822,13.5201465788884,,3.44125,1.5084872,101.537071228027,,86.5,43.5950833802735,2.6,92.0826903891473,2.85938493335973,0.761537454221255,5.79944107391962,,,,,,,,,
JPN,2024,1.3570132,187.06798522924,4.62202410018024,70.1168403833763,100.0,151.366291302752,0.906815961376296,0.450454817292247,-0.240084236041696,47479.8448545667,2.0879101,32.0592419328935,17.5547415163067,0.886938272427471,2.73853681635241,27.6791711471936,84.0363414634146,18.817440470747,1.1343228,123975371.0,,1.3296352,12.9546613262798,,,1.5115753,,,89.6,44.8529388577573,2.5,92.1901718034531,2.90001340156714,2.86531604224305,3.01447576977999,,,,,,,,,
KOR,1990,,49.2618253555903,-0.960131298063108,44.3249583059879,99.8828430175781,707.765833333333,5.14537708971112,0.358003453838808,10.0248996213899,14377.8839203268,,39.5635527605284,,13.389149335091,8.57327225728677,40.1529466515345,71.5975609756098,25.2385195677477,,42869283.0,,,2.32180625211208,15.1572763343889,,,,13.0195256602645,,49.1903734944072,,73.9851161168568,2.70835661034906,5.27155007050217,8.06346090938833,0.597137451171875,2.8466084003448486,0.15518923103809357,18.206083297729492,42.918419,604407.875,593101.8125,538682.6875,0.5698390603065491
KOR,1991,,48.8550592503187,-2.35688840135155,43.3417475231863,99.9126739501953,733.329166666667,12.2644403671177,0.426930229868274,10.8749739277708,15784.4668669974,,39.5133002441543,,19.9747387240796,9.33279048161495,41.6650097673713,72.0463414634146,25.4982599556978,,43295704.0,,,1.83932275079553,14.3812191231649,,,,12.1605073352299,,48.2898598963294,2.407,75.1606018983188,1.22518126757618,2.92537855288582,8.99693873494331,0.6142315864562988,2.8794102668762207,0.17785418033599854,18.78565788269043,43.373151,692206.6875,674589.0625,596742.25,0.569506824016571
KOR,1992,,47.3970228748062,-0.79068728488668,42.5887487640646,99.9422149658203,780.670833333333,12.1411079395695,0.272974074363194,6.35159199606441,16613.4907015983,,38.5936448396194,,4.64539489519345,6.21328146355184,39.1134328128938,72.4975609756098,24.788208523049,,43747962.0,,,2.25508362112236,14.9666209789643,,,,12.3353305120072,,47.2068242485094,2.513,76.1960694185519,2.06322489260802,3.36115645327708,7.63610852336974,0.5899616479873657,2.912590265274048,0.2000299096107483,19.158023834228516,43.848217999999996,746185.5,729249.875,633732.1875,0.5686988830566406
KOR,1993,,47.1889261957243,0.416090198515083,41.9832869213225,99.9694366455078,802.538333333333,10.1092505278582,0.205148908372788,6.99471791742556,17595.9036148432,,38.5750825592434,,7.05128205128204,4.80099660215354,38.0802818259482,72.9975609756098,25.0187472477935,,44194628.0,,,2.53421136398603,15.3027288991358,,,,12.0980396612537,,45.4216180794097,2.878,77.1082857281795,1.85802699127092,3.56355749103992,7.14458706876257,0.5907890200614929,2.946152448654175,0.22275589406490326,19.40176010131836,44.335028,817945.0625,800354.3125,677316.9375,0.5594136118888855
KOR,1994,,47.7351228556304,-1.00035102707401,41.3913576183827,99.9891204833984,803.771666666667,19.532755917654,0.237195989855495,9.3718357757101,19052.2990926264,,38.1292006889204,,25.7678402944501,6.26585950039679,38.9077981467888,73.3975609756098,25.7348766196896,,44641540.0,,,2.61642803792074,15.5131240120043,,,,12.2756928243003,,47.7418242135125,2.476,77.8585649228147,3.41622758531712,8.90351962923714,10.2479355556119,0.5954443216323853,2.9801013469696045,0.2510153353214264,20.037492752075195,44.820073,917215.4375,903958.75,740095.125,0.5606536865234375
KOR,1995,,46.9730560646246,-1.74482962406712,40.6474393461891,100.0,771.254166666667,24.0265324990862,0.424212416592601,9.7358937505409,20697.8969808345,,37.8646842551745,,23.2328881896922,4.48074108557248,39.3437583690468,73.7,26.3109230670225,,45092991.0,,,2.49162519314958,15.6709468270988,,,,12.5554223019631,,51.3967337856387,2.063,78.400437187912,3.17807321635462,9.01297366456417,9.07738095238091,0.6054686903953552,3.0144412517547607,0.28318119049072266,20.617839813232422,45.292522,1016816.75,1015576.5,811252.0625,0.5641267895698547
KOR,1996,0.6237495,50.146287165566,-3.87535195507046,39.8762830570062,100.0,804.4575,9.44704965698837,0.440845029462251,7.99042982526839,22139.7963785414,0.6958007,36.0579363575205,,13.8158620402835,4.92454354292754,39.7079062029067,74.1512195121951,25.2213607621112,0.6573187,45524681.0,6.81075611229248,0.2101695,2.30980927061515,16.3403236593691,2.14233,0.7851404,,12.7934310209143,,51.6134521171463,2.048,78.7508147919442,3.58623401800118,6.43102237277841,6.52609569372579,0.617364764213562,3.0491771697998047,0.31822603940963745,21.072547912597656,45.751022,1123965.0,1136406.375,875265.5625,0.5729197263717651
KOR,1997,,54.8017848286001,-1.83493782106041,39.2974595699024,100.0,949.89,18.515705847982,0.560265757859919,6.2821926537929,23311.0420901741,,35.9818858635509,,1.79689680354559,4.4389318457463,37.3821324455577,74.6024390243903,25.1340048742021,,45953580.0,7.71806095927101,,1.39905230868822,16.1890590934555,2.17409,,,12.4759590509936,,55.894947743273,2.608,78.9918025094803,3.99678915639295,9.47428529362406,5.55412988949405,0.6107785701751709,3.08431339263916,0.35024940967559814,21.443801879882812,46.196054,1111064.875,1116091.125,929274.3125,0.5485026240348816
KOR,1998,0.4277583,59.6086940982268,10.0964211010999,38.9414008404834,100.0,1403.18333333333,14.7032639517435,1.50748602088878,-4.9389297463141,22000.3387603516,0.3167817,37.881733500966,,-24.5856140902134,7.51358008079307,28.1282300284005,75.0048780487805,25.772427476293,0.5228693,46286503.0,10.3168076677618,0.1171564,5.14613795652844,17.1249434927438,2.03608,0.6872705,,12.1766058073565,,66.3289851108207,6.963,79.1812369650495,2.78125282205437,4.5071475292704,5.09729149331442,0.5967004299163818,3.119854211807251,0.3680277466773987,20.19291114807129,46.620691,987286.4375,982705.8125,881607.6875,0.5187150835990906
KOR,1999,,64.4881255675337,4.22430160551507,38.8398558118882,100.0,1189.43916666667,12.1808461400532,2.07996136312975,11.6172629559591,24382.2508517369,,35.6258526449506,,24.6022652411242,0.81295725444637,31.2530573623569,75.409756097561,25.7907711248957,,46616677.0,10.8949040050841,,6.02012281185595,17.2910865052287,1.9446,,,12.340859181825,,57.8948578896383,6.342,79.3623394908518,3.57856819120765,5.32456715779929,3.04194667094533,0.6611734628677368,3.1558046340942383,0.3925100564956665,20.578386306762695,47.016957,1099547.25,1092839.625,982701.125,0.5108062028884888
KOR,2000,0.3097326,69.1866723612269,1.7039361599544,39.0262683255652,100.0,1130.3625,17.0422388920946,1.92630076608706,9.2018583880479,26404.1588575745,0.6589077,34.1523016364387,,22.4362824857318,2.25916580080157,33.0175871343191,75.909756097561,26.591050957139,0.4324115,47008111.0,7.54111863718284,0.4605056,5.81220374170108,19.9261126368626,2.0494,0.810882,98.0937805175781,13.7531698189491,,64.0588155729056,4.063,79.579960745642,4.56720186018067,11.7816277096899,3.43351563418764,0.671153724193573,3.192169427871704,0.4254426658153534,21.441123962402344,47.379241,1201641.875,1176636.375,1071742.0,0.506752073764801
KOR,2001,,99.6082410940777,0.381489475071825,39.2824564341745,100.0,1290.79,-1.68901496887605,1.14917273381718,4.72593560322356,27440.6564915847,,32.3069789406776,,-3.51010464116247,4.06657587897792,31.8665946248999,76.4121951219512,25.1376270244517,,47370164.0,4.02519600370863,,6.81867907289459,19.3611814613187,2.19872,,97.6082382202148,13.0735362376319,,60.4277386641693,3.699,79.8787704357425,2.02994447591411,0.665655850400682,3.83657262052543,0.6652256846427917,3.218729019165039,0.45443370938301086,21.845386505126953,47.706224,1236126.0,1212755.0,1123747.25,0.5106097459793091
KOR,2002,0.2879473,108.70538205029,0.625539996245813,39.4441496233333,100.0,1251.6025,12.2780746839525,0.842304427693724,7.74399895319569,29395.2766036796,1.0191571,31.7224565569361,,15.1368132975308,2.76226210296599,31.3062897445161,76.7658536585366,24.7767716060025,0.3886948,47644736.0,3.64966247633618,0.6891944,7.55038951610631,19.1145592599543,2.13042,0.7931911,97.2662963867188,12.784617893145,,56.6688767960273,3.046,80.2766294544335,2.31891535273219,2.75388195938507,2.90799688587762,0.6882112622261047,3.245509624481201,0.48500150442123413,22.457611083984375,47.999547,1338375.75,1308658.75,1210558.25,0.5056726932525635
KOR,2003,0.4162143,107.180625832699,1.55223664563709,39.5292757742813,100.0,1191.64583333333,13.4431453050089,0.962229414316563,3.07472661826947,30142.4605585814,0.9613302,33.0859200866618,,10.6034378549895,3.51487451459939,32.3968627960539,77.2146341463415,24.4315182881075,0.335961,47892330.0,2.57995467101811,0.5898687,8.33289295687719,19.3772907507407,2.19657,0.7846467,96.9660186767578,13.208480693589,,59.4242945541732,3.348,80.707793508044,3.07416318395302,4.25941501920559,3.02504526252236,0.6805465817451477,3.272512912750244,0.5156870484352112,22.43303871154785,48.260897,1392264.5,1361777.5,1248658.125,0.5120381116867065
KOR,2004,0.378397,101.992541192444,3.55783305096389,39.525917627204,100.0,1146.24916666667,21.44053759618,1.61486572889407,5.1836368597334,31579.5283048867,0.8638735,35.5253578218517,,12.0121775526328,3.59066298882578,32.6846860376336,77.6658536585366,26.4144323811178,0.5226421,48082519.0,2.55986121207347,0.8058782,8.54332338799098,18.5865674223577,2.35292,0.8754653,96.9991989135742,12.4931152283316,,67.9270638751076,3.42,81.104386778171,4.49537859755031,10.211060301273,3.51799903099596,0.6768274903297424,3.29974102973938,0.5470863580703735,22.875492095947266,48.493441,1479112.25,1449575.5,1313555.625,0.50962233543396
KOR,2005,0.5818218,106.121988835135,1.25636444462509,39.3635610064232,100.0,1024.32833333333,7.70019585231418,1.403996477148,4.35823667337156,32886.0472450743,1.0210353,33.8405960110945,,7.98124764897491,2.75379162735039,32.7143604319037,78.1682926829268,26.0918099370413,0.6581189,48184561.0,4.40527011082801,0.8756782,7.61490774363077,18.9457638376347,2.42725,0.915636,97.2146224975586,12.8083639518859,131.2,66.1695148242697,3.482,81.3901352283669,4.0591513939051,6.97010195405532,4.10725070715931,0.6855692267417908,3.327195644378662,0.5785283446311951,23.075504302978516,48.701073,1581886.875,1562740.5,1370150.875,0.5183563232421875
KOR,2006,0.3855479,117.535674488688,0.191275272898578,39.1149684167156,100.0,955.340833333333,12.4082737478315,0.836569086676283,5.24500550580342,34429.6222013137,0.9280549,32.8912214742854,,12.6139359412199,2.24234028518921,33.0040207975187,78.6682926829268,25.7222784544775,0.6091619,48438292.0,6.16075413094103,0.785485,7.27710997239579,19.7084682716194,2.61516,0.8433832,96.7785415649414,13.2016025810223,119.3,68.3749509402263,3.254,81.566462110512,4.48913510541222,8.49180561935788,4.26717463390264,0.6796789765357971,3.3548786640167236,0.6121314167976379,23.399885177612305,48.880451,1642122.125,1618417.375,1442280.125,0.5230861902236938
KOR,2007,0.5124785,124.027715958864,0.857760495298849,38.8293844819969,100.0,929.375833333333,13.035402446108,0.722975995794071,5.8419633918717,36257.3401689702,1.146123,33.4309889399337,32.4282584168837,11.4919045999336,2.53457382137932,33.2491377792946,79.119512195122,25.9241510203287,0.7506836,48683638.0,3.9416601586454,0.9818245,6.85652160718251,20.8019087537845,2.75895,1.028267,96.7113800048828,14.2312247249175,111.7,71.3239614988013,3.013,81.712125801927,4.43123376835285,6.65749601979584,4.81023704342912,0.6920544505119324,3.3827919960021973,0.6483378410339355,23.730854034423828,49.03481,1729750.75,1716586.625,1525925.75,0.5193971991539001
KOR,2008,0.414593,136.196660706156,0.160592800145373,38.4354178916179,100.0,1100.12583333333,7.87347942710419,1.02488987542862,3.00440451679569,37064.1518484106,0.9389247,33.2480829152876,30.4501393108657,3.3550071762851,4.67389655533408,33.7038348910437,79.5170731707317,26.0793572324032,0.5925856,49054708.0,4.10863165815276,0.6842496,4.46436257694186,20.4999234812355,2.86774,0.8940893,96.3489303588867,13.9077106392006,99.6,92.0833544961819,2.959,81.8350833138518,2.0916044806491,2.97004947697062,8.94995335353387,0.6779746413230896,3.410937547683716,0.68245929479599,23.836549758911133,49.182455999999995,1717246.0,1721251.75,1571901.75,0.5169674158096313
KOR,2009,0.4369534,132.599106034348,3.36575830090763,38.033861912487,100.0,1277.24583333333,-0.575563489767916,0.917731561520283,0.81986175641795,37176.1939270969,1.025545,33.13093501319,32.1484365401841,-6.60591042803912,2.7564965449393,29.5580079908835,79.9682926829268,26.3042343079035,0.6309262,49307835.0,2.07481127238993,0.7514494,7.80292095600634,19.5551440528429,3.02145,0.9270364,96.8854293823242,13.1076925895728,103.9,83.1246099057162,3.363,81.9245045084002,-1.33303814192499,-9.59622731679175,2.86044855902674,0.6701754927635193,3.439317226409912,0.7133321166038513,23.706533432006836,49.347460999999996,1681452.0,1659645.375,1584362.125,0.5113298296928406
KOR,2010,0.4243376,124.679568065827,2.34320897623578,37.7039074846602,100.0,1156.46,13.0714789035734,0.796207328344812,6.98166138853071,39574.0500732947,1.2722652,34.9926210564103,32.1343974843399,17.8159163726819,2.93928652655686,32.7792421992313,80.1170731707317,28.0990056835275,0.5807388,49554112.0,2.71883334374472,0.8025338,6.5467233974824,19.2669365886743,3.17913,0.9000647,97.2930603027344,12.8831803193742,96.3,88.0278677123124,3.324,81.9685075986486,4.52085213873784,11.8470983952319,3.32634463368643,0.6855635643005371,3.467933177947998,0.7496579885482788,24.02872085571289,49.545635999999995,1784489.75,1780067.625,1692175.25,0.49587032198905945
KOR,2011,0.582102,127.08181388669,1.27290610804572,37.2547574179042,100.0,1108.23333333333,15.5563434967986,0.747683727442323,3.6880320602952,40719.2273771671,1.323113,34.3761288710455,28.2133210437189,14.5751374814971,4.0259650043609,33.2613430738444,80.5682926829269,29.0005575131874,0.5406915,49936638.0,4.42580144247274,0.9312521,5.39203401880799,19.840430558129,3.44409,0.9101943,97.5294189453125,13.2807181068078,86.5,101.68061646213,2.992,81.9615408086376,3.31431839310667,5.51788947035175,4.80063594169405,0.6713544726371765,3.4984607696533203,0.7854204177856445,24.452390670776367,49.786159,1764806.125,1784289.875,1754543.25,0.5037407875061035
KOR,2012,0.5254345,125.135860183943,3.65378622367594,36.7828795943106,100.0,1126.80666666667,6.03604960637362,0.711120351080011,2.54766550568242,41537.6728611117,1.3333071,34.336867195596,28.2220757644767,2.62544879188368,2.18707104433314,31.2149587741292,80.819512195122,28.7408682052811,0.4992315,50199853.0,4.05140294190715,0.9288607,5.76906053221769,25.5086081431188,3.6852,1.0189309,97.3674163818359,13.4735488568588,85.0,101.51727207905,2.812,81.9087898200378,2.74743359443485,2.74285501350239,3.72532666110646,0.6531071066856384,3.5295772552490234,0.8189522624015808,24.885498046875,50.060638999999995,1789598.875,1790975.75,1796696.625,0.5085257291793823
KOR,2013,0.584669,122.756788077341,5.38513504027402,36.5342930887925,100.0,1094.9825,3.98284994643797,0.889863368558993,3.2913959543442,42709.9751857887,1.2238913,34.5161248108137,29.8181999078998,1.8572264736635,1.30134754547413,29.8990183063853,81.2707317073171,28.8654766941182,0.5061279,50428893.0,3.52829393471496,1.0180914,6.19845985710316,24.9494763702353,3.77487,0.9929714,97.8287506103516,13.022218187832,87.8,94.1675235855873,3.067,81.8269383502703,2.88974765617324,3.15001331842582,2.65167342916577,0.6146865487098694,3.5612964630126953,0.8507890701293945,25.257593154907227,50.345717,1740677.875,1751297.0,1853556.875,0.5114167332649231
KOR,2014,0.5041579,125.488630227146,5.33522703805369,36.4720410483292,100.0,1052.84,2.11141466591884,0.595893048504325,3.21468019683108,43806.9250985661,1.1863908,34.5717402109559,30.0608682657817,1.36699260026769,1.27477446401322,29.7893883422049,81.7219512195122,28.2760755546832,0.5969209,50746659.0,3.17863075274962,0.9937598,6.54230372996404,23.8361453515722,3.88983,1.0706201,98.5806732177734,12.6305683354976,89.3,86.9342577972039,3.082,81.7315682816954,3.16849193058366,3.47031825748584,2.39371597209796,0.6128988862037659,3.5936331748962402,0.883693516254425,25.826217651367188,50.607907,1805884.875,1834123.375,1912916.125,0.5181786417961121
KOR,2015,0.3449721,125.858810840683,6.82937629347486,36.4601267455493,100.0,1130.9525,-0.00426446660232216,0.266636382581676,2.92029267301234,44849.106767089,1.1983681,35.8343334005639,31.2119270912605,1.94248010957374,0.70633177245575,29.3122032932439,82.0243902439024,27.8215922094514,0.667684,51014947.0,0.295335527644416,0.996129,7.9205453756485,23.6343458597577,3.78907,1.0105606,98.5931930541992,12.5326128931493,100.0,75.3881774564907,3.546,81.639489860678,3.12721325699906,3.3526080435236,1.43702380935655,0.6317250728607178,3.6266024112701416,0.9179964065551758,26.079252243041992,50.823093,1947442.5,1943938.625,1966652.0,0.5215386152267456
KOR,2016,0.3532288,128.040688171137,6.20103649558332,36.4600654674078,100.0,1160.7675,2.45130191909182,0.766507046338007,3.17152748983935,46088.2430785383,1.186349,36.2906518682135,30.5250266717443,5.42848942900385,0.971685739912168,29.9823963274728,82.2756097560976,27.5129940831191,0.5156398,51217803.0,1.27867160404439,0.9758957,8.38848501351327,24.4609578600766,3.78638,1.0280786,98.7179565429688,13.2783116833452,101.0,69.8997221316919,3.65,81.5559241797057,2.78974074234593,2.55312687440671,1.59691227583204,0.6348843574523926,3.66021990776062,0.9548964500427246,26.288166046142578,50.983456999999994,2012039.875,1999304.0,2024606.875,0.5199909806251526
KOR,2017,0.427734,129.53913562367,4.39896168114518,36.7793132181662,100.0,1131.00083333333,2.49116104875502,1.04741749331971,3.433191763972,47536.7898568851,1.1827271,36.4505350479154,32.546316460744,7.9218596727698,1.94433230786366,31.9652912711332,82.6268292682927,28.0322405682167,0.6254761,51361911.0,1.42899755923416,0.9593042,7.55831770286656,24.8507535910186,4.07341,1.011855,99.105583190918,13.7554597684846,100.6,73.1921408264016,3.653,81.471030429984,3.44658623167955,5.17026302354977,2.22314331448899,0.6340727210044861,3.6945011615753174,1.0,26.55354881286621,51.096415,2088576.875,2088576.875,2088576.875,0.5172492861747742
KOR,2018,0.5413024,133.504139589217,4.24648147146115,37.299629534955,100.0,1100.16333333333,3.79724008434626,0.66781363782051,3.17611568177327,48834.4471157733,1.3865026,35.3783014506542,36.3912233579129,1.63698104893891,1.47583935002645,31.2486531343572,82.6268292682927,27.7672237489814,0.8705137,51585058.0,3.07847583379285,0.9569194,7.12215104071275,25.9611385420606,4.27155,1.1100736,99.3186569213867,14.6942816823529,95.4,74.7075162140824,3.824,81.3823523035196,3.28663086462807,4.12857650045815,2.44258329692817,0.6219330430030823,3.7294631004333496,1.0402514934539795,26.58141326904297,51.171706,2112982.25,2118144.75,2149300.5,0.5172492861747742
KOR,2019,0.6133176,142.652478447088,3.40802631398853,37.8813882499402,100.0,1165.3575,-0.167012692385953,0.550202642546341,2.31380210595475,49790.8679884821,1.6276354,34.2941170155552,32.4050621736765,-2.01926545448808,0.383000303608136,31.1955884616555,83.2268292682927,26.370175590513,0.8544821,51764822.0,4.09560933285802,0.9120155,7.71289239419086,26.2939664582305,4.36379,1.1105361,98.3813018798828,14.3348126134581,91.5,71.4470632403511,3.746,81.2901063535619,2.680308747553,1.27890715448402,2.20607305781525,0.6140710711479187,3.765122890472412,1.0754408836364746,26.798534393310547,51.225308,2156917.25,2162705.25,2193132.25,0.5172492861747742
KOR,2020,0.7558651,154.747902042613,4.38648608581777,38.7671326866112,100.0,1180.26583333333,-1.66417127000533,0.502554290313687,-0.700242317542106,49374.0926148025,1.5914906,35.7761638265864,35.6022265413283,-3.26035807476353,0.537288023411737,31.5248657192138,83.4268292682927,25.7002433607737,0.8679972,51836239.0,1.19550220518032,0.9083199,9.35214589379262,26.3065329311566,4.5214,1.1479729,97.0888214111328,14.0112224960532,94.9,65.544957860621,3.931,81.1759595622913,-2.88621185457086,-8.51501859309677,1.90509722047501,,,,,,,,,
KOR,2021,0.7614152,159.926120236306,4.31851487245382,39.7812162829152,100.0,1143.95166666667,10.790924272145,1.13577953855347,4.61296795454287,51718.2518656631,1.6261842,36.6043931161577,36.014503674486,10.186975000106,2.49833333333339,32.4929253527445,83.5268292682927,26.2480856022754,0.9005342,51769539.0,-0.287216232726007,0.9879995,7.50434101810614,28.0245804485222,4.59673,1.1681575,98.0692291259766,15.6673866200663,92.3,75.3063047610912,3.639,81.1616526507785,6.48508887596752,9.98381025527803,3.47540320289875,,,,,,,,,
KOR,2022,0.8217095,162.769501736717,1.29147917850335,40.6448114715604,100.0,1291.44666666667,3.91615644763415,1.39186469730544,2.72756456708991,53228.6035655365,1.4844938,34.3078343934928,36.118278931217,4.15302400301054,5.08951365062842,33.3254869272348,82.6804878048781,26.4977408590265,0.855673,51672569.0,2.44052857732634,1.01728,5.90124848137764,29.7729228756878,4.84753,1.1662138,97.8181304931641,17.1586747410902,85.5,90.5851475278549,2.857,81.1624941626873,3.44001097265647,7.04279770032062,8.08169507021982,,,,,,,,,
KOR,2023,0.8788564,163.515631501207,1.76334472698699,41.4544025774417,100.0,1305.6625,3.41135879473531,1.03221435142435,1.58301467403629,54029.3434990785,1.4955907,33.3597970548711,30.2762799912651,3.01429369128692,3.5974562502901,31.8912200894147,83.4292682926829,25.4551420827792,0.932168,51712619.0,3.08772627466291,0.9996554,6.31772211606366,27.3522982777032,4.94352,1.1844569,96.2983932495117,14.5990997893708,85.4,82.2580090716629,2.675,81.1645551720421,2.85938493335973,0.761537454221255,5.79944107391962,,,,,,,,,
KOR,2024,0.8495586,160.347182678236,5.33081628105267,42.5346866514455,100.0,1363.375,6.8334636674342,0.685857996519477,2.00361101838986,55070.9386194121,1.4867237,35.0305415292226,36.2582559366674,2.48588873657727,2.32174328643542,29.9738499299961,83.6292682926829,26.6179725157922,0.6393495,51751065.0,0.634469260614762,1.013674,6.19834331246318,25.7690025538074,,1.1174546,96.2539901733398,13.2937188380388,88.3,84.6424951192038,2.784,81.1682528469686,2.90001340156714,2.86531604224305,3.01447576977999,,,,,,,,,
MYS,1990,,69.4126686877,-1.97596593915066,68.8920849246428,,2.704875,17.8191493236227,5.29807441993264,9.00852713774628,12013.6969483112,,30.3826806963327,,26.2855291604127,2.61780104712051,32.3603261645435,70.952,24.2246873976537,,17833171.0,4.79541772279953,,3.6044141151064,,,,65.0170516967773,,,146.888252533989,,49.0330672220994,2.70835661034906,5.27155007050217,8.06346090938833,0.5345801711082458,2.205782890319824,0.16034671664237976,6.831814765930176,18.029823999999998,160798.3125,168216.734375,168376.796875,0.30572617053985596
MYS,1991,,73.7605458689796,-8.51147688277302,68.0149166944822,,2.75006666666667,15.7703418009083,8.13632963600556,9.54546741443052,12795.0498964228,,29.2782620146207,,25.2091484512524,4.358333333333,37.7904739350522,71.219,25.5498653089015,,18342464.0,5.56337120990198,,3.21126841488093,,,,65.7064666748047,,,159.311447263255,3.7,50.4923459184952,1.22518126757618,2.92537855288582,8.99693873494331,0.5577498078346252,2.2525792121887207,0.1804555505514145,7.00908899307251,18.519937,177293.671875,186608.09375,184449.140625,0.30572617053985596
MYS,1992,,108.529220477562,-3.66302477841909,67.1101537856569,,2.54738333333333,12.595793662332,8.76047440214555,8.88511797832156,13567.8936121181,,31.6964750314478,,6.37395921396811,4.76722829992821,35.3625515987311,71.483,25.8225932759055,,18834572.0,7.56479177810498,,4.43574333299294,,,,66.5042724609375,,,150.611220981935,3.71,51.8628569177227,2.06322489260802,3.36115645327708,7.63610852336974,0.55618816614151,2.300368070602417,0.20203593373298645,7.189733982086182,19.002655999999998,191573.125,198612.0625,200837.671875,0.30572617053985596
MYS,1993,,106.459806961915,-4.47111978350001,66.3377644358613,,2.574095,11.5425359873935,7.4828391233144,9.89494333377064,14533.790397007,,34.7131723521145,,15.0352265686042,3.53658536585389,39.1837113952867,71.721,25.925990452629,,19322664.0,5.81213391154941,,5.83748784402235,,,,65.5471725463867,,,157.940462501597,4.11,53.2286734175775,1.85802699127092,3.56355749103992,7.14458706876257,0.5604179501533508,2.3491709232330322,0.22805196046829224,7.51114559173584,19.484897999999998,205984.078125,216631.0625,220710.4375,0.30572617053985596
MYS,1994,,109.217183990668,-6.06906128911756,65.7089512339228,,2.62425666666667,21.906724494877,5.82961425798393,9.21204179334867,15474.0144648307,,35.0914161292647,,25.6356629751013,3.72497055359284,41.2020812335965,71.865,26.6406086124598,,19820446.0,4.64398300884851,,4.31341404796642,,,,65.9461975097656,,,179.904942673986,3.64,54.5855388512742,3.41622758531712,8.90351962923714,10.2479355556119,0.5687809586524963,2.3990089893341064,0.2585175037384033,7.628971099853516,19.9775,225034.59375,234363.625,241042.375,0.30572617053985596
MYS,1995,,124.414153627631,-9.74414011928346,65.1226757109751,,2.50440416666667,18.9645279179836,4.71024540158831,9.82908519730812,16568.5160590209,,33.8932551687612,,23.6980608140548,3.45057509584895,43.6399023701753,71.979,26.3780323904474,,20330599.0,4.91789276941431,,3.16588836476111,,,,66.1730270385742,,,192.113200253514,3.15,55.9232917327627,3.17807321635462,9.01297366456417,9.07738095238091,0.5884825587272644,2.449904441833496,0.29731741547584534,7.760100364685059,20.487607,248901.96875,261259.765625,264734.65625,0.30572617053985596
MYS,1996,0.3518451,141.633739142087,-4.4241026644928,64.5481113388644,,2.5159425,9.22795500712907,5.03534293107291,10.0027006861844,17771.7118795056,0.7731111,37.0407234800784,,4.88553388806929,3.48855945858916,41.4791985244273,72.119,27.8427632304952,0.376776,20850087.0,6.04112247803348,0.4603765,3.4121025652272,23.2757397569089,0.21645,0.5043568,67.9570693969727,19.3779263159554,,181.766982485457,2.52,57.2317705759929,3.58623401800118,6.43102237277841,6.52609569372579,0.5714834332466125,2.479343891143799,0.33798936009407043,8.507902145385742,21.017613,268137.9375,284917.375,291215.25,0.30572617053985596
MYS,1997,,158.385047580688,-5.93493554436093,63.9698636053134,,2.81319166666667,5.49064006928555,5.13624115805327,7.32274185035924,18604.514527465,,37.0205449212701,,5.82457591519348,2.66251459711946,42.9730832697528,72.296,28.3802054685143,,21375218.0,6.90550976035381,,2.5718898112105,23.4425735020139,,,68.1468505859375,19.7533668092053,,185.66511116237,2.45,58.5008138949148,3.99678915639295,9.47428529362406,5.55412988949405,0.5680010318756104,2.50913667678833,0.3815506398677826,8.694483757019043,21.562793,286946.53125,299524.125,312540.21875,0.30572617053985596
MYS,1998,0.1266807,158.505378770173,13.2035212438437,63.3225841852581,,3.924375,0.491153660215971,2.99775085201455,-7.35941518817556,16817.1719190401,0.7309537,39.8491589952669,,-18.7538476634599,5.27034200348766,26.6749751979749,72.385,28.7827060156826,-0.0807152999999999,21906713.0,3.35068161944531,0.3917479,4.31564595525574,20.0615725719612,0.39789,0.2018982,79.0882873535156,16.7301574972727,,209.492202808189,3.2,59.7202602034782,2.78125282205437,4.5071475292704,5.09729149331442,0.4845208525657654,2.539287805557251,0.39180514216423035,8.709565162658691,22.114653999999998,251788.1875,255824.9375,289539.0625,0.30572617053985596
MYS,1999,,149.152981074863,15.9240800095756,62.4677878211496,,3.8,13.1632977939595,4.9214666648934,6.13761201057692,17428.6256563043,,38.305980768975,,10.5633325412986,2.74456130240604,22.3820005053796,72.428,30.9362157705045,,22435531.0,8.51401065477759,,4.43774392672584,19.6460015161389,,,77.5431137084961,14.0937080235667,,217.570919391949,3.43,60.8799480156331,3.57856819120765,5.32456715779929,3.04194667094533,0.4941158890724182,2.5665884017944336,0.3980809450149536,8.944147109985352,22.661298,264001.03125,268702.15625,307309.84375,0.30572617053985596
MYS,2000,0.1485516,134.999853925775,9.04991849068886,61.4063888151392,98.6,3.8,16.0657294517795,4.03842862393763,8.85886816969386,18532.9096706227,0.8746597,35.9173795808654,,24.3745382212631,1.53474023697699,26.8674891484592,72.732,30.8635497655731,0.0161149,22967816.0,-1.08573897723978,0.4097446,3.31032261008636,17.4777848547002,0.46899,-0.0264614,76.4828262329102,13.6669089031737,,220.406788982074,3.0,61.9694564490726,4.56720186018067,11.7816277096899,3.43351563418764,0.5451169013977051,2.5873124599456787,0.41638150811195374,9.375031471252441,23.194257,307223.875,310474.3125,334534.03125,0.30572617053985596
MYS,2001,,129.101375578239,7.85355934414699,60.2988538546068,98.6,3.8,-6.83016277830119,0.597029318252079,0.517675319192861,18186.4411330146,,32.2517790339186,,-8.23503815950691,1.41678473206098,24.398219973396,73.08,29.3364040399457,,23526538.0,8.84851289556281,,3.77910372568465,22.6657296662592,,,75.6187362670898,17.7948888050621,,203.364636010653,3.53,63.0180877676224,2.02994447591411,0.665655850400682,3.83657262052543,0.522316038608551,2.61509108543396,0.43292105197906494,9.460223197937012,23.709118999999998,303091.28125,306408.59375,336265.8125,0.30572617053985596
MYS,2002,0.0229281,121.827344934405,7.1294554203537,59.1995253303348,98.6,3.8,5.4273347268428,3.16612432250471,5.39098830692797,18708.8694877279,0.9197187,32.7350846657081,,6.18594299013341,1.80787246281536,24.7773431485884,73.469,29.2463982171795,0.3662257,24102477.0,3.29631237075616,0.5675736,4.03512981463616,21.7931020085436,0.65254,0.2232436,75.0011596679688,17.4469550876406,,199.356232695655,3.48,64.056368465184,2.31891535273219,2.75388195938507,2.90799688587762,0.5344604849815369,2.6431682109832764,0.4506700336933136,9.648386001586914,24.208391,325309.21875,325263.375,354393.875,0.30572617053985596
MYS,2003,0.1430371,118.974148880103,12.1423505560345,58.0535975543566,98.7,3.8,5.13387216124653,2.92094209456765,5.7884992858875,19329.0062757538,0.9352283,34.8526514617844,,4.53377071719446,1.08967632577286,22.7633850643195,73.727,29.9286718930962,0.3617264,24679602.0,2.90603239825627,0.7165569,5.007262129418,22.1143398866678,,0.3410072,80.088996887207,15.4956551225138,,194.195129056831,3.61,65.0750932867555,3.07416318395302,4.25941501920559,3.02504526252236,0.5391319394111633,2.671546697616577,0.47031185030937195,9.990324020385742,24.698819,344940.59375,346493.1875,374907.9375,0.30572617053985596
MYS,2004,0.1525683,111.937605148211,12.0877738119347,56.8082475537643,98.7,3.8,16.0582633912197,3.50787262049412,6.78343772370305,20168.5062099425,0.8416173,35.1374966248144,,19.6363586528169,1.42127115937402,23.0495646010531,74.027,30.3781473606048,0.1553244,25256772.0,0.0344787905461849,0.5752968,6.16483766943988,20.9679188605373,0.5999,0.3711285,80.5677719116211,15.1990937626569,,210.374265897124,3.54,66.0647889111941,4.49537859755031,10.211060301273,3.51799903099596,0.5703599452972412,2.7002296447753906,0.49162256717681885,10.096057891845703,25.190652,380406.53125,379880.21875,400339.59375,0.30572617053985596
MYS,2005,0.0332139,106.524431907379,13.9199700905602,55.4857254554276,98.7,3.78709166666667,8.30190670382507,2.73438734940078,5.33213916141486,20767.5857243346,0.7787884,36.8157549507862,,8.91084126647389,2.97507092684449,22.3964178094036,74.37,27.5496800827112,0.4092882,25836071.0,-2.67317410418221,0.5598434,5.94300135813711,19.5561630529565,,0.2772334,76.2537536621094,14.8263910607125,94.2,203.854644595624,3.53,67.0159820173565,4.0591513939051,6.97010195405532,4.10725070715931,0.5975067019462585,2.7292208671569824,0.5173754096031189,10.138338088989258,25.690611,421896.34375,433745.59375,421686.25,0.30572617053985596
MYS,2006,0.1145548,103.663830374316,16.1037222225662,54.1658567260995,98.8,3.66817695833333,6.6821575588814,4.72716484834358,5.5848470671515,21444.4857715028,0.825717,38.7964745148433,,8.17005953740619,3.60923564224389,22.7035242231695,74.697,27.5660875626692,0.2101206,26417909.0,2.40900097691566,0.6788802,6.20407077455397,20.701972740556,0.61106,0.3835036,75.8026123046875,14.5161969824928,100.9,202.577146840398,3.32,67.9191992840997,4.48913510541222,8.49180561935788,4.26717463390264,0.5991683006286621,2.759387731552124,0.5434636473655701,10.4064302444458,26.201960999999997,442016.40625,442491.21875,445236.8125,0.30572617053985596
MYS,2007,0.05892,101.580075160148,15.3811208611024,52.8774181200561,98.9,3.43756938226247,4.42857963065177,4.68684578287436,6.29878592740947,22305.118263117,0.892499,38.7668425775513,,6.02596436870111,2.02735317779569,23.4095349745995,74.961,26.1225839420447,0.158114,26998389.0,1.45673534665713,0.7212038,6.70420376771245,21.0246393724141,,0.2985609,74.2519378662109,14.3037228371975,104.7,192.465506357652,3.31,68.7649673902807,4.43123376835285,6.65749601979584,4.81023704342912,0.6325200796127319,2.789888381958008,0.573439359664917,10.682456970214844,26.72037,487090.5,488974.28125,473281.34375,0.31861838698387146
MYS,2008,-0.0949358,96.7482535065206,16.8597967039906,51.5703106887847,99.0,3.33583333333333,1.57308292913561,3.28081949125174,4.83176988913097,22898.0027575442,0.7810639,38.5177080119428,,2.33921309188614,5.44078221100769,21.4583043811993,75.151,24.5607176579228,0.1350346,27570059.0,-3.90338193758431,0.6129115,5.58926321544649,20.7537619947802,0.78847,0.2195174,74.8359527587891,14.6629582567858,112.2,176.668324785148,3.34,69.5438130147565,2.0916044806491,2.97004947697062,8.94995335353387,0.6713804006576538,2.820725917816162,0.6012371182441711,10.813543319702148,27.236006,536332.5,549510.1875,496149.1875,0.3458540439605713
MYS,2009,-0.1462104,111.606889987937,15.7230105263055,50.217187727247,99.3,3.52450291070644,-10.8784174425945,0.056692316075743,-1.51352871598714,22106.6417311801,0.7061109,33.3634416267683,51.224505755519,-12.7314456198102,0.583308405623702,17.8356949570531,75.269,23.8001450501293,0.0283293,28124778.0,11.7823929563059,0.5057859,7.24461462096015,22.2540150728267,1.01001,0.2116536,75.0242767333984,14.9405015326636,98.4,162.558970452699,3.62,70.2462628363839,-1.33303814192499,-9.59622731679175,2.86044855902674,0.6146381497383118,2.8519046306610107,0.6262153387069702,11.045295715332031,27.735039999999998,514644.0625,516764.4375,488639.8125,0.3602770268917084
MYS,2010,-0.0491702,107.122752573885,10.0556778509323,49.0080301479463,99.5,3.22108691472175,10.4190697711896,4.26864663854031,7.42484738326097,23307.9698543785,0.9606573,33.4664682988521,49.6090958943542,15.5227028301025,1.62285235577035,23.3865410976414,75.376,23.4337755680919,0.1752999,28655776.0,-2.11327732642702,0.6535173,6.34115209858422,19.4358718043738,1.03608,0.2255439,77.2140274047852,13.3321953103767,100.3,157.944764886771,3.32,70.8625314831025,4.52085213873784,11.8470983952319,3.32634463368643,0.6067422032356262,2.883427619934082,0.6588178277015686,12.039651870727539,28.208035,553858.9375,562027.8125,524920.5625,0.3539735972881317
MYS,2011,0.0660407,108.425936705379,10.905001967915,48.1465198770693,99.5,3.06000301052058,4.17939292099967,5.07446032143377,5.29391283414003,24115.8181203958,0.9015908,34.0818029856008,47.4089039264371,6.31024605373025,3.1744709215131,23.1882579658738,75.488,23.3202044896916,0.0582972,29162039.0,-0.471868633960644,0.5248523,6.91559543869623,20.3369846215943,1.03342,0.1386142,77.5925369262695,14.794353171378,105.8,154.937684607226,3.05,71.4245166681964,3.31431839310667,5.51788947035175,4.80063594169405,0.6524139046669006,2.9044888019561768,0.6932234764099121,12.489845275878906,28.650959,623522.5,637754.1875,552709.4375,0.3565271198749542
MYS,2012,0.1532346,114.124529817132,5.18877994987763,47.5176972010419,99.8,3.08880086662188,-1.74185630630429,2.82905738174529,5.47345419253853,25006.3587781537,0.8762495,30.9153494882722,47.5749674208281,2.91205149640754,1.66357102479206,25.7486213670602,75.552,23.1381762920437,-0.0196796999999999,29662831.0,3.7484193736755,0.754922,6.96382782004854,21.4065968461326,1.09269,0.2392426,81.2371978759766,15.613146742555,105.5,147.841754766013,3.04,71.9680127926087,2.74743359443485,2.74285501350239,3.72532666110646,0.6696439385414124,2.925703763961792,0.7401657700538635,12.983949661254883,29.068189,669644.0625,688358.3125,582961.6875,0.36741411685943604
MYS,2013,0.215957,119.899693910412,3.46614353655813,46.9575013879116,99.6,3.15090855009724,0.259247755062191,3.49431175959971,4.69372252557893,25736.3525554142,0.8710349,29.4198401146816,48.4707442408569,1.72389478607271,2.10501231233612,25.9371066959614,75.464,22.8407424205833,-0.0428372,30174265.0,4.46753081745693,0.844693,6.66725243910911,20.9471104854243,,0.1917656,80.938362121582,15.310235280489,103.3,142.720991464873,3.14,72.4882717118078,2.88974765617324,3.15001331842582,2.65167342916577,0.662976086139679,2.9470736980438232,0.7909104824066162,13.62067699432373,29.468923,690253.0625,711667.8125,610324.3125,0.37487149238586426
MYS,2014,0.2951748,120.578651022847,4.39159166153878,46.452998725794,99.7,3.27285974643047,5.0402807640718,3.14122940365348,6.00672194558203,26818.4317281659,0.9192375,29.3665669513565,49.2192547300414,3.98901431463436,3.14299050879095,24.9776084262813,75.345,22.8739302431305,0.0879800999999999,30696137.0,2.06851821643173,0.8827965,5.67002202010292,19.9400646937981,1.26275,0.2420724,83.2836303710938,14.8407907140268,103.5,138.312231176843,2.88,72.9802206910773,3.16849193058366,3.47031825748584,2.39371597209796,0.6382401585578918,2.968599557876587,0.842147171497345,13.872319221496582,29.866602999999998,696353.25,716441.25,646984.8125,0.37912246584892273
MYS,2015,0.2439907,123.10362963114,3.00891850128321,46.0390855919982,99.9,3.90550026302768,0.252695294744427,3.27094402931735,5.09153242155011,27699.6278860387,0.8365268,28.3991476426936,48.4853806485296,0.803167934043202,2.10438980238359,25.424263277142,75.288,22.2933324025137,0.0447869,31232798.0,3.30703770408129,0.7623928,5.50777041074817,18.6151187858803,1.27945,0.1141708,81.5115814208984,14.0568621293393,100.0,131.37007244526,3.1,73.4387869957006,3.12721325699906,3.3526080435236,1.43702380935655,0.6133228540420532,2.9902830123901367,0.8929373025894165,14.060624122619629,30.270961999999997,703717.5,704003.3125,679926.25,0.3959816098213196
MYS,2016,0.1034428,121.979820601963,2.36768591329055,45.7340885358718,99.9,4.14830066287879,1.31947890684599,4.47130958598651,4.44978139761541,28425.3707609412,0.7772776,28.3850019206649,49.058669616671,1.4341476437298,2.09056659525742,25.9955119994004,75.371,21.7969397965457,-0.0158376,31789685.0,2.82594518260627,0.729094,5.64270997827513,16.9977908273231,1.41517,0.098701,79.8283920288086,13.5507251724192,96.7,126.8990100257,3.44,73.8588978909614,2.78974074234593,2.55312687440671,1.59691227583204,0.6065638661384583,3.01212477684021,0.9442177414894104,14.129375457763672,30.684654,721369.125,718847.9375,710181.5,0.3959816098213196
MYS,2017,0.0731841,117.167568374282,2.807870911226,45.4951518994463,100.0,4.30044087761124,8.68299981546335,2.9358203805856,5.81272240983328,29551.5457597197,0.7610752,28.3359876066459,51.124071112731,10.1917998595725,3.87120115774237,25.5473434515187,75.542,21.8461950799461,-0.011848,32355644.0,0.798926040327277,0.7662252,5.50760741130421,16.0609680474948,,0.1306432,78.8863677978516,12.9459662411797,97.7,133.155173371956,3.41,74.2354806421432,3.44658623167955,5.17026302354977,2.22314331448899,0.6000469326972961,3.034125804901123,1.0,14.459714889526367,31.104646,751462.375,751462.375,751462.375,0.3959816098213196
MYS,2018,0.4935415,120.276311883907,2.23708206947011,45.227518847802,100.0,4.03513013706806,1.93299044038197,2.31458721219734,4.84308697634881,30459.9655338061,0.8592296,26.1283247399226,53.1812872322082,1.48826515630209,0.884709160571235,23.8974199608763,75.734,21.5281381981616,0.1769644,32910967.0,4.27704807389124,0.7479363,4.91023691554348,16.0856501545673,1.04026,0.2863954,74.4872817993164,12.0226658594691,97.4,130.402625502126,3.3,74.5634625145296,3.28663086462807,4.12857650045815,2.44258329692817,0.5958720445632935,3.0562877655029297,1.0540846586227417,14.813860893249512,31.528032999999997,783648.9375,785834.625,787306.75,0.3959816098213196
MYS,2019,0.4609033,120.706946299114,3.50388669683419,44.8360877975172,100.0,4.14246973569731,-1.04474337511823,2.50697705748044,4.41318742129586,31300.5086554849,0.8172716,24.546150625052,51.5927774360365,-2.3880981860255,0.662891865764326,21.0482403944815,75.9,21.4089748962529,0.1608892,33440596.0,4.80161718618398,0.755754,5.26575125943776,17.47921971095,,0.3389272,75.3229827880859,11.9363488299347,98.5,123.028562027943,3.33,74.8377707734042,2.680308747553,1.27890715448402,2.20607305781525,0.5966285467147827,3.078611373901367,1.1031380891799927,15.11832332611084,31.949776999999997,818144.5625,822237.375,821182.8125,0.3959816098213196
MYS,2020,0.420523,133.816995520751,4.18956779359845,44.2708649510882,100.0,4.20348194851884,-8.56065822976629,1.20275464255821,-5.45684658426701,29200.452632127,0.8675226,23.8210614819294,53.8128736631656,-7.91427200360249,-1.1387021539305,19.6580082281542,76.057,22.2320858423886,0.1400704,33889558.0,4.80149199718223,0.637551,6.26880997379088,15.8672577102456,0.95055,0.3499706,73.2459411621094,10.8846712054019,99.0,116.788182437638,4.54,75.0511895575672,-2.88621185457086,-8.51501859309677,1.90509722047501,,,,,,,,,
MYS,2021,0.3015023,127.260894609567,3.87747951420626,43.5789018280947,100.0,4.14329759817721,18.5432003937888,5.41626377085161,3.31534954399166,29822.8491831618,0.8036415,26.0099609240741,51.6786836379514,21.1858281281099,2.47710241465447,22.1257083996672,73.917,23.363165635524,0.196108,34282399.0,-2.11195861208843,0.7295908,5.18620609619313,15.0934538926416,,0.3016338,74.9618181140898,11.2160748437663,104.9,134.035994690727,4.64,75.5088628191907,6.48508887596752,9.98381025527803,3.47540320289875,,,,,,,,,
MYS,2022,0.3710292,113.070470558095,3.1234711057235,42.8965624836029,100.0,4.40107634540072,14.5086507945167,3.68486215546291,9.03173723044451,32129.2217820113,0.7857271,26.7807789507514,58.2818244031486,15.9922150179089,3.37869862549928,23.5862921622175,75.444,23.3383196840342,0.2483001,34695493.0,-2.2468071304743,0.6557654,4.32861908087948,16.399628113794,1.0121,0.2952941,78.8341986282999,11.6310545373191,111.9,146.424604753908,3.93,75.9741357073003,3.44001097265647,7.04279770032062,8.08169507021982,,,,,,,,,
MYS,2023,0.380697,117.099430029325,1.56447203150546,42.3268043029121,100.0,4.56062343240897,-7.87919899007487,1.97990062716743,3.5370638041057,32857.6676600774,0.7474758,23.8583516969162,59.4155074421789,-6.7514704657596,2.48886560125754,22.8017590224926,76.657,23.020233887779,0.2281849,35126298.0,7.30135969525267,0.588407,4.77774044018093,17.2673137301998,,0.3016843,79.4472788704033,12.5648395418319,111.7,132.593461641599,3.858,76.4434752105739,2.85938493335973,0.761537454221255,5.79944107391962,,,,,,,,,
MYS,2024,0.4983973,116.107410807392,1.69342393177115,41.8927658645277,100.0,4.5764279106858,8.30126334091115,3.6930953933026,5.10545921024041,34116.2317848885,0.9147725,23.3780820262118,58.6276748543331,8.24525663910691,1.834100204499,21.9538831069426,76.821,22.5003191935602,0.3847799,35557673.0,4.45730372233753,0.6804759,4.45057833503037,16.7996896751835,,0.3451357,80.2757406864183,12.4304744518644,116.1,137.362571161559,3.846,76.9170296648992,2.90001340156714,2.86531604224305,3.01447576977999,,,,,,,,,
NLD,1990,,,2.53727950744813,45.1820967673494,100.0,1.82094166666667,5.65857692569254,3.348708621698,4.18322289611109,43128.3071656086,,25.646498772003,,3.97398714660349,2.45408985919675,23.9012711605125,76.8780487804878,15.9091012709009,,14951510.0,,,2.44725465239953,41.8201770649148,,,,23.2519977765877,,104.115680713624,,68.9873866123858,2.70835661034906,5.27155007050217,8.06346090938833,1.0252543687820435,2.998830556869507,0.49399495124816895,6.807824611663818,14.965447999999999,414992.96875,425511.375,533246.375,0.6522030234336853
NLD,1991,,,2.27649103804339,45.4275168201686,100.0,1.86966666666667,6.60807243230082,1.71467155334591,2.4391343395225,43833.4785051351,,25.177162700861,,6.33623105322675,3.15819751859096,23.0045923528186,77.0,15.2459548499493,,15069798.0,,,2.31285964777323,44.1288146123146,,,,24.455125791806,,105.194616821176,7.285,69.207275104499,1.22518126757618,2.92537855288582,8.99693873494331,1.0328171253204346,3.0129034519195557,0.5114361643791199,6.929596900939941,15.064518999999999,428902.0625,438812.4375,546252.5,0.6556409597396851
NLD,1992,,,1.88350974641952,45.6926157372403,100.0,1.75846633333333,2.94340139169466,1.70194435164588,1.70607100505794,44245.5198247957,,24.5157073676027,,2.85169285826422,3.18358569499581,22.9958118547438,77.2170731707317,14.8631837087025,,15184166.0,,,2.37447304610621,43.624252506714,,,,23.6017749970879,,102.080770696115,5.555,69.3087428522066,2.06322489260802,3.36115645327708,7.63610852336974,1.0051978826522827,3.0270423889160156,0.5286837220191956,7.021058082580566,15.165861999999999,439654.75,445357.1875,555572.0,0.6685197353363037
NLD,1993,,,3.72901695535227,45.9411627880563,100.0,1.85730516666667,3.96851815658027,1.80198693110724,1.25755214528137,44490.7504466441,,24.8077497528237,,0.394175400488422,2.58418115634715,20.9693925297175,76.9165853658537,14.6377323562626,,15290368.0,,,3.16311452516562,44.2343941085356,,,,24.2803317656498,,99.0328336645559,6.287,69.7586743487312,1.85802699127092,3.56355749103992,7.14458706876257,1.0128397941589355,3.041247606277466,0.5431594848632812,7.048759937286377,15.268006,449616.625,459641.6875,562558.9375,0.6680522561073303
NLD,1994,,,4.55484743526397,46.2126735776954,100.0,1.81999508333333,8.66959501225841,1.87693869608483,2.96109252246121,45532.7986659915,,25.7746229624893,,9.03395332424965,2.80152693672192,21.2124676655347,77.3751219512195,14.480781227106,,15382838.0,,,3.10736217450825,42.3052292190387,,,,21.8146512904741,,103.046028953898,7.159,70.4100572065956,3.41622758531712,8.90351962923714,10.2479355556119,1.021180510520935,3.0555195808410645,0.5568912029266357,7.101705551147461,15.369119999999999,467388.15625,473037.8125,579216.8125,0.6537062525749207
NLD,1995,,,5.68975460228793,46.4793379314632,100.0,1.60567525,9.20882180699654,2.69471320466118,3.11603593857495,46720.2819318959,,26.7854185991792,,10.1587260316753,1.92322457166359,21.422165123382,77.4046341463415,14.6204004460174,,15459006.0,,,2.37125036919775,39.9658214960973,,,,20.8394943520628,,107.916808067097,7.157,70.6936274148982,3.17807321635462,9.01297366456417,9.07738095238091,1.013378381729126,3.0698583126068115,0.5732114911079407,7.272158622741699,15.467851,486166.65625,497378.5,597265.0,0.6166368722915649
NLD,1996,2.2506276,,4.7637693691811,46.678356484411,100.0,1.68589675,4.05691140549376,3.67863987970945,3.42063535269868,48095.986838021,1.9299903,27.5638440731065,,5.27859660923416,2.11378787066774,22.2339994207935,77.4356097560976,13.9771213437591,1.6066942,15530498.0,,1.5614222,1.95050116020071,40.1587025774689,1.83733,1.727061,,21.4375905010136,,108.664639443962,6.421,72.423330585432,3.58623401800118,6.43102237277841,6.52609569372579,1.0035889148712158,3.0842642784118652,0.593482255935669,7.435649871826172,15.563255,502290.03125,518346.09375,618161.8125,0.6155688762664795
NLD,1997,,,6.00630455392247,46.9014218637429,100.0,1.95126991666667,9.63343940113317,2.64268189930439,4.24847396941847,49881.8947516083,,27.8928206195761,,10.836796903249,2.10924562739483,22.5539685116053,77.7943902439024,13.5394687009685,,15610650.0,,,1.64537108526876,38.937401936915,1.84171,,,20.9029919385381,,114.295027863442,5.511,75.5542374231759,3.99678915639295,9.47428529362406,5.55412988949405,1.058074951171875,3.098738193511963,0.6164532899856567,7.669960975646973,15.655475,547158.9375,555263.8125,644922.375,0.6091715097427368
NLD,1998,2.2334567,,2.97096972527192,47.1611679571244,100.0,1.983733,6.57387102681315,8.57679525462927,4.64770326997895,51879.3596710206,1.9940895,26.1670862409122,,8.34312066102365,1.95913632274257,22.7426875258017,77.8829268292683,13.4938544571332,1.6332106,15707209.0,,1.7807289,1.46526639769799,38.3556335620341,1.73966,1.7633155,,20.6795681277685,,112.408095451564,4.394,76.75231877333,2.78125282205437,4.5071475292704,5.09729149331442,1.0845547914505005,3.1132798194885254,0.643028199672699,7.849161148071289,15.745647,582111.8125,573985.0,675001.0,0.6100700497627258
NLD,1999,,,3.50211167072709,47.3984900222728,100.0,0.938283072395283,9.04139340567347,9.19246841685971,5.04334216651563,54134.3514543153,,27.1828111671317,,9.87942186050779,2.1571791805505,22.9712264633708,77.8365853658537,12.9727259528303,,15812088.0,2.13084384879227,,0.867576087498777,38.8734311889047,1.81986,,,21.186119963917,,114.327740793016,3.622,77.06074312186,3.57856819120765,5.32456715779929,3.04194667094533,1.1314113140106201,3.12788987159729,0.6743046641349792,8.066938400268555,15.835522999999998,629177.625,618933.4375,708980.875,0.6211269497871399
NLD,2000,2.1695715,,1.73766088925111,47.5997257745678,100.0,1.08270508132602,12.123357234606,15.1107005401962,4.21970034558892,56016.8327946434,2.0986317,27.3965355530084,,11.3492782725289,2.36052233801958,22.4588724676077,77.9878048780488,12.7112215855689,1.6844708,15925513.0,1.47330033951023,2.1764948,0.760340534819699,38.7982069523719,1.78907,1.832769,,20.9294302628756,,125.667030082421,2.725,78.4826828427081,4.56720186018067,11.7816277096899,3.43351563418764,1.2167505025863647,3.142568349838257,0.7011541724205017,8.203348159790039,15.926188,693175.0,678720.5625,738727.1875,0.6216384172439575
NLD,2001,,110.22236670732,2.26893537254394,47.7234584540489,100.0,1.11653308564462,1.45284327085132,12.0218639579935,2.32358454925847,56887.3976406444,,25.8098428940335,,2.48680264808159,4.15584127195612,22.6044175168395,78.190243902439,12.5154004319368,,16046180.0,0.598818948814521,,0.738332922904015,38.2001114007715,1.79214,,123.443389892578,21.0083633404495,,119.47546387654,2.119,80.1840578652121,2.02994447591411,0.665655850400682,3.83657262052543,1.2236346006393433,3.1551737785339355,0.7250719666481018,8.352365493774414,16.018114,697842.25,687793.6875,755917.0625,0.6191855072975159
NLD,2002,2.0243224,108.80306461908,2.32001964022281,47.778007873293,100.0,1.05755899623965,0.535859143509626,5.359292335364,0.24582951723049,56664.4027354437,2.0845535,24.1844211042401,,0.322456477541721,3.28753104712766,20.9657566797441,78.2926829268293,11.908705689589,1.033487,16148929.0,0.0776733197633921,2.0589234,0.80315966324196,37.245899292306,1.73931,1.7393438,120.754852294922,21.0800932986811,,112.750024358671,2.554,80.8085275226169,2.31891535273219,2.75388195938507,2.90799688587762,1.233857274055481,3.1678295135498047,0.7421550154685974,8.40687084197998,16.110355,704857.375,690538.8125,757559.4375,0.6222359538078308
NLD,2003,2.0071151,108.372289041971,5.13225020681317,47.8837208072943,100.0,0.88404792718493,1.80631891276943,3.5122237802764,0.0978549395212411,56452.8695506734,1.953188,25.1382374829369,,2.16981128758435,2.09199838997655,20.4311120001709,78.4926829268293,11.4542407181186,1.1398884,16225302.0,0.697980169679972,1.9869442,0.752863589496135,37.0978110355194,1.77665,1.7078117,119.909339904785,20.0840549930958,,111.30450319576,3.593,81.3011308878582,3.07416318395302,4.25941501920559,3.02504526252236,1.188750147819519,3.1805365085601807,0.7580697536468506,8.367423057556152,16.200951,699592.5625,691591.0625,758738.5625,0.6238387227058411
NLD,2004,1.9056799,112.327939906654,6.70186382151751,48.0486896030983,100.0,0.803921647747618,8.1954111227416,21.160832133529,2.01628331561487,57391.3516342059,1.8519422,25.4364389483227,,6.45228127247614,1.26364739183177,20.2354145150337,79.0951219512195,11.5382082987661,0.8645759,16281779.0,1.53415272901272,1.9272495,0.502098256556813,37.2599812255325,1.78132,1.7095087,116.909530639648,20.3554356598247,,116.958160026939,4.646,82.250953139759,4.49537859755031,10.211060301273,3.51799903099596,1.1556941270828247,3.1932942867279053,0.7736838459968567,8.287748336791992,16.287181999999998,711933.9375,705130.9375,773799.125,0.61249178647995
NLD,2005,1.9826747,115.890888447757,6.04101636574987,48.1687259592709,100.0,0.803800192161442,5.70116145566377,30.5011693880359,2.03401576512488,58422.0304069674,1.9473728,26.0990406846772,,5.45123950271547,1.6881301786962,20.3913422355285,79.3463414634146,11.5918368822791,1.0093119,16319868.0,0.775935637767135,1.9779286,0.418176263639989,37.468225816366,1.7667,1.702348,117.553810119629,20.8877969055651,101.0,122.255849523252,5.872,83.5048949725161,4.0591513939051,6.97010195405532,4.10725070715931,1.2131867408752441,3.2061030864715576,0.7901942729949951,8.364166259765625,16.367158,777483.125,801049.3125,789668.75,0.5980163812637329
NLD,2006,2.0600723,112.9576606451,7.75425232709906,48.2136628287853,100.0,0.796432730949102,7.22528522284645,50.9095810861305,3.53729585853395,60391.5155033324,1.75539,27.180298197133,,7.60151453966191,1.10150106517709,20.9352721280667,79.6975609756098,11.2448165271924,0.9634029,16346101.0,0.940727298589361,1.793438,0.431290048871291,38.8682155235222,1.73208,1.7691521,118.427619934082,21.1136721117247,100.6,127.195613539333,5.007,84.6532280358545,4.48913510541222,8.49180561935788,4.26717463390264,1.1874330043792725,3.218963384628296,0.8104379773139954,8.569997787475586,16.440096999999998,815527.75,822049.5625,816999.125,0.583889365196228
NLD,2007,2.0981723,112.717594636907,5.86450821149172,48.2541352334204,100.0,0.729672399984083,5.43615456502651,85.9785548363802,3.88542348324803,62601.6612832425,1.7574727,27.3418892544166,29.0637289988816,7.76843174104715,1.61385859802102,23.2286138653607,80.0975609756098,11.33989000843,0.9304457,16381696.0,2.50354856838089,1.8554736,0.375124043316783,38.1869856689816,1.66063,1.787188,119.842338562012,21.3473565894585,100.5,129.798241740597,4.153,85.4089231499726,4.43123376835285,6.65749601979584,4.81023704342912,1.182515025138855,3.23187518119812,0.8421829342842102,8.838912010192871,16.506655,865110.5625,879112.4375,847823.1875,0.5812520384788513
NLD,2008,2.0721003,110.218655333418,4.06750194753688,48.3834903176158,100.0,0.679922680042729,1.67228627871425,20.4123384575226,2.11674514240192,63678.4005491428,1.7685675,24.7698826040611,26.0445135250103,-0.682740540013157,2.48650198289457,22.2059299952863,80.2512195121951,10.8008764023897,0.9775963,16445593.0,2.14020066544388,1.7453699,0.371368812489831,39.3660975987987,1.61247,1.7322699,121.511627197266,21.6502712271937,97.5,130.152049980117,3.658,85.6149582464487,2.0916044806491,2.97004947697062,8.94995335353387,1.1431035995483398,3.2448389530181885,0.8655174374580383,8.98141098022461,16.568103999999998,868760.6875,915336.4375,866223.6875,0.5868070721626282
NLD,2009,2.0386844,116.241095699118,3.34540739416214,48.6378733180059,100.0,0.716957702016136,-8.69144612430819,23.1185529746283,-3.66528147002826,61029.7329801783,1.7769018,23.8671575209385,28.0439383106726,-7.86256827733816,1.18977687021548,20.5767305168581,80.5487804878049,9.83729864656213,1.0557331,16530388.0,1.53894699247421,1.6683007,0.634547846683256,38.3397892324806,1.65161,1.6712825,122.74600982666,20.8450695285263,97.9,115.109660363107,4.352,86.2223179632671,-1.33303814192499,-9.59622731679175,2.86044855902674,1.0884222984313965,3.257854461669922,0.8800030946731567,8.890323638916016,16.626373,823749.375,838617.9375,834460.3125,0.6152166724205017
NLD,2010,1.9892792,112.995200786287,6.40659475745776,48.9390840593512,100.0,0.754308990105961,9.67890328387475,6.47724170250418,1.31935287897116,61518.5768954231,1.7362289,26.4445804947731,27.8649964298346,8.44358319357863,1.27530569556679,20.0371060399178,80.7024390243902,9.77213843383275,0.9924275,16615394.0,1.03242684018802,1.646277,0.666331933561447,38.6106540678235,1.69388,1.690341,124.569526672363,20.7736282739937,96.3,130.081707935343,4.991,87.3502790247129,4.52085213873784,11.8470983952319,3.32634463368643,0.9883285760879517,3.2709224224090576,0.8922078013420105,8.814677238464355,16.682917,818680.5625,843381.4375,845664.9375,0.6012398600578308
NLD,2011,2.0151382,113.516935353618,7.01569973680719,49.6322091919466,100.0,0.718413898653317,5.68601198969473,39.0408469194559,1.77330320575034,62318.1391154389,1.853741,26.9690241216893,25.2390821012445,4.63595129660494,2.34107017751373,19.9116480923396,81.2048780487805,10.1013242115629,1.0827056,16693074.0,1.7530482375309,1.7926864,0.624233329524329,38.4714937051552,1.8651,1.7111245,129.868103027344,20.6627002818542,97.5,141.757099325776,4.977,88.0059204972573,3.31431839310667,5.51788947035175,4.80063594169405,0.9716581702232361,3.2846834659576416,0.907258927822113,8.878933906555176,16.738193,824565.875,863495.0625,858782.8125,0.6043139696121216
NLD,2012,2.0604599,116.013958604261,7.50199225228895,50.6460351411108,100.0,0.778338120416812,3.71502561561137,30.9042384931276,-0.977826121310997,61480.8416416324,1.9206541,26.0647009049162,25.4832942720764,2.89305149236529,2.45554765291614,18.5826577863124,81.1048780487805,10.0607384630343,1.1275327,16754962.0,0.292040868054822,1.7611187,0.721919450906467,38.9283717595012,1.90094,1.7690975,111.448249816895,20.3256602535276,97.5,149.393223058131,5.821,88.5342462391333,2.74743359443485,2.74285501350239,3.72532666110646,0.9783532619476318,3.2985026836395264,0.9182907342910767,8.856450080871582,16.79184,844316.0625,884191.5625,849934.25,0.6076418161392212
NLD,2013,1.9281622,112.969994005111,7.90135338752685,51.4289591698403,100.0,0.752945122701996,3.01749667819875,36.6955717929323,-0.0302410184270769,61281.3125686741,1.8904217,26.2632433828137,24.6659051147577,2.88788928593394,2.50689852657875,18.3607360340882,81.3048780487805,9.64816464758619,1.0569335,16804432.0,0.351044763138912,1.759796,0.58607666438213,39.8548906421142,2.13953,1.7344626,,20.5483444942433,97.6,150.651850226949,7.241,89.1749992370605,2.88974765617324,3.15001331842582,2.65167342916577,0.9921392202377319,3.312379837036133,0.9298097491264343,8.753303527832031,16.843502,883850.5625,925619.125,848827.875,0.6036811470985413
NLD,2014,1.9485,115.205849457802,8.54625757819213,52.0149611855016,100.0,0.752728196932603,5.14920597683439,15.9879956344505,1.61255885112396,62045.849197561,1.9168757,26.2558229193908,24.5559687632591,3.95161101983743,0.976035079699679,17.7066341303839,81.7073170731707,9.66230344504418,1.0691945,16865008.0,,1.663238,0.528229325843244,39.799035405311,2.15067,1.8261478,,21.6080409414892,100.2,151.715891056501,7.419,89.8364787097165,3.16849193058366,3.47031825748584,2.39371597209796,0.9382762908935547,3.3263156414031982,0.9370293021202087,8.73923397064209,16.892523,836231.375,882311.5,860910.0625,0.6025651097297668
NLD,2015,1.8631148,110.135230807738,4.84837059519836,52.4272622166642,100.0,0.901296423367096,8.37094027699672,48.4706196279081,2.12064007193544,63081.4083495966,1.9280339,26.976300925752,24.074012919385,15.4025527467253,0.600248147278776,22.1699860549934,81.509756097561,10.1488182500805,0.9118761,16939923.0,,1.7856938,0.511722126879094,38.6479779740408,2.11792,1.8839565,114.137916564941,21.7393356455823,100.0,160.325812564809,6.872,90.2787737214621,3.12721325699906,3.3526080435236,1.43702380935655,0.9454304575920105,3.3403100967407227,0.9685701131820679,8.807258605957031,16.938499,873971.9375,875122.75,877776.75,0.5917724370956421
NLD,2016,1.9077694,112.688166070747,7.14588669256922,52.6972672445206,100.0,0.903421436257263,1.96317527766563,34.7918547450687,2.42428065449427,64267.7476553623,1.9619805,26.9531332435549,24.0087404866077,-2.25165043520657,0.316666666666652,19.7764432256049,81.5609756097561,10.2669490054501,0.880799,17030314.0,,1.9568543,0.494873270134095,39.4801263581768,2.11546,1.8913985,112.994277954102,22.3460964348943,100.8,150.96552921165,6.007,90.5803239452777,2.78974074234593,2.55312687440671,1.59691227583204,0.9360886812210083,3.354363203048706,0.9842559695243835,8.917259216308594,16.981295,880249.3125,873445.8125,897015.125,0.5976619124412537
NLD,2017,1.8270031,109.26176749092,8.04969631853888,52.9840892509348,100.0,0.885205508269372,6.92803589487157,23.7131758376085,2.78150834679987,65665.9910229578,2.0046983,28.2746496971791,22.9219025245367,7.61801110947968,1.38145871407216,20.2151929584837,81.7609756097561,10.5500219081827,0.7820237,17131296.0,,1.9684193,0.472997771571007,39.5813605980335,2.14167,1.8652949,115.225227355957,23.0992154340151,99.4,159.646059656847,4.837,91.1219700676602,3.44658623167955,5.17026302354977,2.22314331448899,0.9631744027137756,3.3684754371643066,1.0,9.098231315612793,17.021347,923126.375,923126.375,923126.3125,0.5952926278114319
NLD,2018,1.9465556,103.705449062777,8.83776760941587,53.2595764421941,100.0,0.846772667108111,4.92175607977813,-30.6576768564655,2.25873158164956,66758.2454283317,2.0295602,29.3296743858075,22.5132061163246,5.51634841918094,1.70349794744479,20.4804432515785,81.8121951219512,10.6594535821754,0.7930988,17231624.0,,1.9366985,0.429356147085047,39.5247900029596,2.1027,1.8202279,114.50032043457,22.9733523187001,99.3,163.559146573044,3.832,92.6062472401044,3.28663086462807,4.12857650045815,2.44258329692817,0.9510282278060913,3.3826472759246826,1.0168322324752808,9.302178382873535,17.059559999999998,936653.6875,936939.1875,944920.6875,0.5958938598632812
NLD,2019,1.9497836,98.6368462471995,6.79648399842588,53.5125012921873,100.0,0.893276257067409,2.75687651213421,-13.7565327156949,2.3001616053659,67847.8818461095,2.0639557,28.552937034731,23.0482346929973,4.0088040211949,2.63369910249591,21.7580356895369,82.1121951219512,10.420756670246,0.6985452,17344874.0,,1.8629208,0.501349623047987,39.7164505216525,2.14036,1.843311,114.804168701172,23.7024369491677,99.2,160.676671884999,3.379,93.8898028856479,2.680308747553,1.27890715448402,2.20607305781525,0.9374324679374695,3.396878480911255,1.036913275718689,9.456908226013184,17.09713,950203.4375,950077.9375,960770.875,0.5958938598632812
NLD,2020,2.0646075,100.352006153371,5.72296366531146,53.8223735345247,100.0,0.875506396987998,-3.83103604805189,-23.6860117625863,-3.86799714191608,64862.1890353474,2.0397583,27.0570012685206,23.1639760853804,-4.13833587286148,1.27246037789161,21.3519779830807,81.3585365853659,10.4840023369093,0.7092891,17441500.0,,1.7647356,0.689789384684911,39.7313779068984,2.26514,1.8319749,136.284164428711,23.8138164252391,98.2,152.233230409706,3.82,94.2532277765935,-2.88621185457086,-8.51501859309677,1.90509722047501,,,,,,,,,
NLD,2021,2.0280226,93.8807694464696,10.2781370842496,54.1991252368432,100.0,0.84549413889045,6.85898399986733,-10.9725941589172,6.27683593745216,68573.5648786447,1.8535742,32.4370513358733,22.0023211908273,6.53615949042563,2.67572008805385,22.1938197521171,81.309756097561,10.7549772867478,0.732977,17533044.0,,1.8243489,0.687991606395572,39.3800684201671,2.21542,1.7767646,135.962173461914,24.2474342437328,96.3,163.154842689698,4.209,94.6294783220315,6.48508887596752,9.98381025527803,3.47540320289875,,,,,,,,,
NLD,2022,1.9175777,88.8195045380451,6.82147679536227,54.4455963721084,100.0,0.949623753156941,4.41494923948001,1.47701805979237,5.00723453395074,71324.0360229425,1.7650127,29.6426237382189,21.9578380124342,4.35394863310734,10.0012078753473,22.8632951641142,81.6146341463415,10.3475478456863,0.6252296,17700982.0,,1.7233662,0.581471403000702,39.1818437946509,2.17529,1.7289109,138.767501831055,23.9133847175545,93.3,184.107484252682,3.526,94.9856177734136,3.44001097265647,7.04279770032062,8.08169507021982,,,,,,,,,
NLD,2023,1.8837073,85.4757445009347,9.41409249872006,54.6264908553262,100.0,0.924839558470698,-2.99177531893989,-30.2430732965592,-0.598061017580278,70198.9546022361,1.7511282,29.5031090136918,24.5106465274936,-3.91753793842628,3.83839354342808,20.0805040885297,81.8634146341464,10.4715307489623,0.6084395,17877117.0,,1.7180996,0.634224247828485,39.4093890964287,2.26719,1.7174805,137.514724731445,25.2407076056081,95.4,165.030429478933,3.535,95.3221682092129,2.85938493335973,0.761537454221255,5.79944107391962,,,,,,,,,
NLD,2024,1.9100133,82.3320940898509,9.13742493692445,55.0909942337838,100.0,0.923889546117607,-0.155886502635354,-1.40518243891316,1.07383137319854,70493.9051219267,1.7519974,28.8273545067908,23.4680052763745,0.0886711091726085,3.34754304219953,19.673967025785,81.9658536585366,10.0764749991752,0.4281196,17993485.0,,1.7218271,0.729998349874489,39.4245249624847,,1.7069218,,25.2758922306144,100.3,153.956290574682,3.7,95.6396517079336,2.90001340156714,2.86531604224305,3.01447576977999,,,,,,,,,
PHL,1990,,16.9025484779469,-5.33575810861436,80.6376867539352,,24.3105,2.33234117716144,1.04933276347518,3.08267252855887,4504.46230383567,,22.4397324368827,,9.87312729905578,12.1773522064946,23.3317105849887,64.382,,,62854666.0,9.88098210027373,,1.48657160302564,14.184102561312,,,70.713493347168,12.3546103589205,,42.922356288058,,36.0011791352366,2.70835661034906,5.27155007050217,8.06346090938833,0.5271662473678589,2.2204103469848633,0.296503484249115,22.012189865112305,61.89516,249007.359375,253960.75,257518.40625,0.4378337264060974
PHL,1991,,15.6454917166525,-1.99675016579611,80.4295485629981,,27.4786333333333,6.41463099988198,1.05051459399718,-0.436390080533428,4378.39532090518,,20.9940259165043,,-0.886656273557435,19.2614585266282,19.7170925076743,64.622,,,64382249.0,5.73775233027661,,3.26108818628497,14.99855040542,,,70.3419189453125,12.8095883534011,,44.2199237760081,3.727,36.2572326716808,1.22518126757618,2.92537855288582,8.99693873494331,0.517532229423523,2.244096517562866,0.30568021535873413,22.448877334594727,63.454786,255726.40625,259687.625,256029.078125,0.4378337264060974
PHL,1992,,18.1039652944438,-1.65501732404596,80.0698044356479,,25.5124916666667,5.08226977128767,0.377343949882479,0.417629066097945,4293.71810131081,,20.7100674276883,,8.66921333401238,8.65100357865265,20.7483312409355,65.353,,,65926125.0,10.7499250686686,,3.34578551557756,15.4841555701881,,,71.494987487793,13.5388730593237,,44.9911427301615,3.849,36.5239357507243,2.06322489260802,3.36115645327708,7.63610852336974,0.4887246787548065,2.2680351734161377,0.31665098667144775,23.365238189697266,65.020116,266897.21875,272280.84375,256893.453125,0.4378337264060974
PHL,1993,,23.1490828035757,-4.86165174206389,79.4132075654664,65.4,27.1198416666667,5.94442689978976,1.99559842727954,2.181889985613,4283.15967786629,,20.3512734374584,,10.9470015235718,6.71631104109973,23.1855368033691,65.661,,,67530621.0,7.37117861387287,,3.15259517138627,15.2861275549155,,,72.8925628662109,13.6808811803346,,50.4650429209218,3.869,36.8021006492264,1.85802699127092,3.56355749103992,7.14458706876257,0.4930129945278168,2.292229175567627,0.32996687293052673,23.87910270690918,66.593904,283430.1875,289678.6875,262330.09375,0.4384245276451111
PHL,1994,,25.4845333915397,-4.03229461116698,78.8922732700555,68.0185546875,26.4171666666667,18.7822937974933,2.17470533097175,4.37366591819077,4374.06721651165,,22.4209070619903,,13.6148793223957,10.3864734299517,23.3114526483211,66.0,,,69019291.0,4.5398803903546,,3.07161422055261,15.8078305189858,,,73.66943359375,14.0378887210762,,52.5265038023175,3.767,37.0925396440467,3.41622758531712,8.90351962923714,10.2479355556119,0.4997260570526123,2.316681385040283,0.3448461890220642,24.585424423217773,68.180859,317011.65625,323274.28125,273840.15625,0.4439682960510254
PHL,1995,,32.8652175359862,-2.33919983744538,78.3513792566435,69.1331176757813,25.7144666666667,11.1549901024378,1.74612997966882,4.62522511739661,4477.32317711022,,21.9351325155766,,15.091653509405,6.83199610989534,21.7942950820214,66.311,,,70546246.0,6.54005215382213,,2.61380932662356,15.5014936866218,,,74.843132019043,14.2662552351009,,57.3305579762779,3.68,37.3960650120444,3.17807321635462,9.01297366456417,9.07738095238091,0.5264790058135986,2.3413941860198975,0.36116138100624084,25.10515022277832,69.784088,350631.1875,357414.09375,286652.3125,0.4412159323692322
PHL,1996,-0.3548232,42.8727859095023,-4.17652404044575,77.6409765550621,70.2449569702148,26.2161,14.5358738902164,1.60277940029249,5.8603478716379,4631.77197705972,-0.1678317,22.4067471448509,,15.84179868778,7.4761037778791,23.2823367017063,66.691,,-0.612449399999999,72190242.0,6.64022027676353,-0.0122898,3.20490190325441,16.2906301539936,,-0.0199003,73.7158889770508,14.8266416552207,,63.8553035508774,3.607,37.713489030079,3.58623401800118,6.43102237277841,6.52609569372579,0.5323230028152466,2.361701011657715,0.38052862882614136,26.808916091918945,71.401749,381348.53125,390626.71875,303409.625,0.43963170051574707
PHL,1997,,49.4011069654297,-4.62349405712408,76.7544156910898,71.3533935546875,29.4706583333333,16.6926601338544,1.29853131183765,5.18641167406165,4758.70845808515,,23.9122337867866,,12.7797721473132,5.59025939650601,24.0644880296074,66.994,,,73908810.0,9.42589084402762,,1.96171452161296,16.6106993569076,,,72.8753204345703,14.8614949312421,,77.2286459172662,3.592,38.0456239750098,3.99678915639295,9.47428529362406,5.55412988949405,0.49927952885627747,2.3821840286254883,0.4032417833805084,27.244625091552734,73.030884,376607.96875,384086.46875,319142.53125,0.43691718578338623
PHL,1998,-0.2641975,41.9926044672978,2.07537904684556,75.5384346968209,71.3,40.89305,-19.9141521437233,3.0701111773194,-0.514090599541888,4616.67292900617,-0.0311481999999999,29.6191580479745,,-13.1764370820102,9.23493432267121,19.9889156434332,67.212,,-0.5778416,75791024.0,5.77121291360418,0.1816514,3.07431591479304,15.1138683930375,,0.0053638,70.5079727172852,13.6754637567029,,80.077201518421,3.697,38.3932821236964,2.78125282205437,4.5071475292704,5.09729149331442,0.45281127095222473,2.4028446674346924,0.41742193698883057,27.60999870300293,74.67201399999999,348237.40625,353017.125,317301.9375,0.42984360456466675
PHL,1999,,37.3279299100996,-3.35706942771647,74.1825986663884,71.8741709275167,39.0889833333333,10.1670403213413,2.13567999418902,3.34645118398267,4650.75926947589,,35.9678010817108,,1.69899177473201,5.93904901780808,16.2006540383433,67.503,,,77753257.0,5.11743894892767,,5.17227122020567,14.1602585110215,,,69.9469299316406,12.8954370860496,,77.1614937122172,3.751,38.757275752998,3.57856819120765,5.32456715779929,3.04194667094533,0.43390321731567383,2.4236841201782227,0.428766667842865,28.333904266357422,76.325927,339704.96875,344107.0625,327080.9375,0.4234778881072998
PHL,2000,-0.6204556,35.6071396041854,-2.66284885287764,72.936876606391,74.7,44.19225,13.7234084109387,1.77722452613512,4.38250500083399,4740.43891694569,-0.3125616,33.3916737451306,,11.7946615326589,3.9771250324928,15.684364157955,67.789,25.2795652500131,-1.44133579999999,79625397.0,4.8104932596846,-0.0383351,4.67799840099901,13.983479121829,,-0.476798299999999,,12.440324756341,,85.1533684600039,3.77,39.1384171397742,4.56720186018067,11.7816277096899,3.43351563418764,0.4494602084159851,2.44470477104187,0.44426771998405457,28.347171783447266,77.991755,350599.28125,354156.125,341509.21875,0.3962832987308502
PHL,2001,,36.2651173043754,-2.21740069327136,71.8430200888632,75.7,50.99265,-2.16816250542732,0.96298544393499,3.04923134463486,4778.4008437474,,34.6236833401699,,8.61190905816997,5.34550195567142,18.9451758766766,67.829,25.3115458938417,,81401488.0,6.42188422219399,,5.14417831781934,14.1837329867608,,,70.5786285400391,12.2655086469998,,84.9003886237531,3.698,39.5375185608843,2.02994447591411,0.665655850400682,3.83657262052543,0.4651419520378113,2.4600577354431152,0.45788127183914185,29.15074920654297,79.672873,354303.78125,357339.21875,351392.4375,0.3840077519416809
PHL,2002,-0.701159099999999,33.6639599838555,-0.334490425515421,70.8905082045512,76.7,51.6035666666667,4.84512750155304,2.09827504516588,3.71625500158383,4856.49948429567,-0.3913156,35.2688442852804,,7.09314849666649,2.72277227722765,20.4591371369749,67.886,25.135408678046,-1.0320493,83068889.0,4.70819992469216,-0.1674842,5.11204168568063,13.3140568189552,0.13263,-0.391249299999999,74.9138336181641,11.6681306910299,,83.8448040937789,3.616,39.9553922931877,2.31891535273219,2.75388195938507,2.90799688587762,0.4702262878417969,2.4755072593688965,0.47192543745040894,29.923749923706055,81.365258,361123.84375,362432.8125,364203.84375,0.38038375973701477
PHL,2003,-0.645360199999999,31.9483733559218,0.327439073939328,69.8842742816374,76.6,54.2033333333333,9.23322912456648,0.565263243432102,5.08691113513073,5003.38317718716,-0.4188308,35.6099556982049,,5.30867285137739,2.28915662650607,19.5287356084063,68.049,24.8368726452881,-1.5732442,84731835.0,6.08528504670798,-0.1020846,5.04449703973501,13.5772772504881,0.12527,-0.5644443,76.8219680786133,11.6664325949085,,87.5746443636636,3.527,40.3928506135438,3.07416318395302,4.25941501920559,3.02504526252236,0.47089818120002747,2.491053581237793,0.4902379810810089,30.64175033569336,83.051971,371635.78125,371442.28125,382306.15625,0.3725956678390503
PHL,2004,-0.658141099999999,31.0092116533596,1.71049031113279,68.8601701921728,87.6,56.0399166666666,6.54133495106699,0.623144777963454,6.56922851180626,5229.45080700165,-0.2602502,36.2292309162938,,3.29497589602087,4.82921083627795,20.731007446127,68.301,24.0119978825828,-1.57951059999999,86394504.0,3.95524739260692,-0.0696963999999999,4.4455495264385,13.3154162134607,,-0.5201484,78.5408630371094,11.3644043893781,,87.1252848232048,3.554,40.8507057988121,4.49537859755031,10.211060301273,3.51799903099596,0.4593922793865204,2.506697654724121,0.5086758732795715,31.61174964904785,84.71054199999999,383577.5,382398.59375,407911.5625,0.4104496240615845
PHL,2005,-0.739631199999999,27.8965736381251,1.8529075905422,67.8557797530439,79.8,55.0854916666666,12.4981092765944,1.54906009249231,4.94250511877678,5386.81653712891,-0.1470565,37.7714550955846,,3.7274265162379,6.51685393258433,18.5665300720434,68.423,24.2699011657558,-1.1762537,88015962.0,4.03548972128812,0.1743161,4.60349149593322,13.7818335933477,0.10692,-0.347456899999999,78.3063812255859,11.9242240624029,113.9,83.8456745708051,3.795,41.3297701258519,4.0591513939051,6.97010195405532,4.10725070715931,0.4648345112800598,2.522439956665039,0.5281215310096741,31.799165725708008,86.32625,397978.8125,397554.875,427400.21875,0.4044003486633301
PHL,2006,-0.661034799999999,27.4706949162292,5.4545225788942,67.0134961718752,80.2,51.3142725,10.0571795501032,2.12091886479217,5.31641682136939,5578.57225112139,-0.0535938,37.2282016275856,,0.39283860902006,5.4852320675105,16.0153377703844,68.172,23.8291853953244,-1.4720731,89508986.0,4.4401194500866,0.157936,5.08825460250244,14.8884411968116,,-0.414650199999999,76.9573211669922,13.1273014401873,111.8,80.8505386728775,4.052,41.8308558715226,4.48913510541222,8.49180561935788,4.26717463390264,0.4714587926864624,2.539097785949707,0.5488905906677246,32.589317321777344,87.88867499999999,419900.875,416798.25,449808.625,0.402468740940094
PHL,2007,-0.6865834,27.6390233179632,5.17497335468166,66.2081132680944,82.0,46.148391177755,2.86215307800465,1.87121245887706,6.51929155018938,5840.06810169965,0.0343449,36.7544223626749,,-0.246217936201262,2.90000000000003,16.1286471132386,68.549,23.1509115996374,-1.4430777,91075184.0,5.35759701816081,0.158648,6.74013026531761,14.5498939856171,0.10498,-0.4498061,77.0709991455078,12.9604093017337,109.2,73.6449799920629,3.434,42.3470499959497,4.43123376835285,6.65749601979584,4.81023704342912,0.47877395153045654,2.55586576461792,0.570792019367218,33.76350021362305,89.40548199999999,452881.4375,448818.875,479570.9375,0.403325617313385
PHL,2008,-0.6874488,27.8760610609157,0.0792959465366613,65.4578959893668,83.3,44.32328760941,-4.30034824092162,0.737800589215242,4.34448730509183,5987.03757861835,-0.0220572,36.0222747408748,,4.78159517208647,8.26044703595725,18.9671469154789,68.643,23.2686676777552,-1.6629672,92699095.0,1.46657832194707,0.075357,6.39953482387135,14.566941313229,,-0.550235599999999,78.008903503418,13.0335136905172,96.0,67.6810707730401,3.72,43.1547492407016,2.0916044806491,2.97004947697062,8.94995335353387,0.4765772819519043,2.5685672760009766,0.5930992364883423,34.0890007019043,90.90196499999999,481340.625,478224.09375,499486.375,0.4115646779537201
PHL,2009,-0.8274589,27.8966684153138,4.80078349700448,64.7322063281476,84.3,47.6796884535091,-4.70831740356951,1.17324821246427,1.44832306275669,5965.30730902221,-0.0291995,37.9486917120278,,-2.34718546866765,4.21903052064628,17.4317211991991,68.631,21.7386143914197,-1.6270742,94384250.0,5.67257824063165,0.0167422,9.18511809848311,13.3831179500151,0.10901,-0.632443499999999,80.1762771606445,11.6989355673304,102.7,60.8865907869758,3.858,44.3356772609527,-1.33303814192499,-9.59622731679175,2.86044855902674,0.45619842410087585,2.579975128173828,0.6132684946060181,35.09706497192383,92.414158,502351.84375,496690.3125,505222.125,0.42591923475265503
PHL,2010,-0.7820844,28.3324788107778,3.44540917722718,63.7943677675165,85.5,45.1096641800896,20.3077310614641,0.513698049517659,7.33449996034538,6273.03927731515,-0.0031122,39.7514910839799,,20.7470623880905,3.78983634797591,20.4417711390659,68.883,21.9192017163827,-1.5826192,96337125.0,3.16350898272397,-0.0305694,10.437269739216,12.8470591641686,,-0.651172899999999,,11.63527559371,100.1,66.1042785137797,3.605,45.5208176726647,4.52085213873784,11.8470983952319,3.32634463368643,0.44792813062667847,2.5914340019226074,0.6443663835525513,36.147220611572266,93.96678,551436.9375,546330.6875,543782.0625,0.467929869890213
PHL,2011,-0.565533899999999,30.497639750655,2.40919069913571,62.9060289047957,87.2,43.3131369237488,-0.780862427782154,0.856963002985963,3.85823282795663,6388.31296959977,0.0797874,36.8750710888523,,-0.936149320273799,4.7184170471842,20.7399365678349,69.096,21.704326952574,-1.3804409,98248614.0,2.64095050382798,0.0117513,11.5996405959486,13.3982787223193,0.11222,-0.5225183,,11.8490007825541,92.7,60.7958366999075,3.592,46.6833632464759,3.31431839310667,5.51788947035175,4.80063594169405,0.45148637890815735,2.604868173599243,0.6726489663124084,37.0800666809082,95.57005,599551.3125,596160.375,563683.0625,0.501908540725708
PHL,2012,-0.633583,31.9053759841345,2.65327822085759,62.0255491999165,87.1,42.2287947349434,4.50742251811317,1.22763000703119,6.89695171050985,6697.55620962768,0.2234508,35.1328493512711,,6.75468969521786,3.02696391124796,19.5607279687897,69.237,21.3285712092783,-1.1706826,100175512.0,3.61326895733707,0.1322559,11.4738762540142,13.8032343791337,,-0.4882631,,12.3059271151495,92.5,57.8420055133082,3.504,47.9182784810426,2.74743359443485,2.74285501350239,3.72532666110646,0.47772714495658875,2.6183719635009766,0.7047680616378784,37.71280288696289,97.212643,640090.875,640256.8125,601358.6875,0.49271732568740845
PHL,2013,-0.498170899999999,34.3357279070115,4.00964958369035,61.1835246269493,87.5,42.4461848306739,1.97360862744596,1.31642638378197,6.75053130142255,7016.53846470436,0.2427988,36.3544017148818,,7.00653607834938,2.58268766141795,20.642224107669,69.283,20.434498765772,-1.0944308,102076336.0,3.63093412149458,0.0316296,11.620931882498,14.2155505906419,0.13207,-0.4699791,,12.7438220628562,90.7,55.8247812320298,3.497,49.1313688766206,2.88974765617324,3.15001331842582,2.65167342916577,0.4928497076034546,2.631946086883545,0.7433645129203796,38.11800003051758,98.871555,664324.375,664862.0625,643838.8125,0.4878171384334564
PHL,2014,-0.5826913,37.5782838049623,3.6156391335833,60.4579386236435,89.8,44.3951543042097,12.137095464228,1.92937522802216,6.34798748260867,7340.361585912,0.4543872,37.3474479713157,,9.8982464304439,3.59782343864211,20.9239704373705,69.311,20.5750839907396,-0.805762,103767130.0,2.39960024337773,0.0596485,9.94050359217836,14.4354568990067,,-0.3610228,81.5640314318642,13.0155171797493,94.7,57.4681720875945,3.6,50.2392400212368,3.16849193058366,3.47031825748584,2.39371597209796,0.5023674964904785,2.645590305328369,0.7849780321121216,38.573699951171875,100.513142,690617.125,692098.1875,683404.5625,0.49152594804763794
PHL,2015,-0.590425299999999,39.9037835751424,2.37094985955594,59.5211985547012,89.1,45.5028399421431,9.96700306756031,1.84018010717942,6.34830971672761,7691.76308685047,0.408021,35.6348333700962,,15.0089404173482,0.674192536845408,21.3409478711064,69.45,19.9280223742627,-0.926818599999999,105312992.0,6.34358648995616,0.0878094,9.89835817167378,14.6770502818935,0.15683,-0.4299627,82.0085254812081,13.0196105917208,100.0,59.1415921053094,3.068,51.1549047745227,3.12721325699906,3.3526080435236,1.43702380935655,0.5120836496353149,2.6593053340911865,0.8387550711631775,38.74100112915039,102.11321199999999,724171.875,723858.125,724863.6875,0.4856499433517456
PHL,2016,-0.613111,42.8645179928199,-0.376262661565376,58.4031241305213,92.0,47.4924638585099,9.20645650360576,2.59850803494211,7.14945675000752,8131.82537948653,0.2499539,35.0547724231085,,18.8131737809626,1.25369880080982,24.618503101685,69.49,19.5903031993868,-1.4376683,106735719.0,4.30655097833464,0.1261455,8.8465616501929,14.5097320228406,,-0.4729561,82.7837574272484,13.0871006913218,103.9,61.7760657653871,2.695,51.9114748151175,2.78974074234593,2.55312687440671,1.59691227583204,0.5217064619064331,2.673091411590576,0.9162992835044861,40.99469757080078,103.663816,784773.25,783427.0,774763.6875,0.4829500615596771
PHL,2017,-0.636865,45.6051977878358,-0.652387929422697,57.3664779049531,93.0,50.4037197937177,17.4017811484723,3.12238778404896,6.9309883258402,8584.13622709699,0.1764345,35.4886316753905,60.3176340363727,15.1450340168078,2.85318772590947,25.5587738639602,69.966,19.5002020558133,-1.2792545,108119693.0,3.2319992694047,0.1368136,7.78302270131783,14.93213807295,,-0.5912855,80.9227600097656,13.5937937490496,101.1,68.1683697426727,2.552,52.6010482354344,3.44658623167955,5.17026302354977,2.22314331448899,0.5321866273880005,2.6869490146636963,1.0,40.33399200439453,105.17292499999999,826499.0,826499.0,826499.0,0.4895167946815491
PHL,2018,-0.6388345,47.5627907969006,-2.55939306312468,56.4951142171875,94.2,52.6614299539683,11.8163378471094,2.86833826070497,6.34148557153473,9016.28659637608,0.2184254,33.8070507208738,61.3459931361948,14.6445678999375,5.30934661627707,27.1505820415621,69.761,19.0982471668147,-1.06677739999999,109465287.0,2.29210640379307,-0.0051077,6.88316024492647,15.518451436483,0.32222,-0.6398018,79.3622469757001,14.0475332790366,98.0,72.1633982990273,2.338,53.2088897464754,3.28663086462807,4.12857650045815,2.44258329692817,0.5241898894309998,2.700878620147705,1.093872308731079,41.15300369262695,106.651394,876689.1875,877652.25,878103.4375,0.4969918429851532
PHL,2019,-0.6111557,47.9736686643137,-0.808557862529767,55.745826525598,95.3,51.7957826517332,2.63601726823903,2.30117498598294,6.11852566221303,9452.2939715981,0.1818096,31.7551872075089,62.2466747019023,2.33294456794259,2.39206534422404,26.4018084647284,69.68,18.516454400296,-1.0094929,110804683.0,6.35446159033897,0.0586419,7.72024557926384,16.0691583520658,0.25926,-0.647098,85.3821865979599,14.4884730214742,99.3,68.8418422595678,2.237,53.7157859948017,2.680308747553,1.27890715448402,2.20607305781525,0.5130136013031006,2.7148802280426025,1.180379867553711,42.424800872802734,108.116615,913573.5625,913426.8125,929959.5,0.4969918429851532
PHL,2020,-0.5392618,52.0356914003601,3.20065009232565,54.8178657691752,96.4,49.6240960026328,-16.1434994409059,1.88586363211171,-9.51829474045297,8455.18457134106,0.1815124,24.8181733606399,67.0450915850689,-21.5544214019465,2.3931623931624,17.4333790282876,70.097,17.6581790478661,-0.9415427,112081264.0,,0.0141421,12.2854455443743,15.9052544996477,0.27625,-0.6331335,87.9419879481158,13.9509857073772,101.6,58.1695603022281,2.522,54.1077719895977,-2.88621185457086,-8.51501859309677,1.90509722047501,,,,,,,,,
PHL,2021,-0.5743865,49.9413249106511,-1.50797765976295,53.59656857012,97.5,49.2545977288412,8.00067108105569,3.04078855310045,5.71473313185116,8857.78995115514,0.1562797,20.2029188331693,64.2254083346106,12.8163381615555,3.92718022100332,21.1407371483135,66.675,17.6400846961045,-1.0935816,113100950.0,,0.0148496,9.66180966264431,15.4805124388839,,-0.6736731,85.8666475631511,14.1300039313539,95.4,63.4846098136712,3.398,54.4504102510776,6.48508887596752,9.98381025527803,3.47540320289875,,,,,,,,,
PHL,2022,-0.5774689,48.8730299164324,-4.51605763317134,52.3747406896807,94.8,54.477785837205,10.9593266288208,2.3475097233369,7.58098212785563,9457.10395402883,0.0357929,22.4737175447068,66.6110921963778,14.0166250852395,5.82115811213955,24.6858616763102,69.472,17.2293794131524,-0.899042399999999,113964338.0,,0.00480089999999999,7.17102711134574,16.0827426789485,,-0.6321996,92.291271176651,14.6190058206626,88.1,72.4296836107599,2.598,54.7902343568327,3.44001097265647,7.04279770032062,8.08169507021982,,,,,,,,,
PHL,2023,-0.5690313,48.3110407107995,-2.834121138482,51.2166581870048,98.0,55.630363223193,1.33518858868864,2.04210354820336,5.51894967856043,9898.53294588106,0.1018162,27.3405418997346,63.977928897569,1.03708603523225,5.97802515541409,23.4061516161597,69.833,16.2303262947388,-0.709066,114891199.0,,0.0633741,7.61565817073656,15.7220468648187,,-0.601158699999999,91.5493424610693,14.1044353413729,93.9,67.4199693171606,2.2,55.1242716168851,2.85938493335973,0.761537454221255,5.79944107391962,,,,,,,,,
PHL,2024,-0.5766165,49.8449977717705,-4.0212789718349,50.0600272907847,94.8,57.2906550699734,3.19548889023842,2.03571882251572,5.71474526128652,10378.1717703535,0.1445214,29.1320470859788,60.975307025875,4.26542788305784,3.21260487006347,23.6782004674363,69.946,15.6722332808061,-0.7741477,115843670.0,,0.0792961,7.34350984657376,16.6932227681666,,-0.5739681,85.2945085684493,14.369653991008,98.2,65.8637883882752,2.202,55.4520983215477,2.90001340156714,2.86531604224305,3.01447576977999,,,,,,,,,
SGP,1990,,79.1646747233386,8.63724140435268,36.984660810193,100.0,1.81253333333333,13.0771839720917,15.4235472379855,9.82089955731777,45961.0598271094,,43.7346820122541,,14.4952289156627,3.46075338652824,35.6531138861975,75.2951219512195,24.4042257097584,,3047132.0,2.54550361450616,,4.73325824236763,25.3531236745006,,,,14.5462695925654,,344.33221784507,,100.0,2.70835661034906,5.27155007050217,8.06346090938833,0.7960205078125,2.046879768371582,0.16688993573188782,1.5295562744140625,3.012966,64345.48046875,86285.1484375,99293.4296875,0.4293484389781952
SGP,1991,,79.8711021252107,10.7339641366336,36.7071413745528,100.0,1.72755,8.58716011899661,10.7488600422674,6.68839753958379,47659.4966886953,,44.9742348070061,,7.18002595081914,3.42570173078643,33.9799446925753,75.6463414634146,25.4598766532387,,3135083.0,3.01429378749089,,5.30244340181343,25.3606950605275,,,,15.1815315980586,,323.887994825751,2.18,100.0,1.22518126757618,2.92537855288582,8.99693873494331,0.6952894330024719,2.1113440990448,0.18096782267093658,1.579628348350525,3.1011469999999997,60162.921875,82751.1171875,105934.6796875,0.438173770904541
SGP,1992,,81.0855367745248,11.3460660380192,36.5663395700654,100.0,1.62896666666667,7.24261462446694,4.22844121278652,6.63980556949564,49319.8192699525,,46.9931769374517,,7.46938895195646,2.26307118702851,35.5156959121622,75.9463414634146,24.3496835852954,,3230698.0,4.50231813395858,,5.66612932922392,26.600267074265,,,,16.1033535012871,,311.312267281518,3.09,100.0,2.06322489260802,3.36115645327708,7.63610852336974,0.6842296719551086,2.1778385639190674,0.1964772492647171,1.616797924041748,3.199642,64883.53515625,82367.453125,112968.40625,0.44707390666007996
SGP,1993,,80.9717012635425,6.94851439736297,36.4179105706588,100.0,1.61579083333333,16.9766657467881,7.73270125338351,11.459650875246,53598.4639619519,,44.3689996647096,,18.5484813994824,2.28929964388641,37.2020493632248,76.0463414634146,24.4718559767818,,3313471.0,1.86759885390403,,5.82257520009455,28.6908809055269,,,,16.2903339457186,,313.416139807665,3.07,100.0,1.85802699127092,3.56355749103992,7.14458706876257,0.5848314762115479,2.246427536010742,0.21391186118125916,1.6152366399765015,3.3058069999999997,58563.7109375,80112.4609375,125917.71875,0.4358513057231903
SGP,1994,,81.1902405393255,15.4701578956138,36.1419982535519,100.0,1.52744416666667,18.4921616852751,11.6030848586318,11.0956893100227,57706.871164823,,48.0937388256663,,16.4642095624198,3.10013262599502,32.9120593059062,76.1975609756098,23.6247216926065,,3419048.0,2.33474747945626,,5.89415997584386,25.985425843629,,,,16.6131522787889,,316.216547584567,3.03,100.0,3.41622758531712,8.90351962923714,10.2479355556119,0.5798794627189636,2.317176342010498,0.23203147947788239,1.6605042219161987,3.4157029999999997,62453.99609375,76442.9609375,139891.625,0.43930888175964355
SGP,1995,,88.2934969585412,16.4967504477223,35.5898525306159,100.0,1.417375,21.0873810953449,13.6003946544884,7.17540112091071,59997.0074442828,,50.5941912194197,,22.9082824575643,1.72053384788524,33.8813128046581,76.2951219512195,23.9850622633339,,3524506.0,3.09459539508003,,5.33343548856718,25.6051382214677,,,,15.7685036472599,,345.459263895462,3.3,100.0,3.17807321635462,9.01297366456417,9.07738095238091,0.5749370455741882,2.390153408050537,0.25325751304626465,1.6938567161560059,3.525969,66146.484375,79247.40625,149965.09375,0.4401951730251312
SGP,1996,1.9582214,93.7418064299455,14.627347115363,34.8076329822397,100.0,1.41004083333333,9.34609538444835,11.8724659997363,7.47139086002002,61911.5030358083,2.2336615,48.8767626927082,,10.0275865870844,1.38318052481876,35.0401245569948,76.5951219512195,23.167218060175,1.1704541,3670704.0,4.68323720072943,1.8639948,5.62069868758878,27.9398897605784,1.31991,1.4214369,,15.8973671573725,,334.911163288092,3.57,100.0,3.58623401800118,6.43102237277841,6.52609569372579,0.6550436615943909,2.4676434993743896,0.2828824520111084,1.7584501504898071,3.638187,83410.3984375,99371.59375,161169.5625,0.441730260848999
SGP,1997,,96.470304928416,15.5698355478412,34.0437770728819,100.0,1.48480583333333,10.2310205815733,15.6823709085456,8.31620911124497,64846.0629277791,,52.3004833795433,,11.230401727722,2.00358618538962,38.1697972076704,76.8975609756097,22.1515036552127,,3796038.0,5.18129117579026,,5.22617018959628,26.8275390745868,1.41565,,,15.312341085021,,323.86442214814,2.5,100.0,3.99678915639295,9.47428529362406,5.55412988949405,0.6770427227020264,2.5476460456848145,0.3146231770515442,1.8675318956375122,3.75214,95874.34375,104451.0078125,174578.734375,0.4372570812702179
SGP,1998,1.8735456,107.93107365818,21.7915511543613,33.6131560449939,100.0,1.67360166666667,-4.41723779836633,6.95062480351291,-2.19101500611274,61306.7734542676,2.3094802,51.3496086513825,,-8.44428261815131,-0.267502292876153,31.4900376302754,77.3,22.687452648512,1.007567,3927213.0,8.88863167475906,1.883005,6.72326849529725,26.912024333176,1.73708,1.3643448,,14.0310256358429,,312.079255674686,3.41,100.0,2.78125282205437,4.5071475292704,5.09729149331442,0.7964898943901062,2.6070761680603027,0.34150800108909607,1.9298241138458252,3.8607139999999998,123080.25,118769.125,170746.0625,0.4619777202606201
SGP,1999,,102.707304148647,17.2038802401523,33.5431357077727,100.0,1.69495666666667,8.01809748921349,21.8492034558928,5.71837175710837,64296.6384874384,,48.9122577264388,,9.41185755680169,0.0167098337370727,32.6914753593956,77.5512195121951,22.8506863130545,,3958723.0,9.72580242623378,,6.07284229447315,27.5755969983419,1.81624,,,14.5317174065401,,336.484846412882,4.85,100.0,3.57856819120765,5.32456715779929,3.04194667094533,0.7545371055603027,2.6636855602264404,0.3666224181652069,1.9752329587936401,3.9547429999999997,126775.4375,122706.6875,180519.578125,0.4557953476905823
SGP,2000,1.9003615,96.0524631654193,11.0715031927897,33.4053702798412,100.0,1.72396333333333,14.3282934774083,16.1488904515269,9.03831632555163,68904.1280154511,2.3451859,46.3748639816815,,20.0190452814917,1.36162392448456,35.1740359977879,77.9512195121951,25.8614860377559,1.1045472,4027887.0,1.89658180389967,2.1066061,5.25898275858787,25.681569547987,1.81699,1.4658514,,14.8557890847443,,364.364520468218,3.7,100.0,4.56720186018067,11.7816277096899,3.43351563418764,0.9124432802200317,2.721524238586426,0.39571413397789,2.0846548080444336,4.028871,170724.203125,163269.78125,196837.015625,0.4575924277305603
SGP,2001,,115.023967340769,14.4329302808565,33.1856643975603,100.0,1.7917225,-3.64070742045996,18.9398606857353,-1.07086275100448,66352.1492865891,,40.0817720006283,,-6.82328110553756,0.997197956155943,27.6094317950146,78.2512195121951,23.3946978474146,,4138012.0,7.60067410678851,,5.58717831248265,24.3483568448637,2.0093,,,14.5855191514965,,349.292105694978,3.76,100.0,2.02994447591411,0.665655850400682,3.83657262052543,0.8258942365646362,2.7076094150543213,0.4207461178302765,2.1330718994140625,4.077145,164812.78125,160526.65625,194732.796875,0.489348441362381
SGP,2002,2.1109512,102.024223572871,14.8770537568056,33.1413664813315,100.0,1.79058833333333,7.38074043840886,6.65366588247055,3.92336076702013,68328.932172058,2.067514,38.4280208891596,,5.54030462397822,-0.391676866585049,25.0736127933875,78.5512195121951,24.7376403229729,1.1440472,4175950.0,6.29924790489969,2.0396337,5.89466903678695,21.1831034876079,2.03282,1.4336101,,12.6887393397993,,349.746013985676,5.65,100.0,2.31891535273219,2.75388195938507,2.90799688587762,0.8298907279968262,2.693765878677368,0.4400002062320709,2.1982626914978027,4.104419,181259.921875,174030.21875,202355.828125,0.47307565808296204
SGP,2003,2.1045874,104.782800634148,24.3020823146557,33.040255189436,100.0,1.74218333333333,13.870710510351,17.4624153696896,4.54825542643229,72497.86860121,2.0823753,39.398793615194,,9.88911161901163,0.507905300237551,17.2245248736318,79.0390243902439,24.7654126931969,0.8806358,4114826.0,7.23589278336476,2.0697739,6.14268374450453,19.4253514768287,1.99679,1.4774891,,12.4460741638593,,377.218564301581,5.93,100.0,3.07416318395302,4.25941501920559,3.02504526252236,0.7429221272468567,2.679993152618408,0.4563562572002411,2.186929225921631,4.129225,174580.71875,167406.53125,211534.25,0.4644978940486908
SGP,2004,2.0039426,95.7289657619849,19.3111213606955,32.6647872830213,100.0,1.69022833333333,19.3992880709538,21.2027237505542,9.93998268434957,78712.5347297388,2.1566811,40.6143506457402,,22.6232889995778,1.66272719863072,22.8924616706012,79.490243902439,27.1193675970643,1.0349931,4166664.0,1.28941695213109,1.8895436,5.5881238501796,18.7817911568509,2.07859,1.5013678,,11.6045115798244,,401.523712538509,5.84,100.0,4.49537859755031,10.211060301273,3.51799903099596,0.7817760705947876,2.666290521621704,0.47760385274887085,2.259111166000366,4.177213,203560.96875,192437.640625,232306.03125,0.42625194787979126
SGP,2005,2.0030373,89.2233561956159,23.2604773041195,32.0662807862252,100.0,1.6643975,12.7798517436743,15.1133588478775,7.36632239250758,82547.482835778,2.1744068,43.62664151037,,11.5727370026348,0.425106276569107,21.506936250429,79.990243902439,27.0767617982071,1.1381609,4265762.0,3.33607855433956,1.9437505,4.93299643486235,18.175279588949,2.14806,1.5198855,,11.5770274018324,97.8,420.430512920559,5.59,100.0,4.0591513939051,6.97010195405532,4.10725070715931,0.867169201374054,2.652658462524414,0.4996475577354431,2.3732168674468994,4.265687,244092.515625,264816.46875,249401.515625,0.42181241512298584
SGP,2006,2.1499328,84.2870559979133,26.8933813503311,31.1695382893287,100.0,1.58893333333333,10.9542601120836,26.3271523046735,9.00676607871758,87210.0480467646,2.1986117,48.1685207360732,,10.2997511268978,0.965657519018511,22.3792634447668,80.1414634146341,26.5780059858028,1.2280811,4401365.0,3.40551309237873,1.9733365,4.90075591105156,17.8972792883433,2.11656,1.43829,,11.8310221766032,96.7,425.363399543019,4.48,100.0,4.48913510541222,8.49180561935788,4.26717463390264,0.9664225578308105,2.7296035289764404,0.5255423784255981,2.547529697418213,4.402331,297112.0,296612.875,271860.46875,0.41980013251304626
SGP,2007,2.1699161,85.3517596047783,27.143332530687,29.8728951478371,100.0,1.50710166666667,8.53810646514776,26.1619888768056,9.02151951268893,91198.1515708456,2.2797329,49.970919838469,48.5781058323874,7.46394783339983,2.10980166714574,23.0659529090098,80.4414634146342,23.8226519045272,1.1413902,4588599.0,-0.554042740231563,2.0657181,5.08024174951609,19.2502610950738,2.31986,1.419882,,12.8204281959211,95.8,394.288471919078,3.9,100.0,4.43123376835285,6.65749601979584,4.81023704342912,0.9681457281112671,2.8087809085845947,0.5572763085365295,2.7970197200775146,4.5786299999999995,326265.1875,326440.75,296388.09375,0.4237561821937561
SGP,2008,2.1684032,97.8643623312414,15.08343561816,28.6303332765411,100.0,1.41486083333333,5.2612034297687,7.02328608228286,1.86348345462035,88083.2853664583,2.2929989,44.3584688806777,52.6889727453077,10.8763551599802,6.63544058395309,30.1596763689779,80.790243902439,20.5856649738484,1.2892238,4839396.0,6.85627872280123,2.0882662,4.63162921909622,20.414935154062,2.59673,1.4183269,,13.7543914469361,95.3,437.326714891057,3.96,100.0,2.0916044806491,2.97004947697062,8.94995335353387,0.7763670682907104,2.8902547359466553,0.5925921201705933,2.952399730682373,4.775804,280529.28125,299015.375,301925.34375,0.44755733013153076
SGP,2009,2.1408814,96.8613765494725,16.3930632928179,27.87340474654,100.0,1.45451471343874,-7.20390568936388,12.0710944143275,0.127953382778088,85575.755106675,2.1610477,43.8631060213423,50.8971583102219,-9.94564468552372,0.589142019610516,27.3701152111674,81.2414634146342,20.2733764290735,1.2287248,4987573.0,2.35646709404947,1.9625852,6.00113380620524,17.0545106225511,2.1279,1.3783538,,12.9549265300847,96.4,358.192811828842,5.86,100.0,-1.33303814192499,-9.59622731679175,2.86044855902674,0.7823179364204407,2.9740920066833496,0.6259308457374573,2.9917919635772705,4.966614,295603.3125,291632.84375,302290.625,0.45744580030441284
SGP,2010,2.07204,94.8584026979012,22.9333472183784,27.3410335609054,100.0,1.36350833333333,17.7876650340506,23.0694716770802,14.5197497108994,96280.0168756448,2.1773529,50.5915809058007,52.3392376030999,16.3067217182076,2.82884527612958,27.6582275190447,81.5414634146342,20.7738330253125,1.1901335,5076732.0,4.22538213508497,2.0047029,5.8077734027456,16.7790639246853,1.92918,1.3929086,,12.7858239691039,95.8,369.685555787646,4.12,100.0,4.52085213873784,11.8470983952319,3.32634463368643,0.8621118664741516,3.060360908508301,0.6673972010612488,3.1083149909973145,5.131171999999999,364728.0,369290.46875,346200.28125,0.439468115568161
SGP,2011,2.0725464,104.703673841577,22.2184518342372,26.9496478674041,100.0,1.25777587719298,7.69048603691513,17.5960314065854,6.21493416858989,100153.729405945,2.1271599,48.8092109004309,47.7371556953814,5.68754306354928,5.25115624639373,26.6919943455279,81.7439024390244,19.5825515079778,1.1188701,5183688.0,4.16049084438408,1.9447456,5.16536886202671,17.0209629280307,2.06955,1.4205904,,13.1057219512653,93.3,379.098631377539,3.89,100.0,3.31431839310667,5.51788947035175,4.80063594169405,0.8300490379333496,3.161694288253784,0.7091206312179565,3.2304420471191406,5.263636,374101.15625,399595.4375,368142.0,0.439468115568161
SGP,2012,2.0881784,112.973543165736,17.6432739045995,26.8734686937048,100.0,1.2496762037037,1.3971546433355,18.7435244231802,4.43549759378537,102061.11936105,2.2446934,47.2531022096686,48.4626199153623,2.58191224372486,4.58084479423094,29.2629426703058,81.9951219512195,19.1168219800662,1.256811,5312437.0,4.86057756338297,2.1253998,5.43623357526727,17.4768046793331,1.91833,1.5532143,,13.5806687357042,92.5,369.212965787665,3.72,100.0,2.74743359443485,2.74285501350239,3.72532666110646,0.8078073859214783,3.271183729171753,0.7539322972297668,3.359426736831665,5.369476,383786.34375,403046.78125,384567.0625,0.439468115568161
SGP,2013,2.0543133,124.065951568619,15.707187590209,27.0192311085442,100.0,1.2513,6.13984290044986,20.9344810446532,4.81763099120676,105259.693561054,2.1745281,45.5156971062719,50.3271857168025,6.51256907152306,2.36439793742726,29.9795021855415,82.2463414634147,17.6384096148755,1.232658,5399162.0,5.83621695317835,2.0879315,5.43683101786015,17.2396519035114,1.92104,1.4835114,,13.2712500808714,94.1,367.041780049019,3.86,100.0,2.88974765617324,3.15001331842582,2.65167342916577,0.7507438659667969,3.3896632194519043,0.8015763759613037,3.4967143535614014,5.453736999999999,376029.1875,392164.71875,403169.71875,0.439468115568161
SGP,2014,2.0560463,128.129763309946,17.9502135491878,27.3124316272141,100.0,1.26705,3.61996188755937,21.8184880782679,3.93554027709007,107990.891202625,2.1621771,47.2950477994746,50.6403255755208,2.76851321675153,1.03316955857629,29.4300082792766,82.4951219512195,17.9997688921285,1.0665318,5469724.0,5.63232355514565,2.1611904,5.12342361688902,18.0208994708332,2.08228,1.5393572,,13.5565571344028,93.1,360.467319166237,3.74,100.0,3.16849193058366,3.47031825748584,2.39371597209796,0.7616791129112244,3.5180726051330566,0.8506382703781128,3.6226089000701904,5.525626,402570.84375,425131.96875,419046.53125,0.439468115568161
SGP,2015,2.0799858,122.421353845761,18.6930222903094,27.6825611982179,100.0,1.374825,4.96769782563081,22.6541826890491,2.97679931634806,109894.041337341,2.1874773,44.0462153091754,52.2174549984101,3.38074142780155,-0.521975611895763,25.353193018866,82.7439024390244,18.0893298548734,1.1123429,5535002.0,2.21015017142368,2.2303413,5.41630753480116,17.9971098900658,2.17445,1.5460708,,13.1397745298612,100.0,329.471398940262,3.79,100.0,3.12721325699906,3.3526080435236,1.43702380935655,0.7623752355575562,3.657472848892212,0.8974538445472717,3.655489921569824,5.592152,422182.375,421381.21875,431569.84375,0.439468115568161
SGP,2016,2.1044197,123.054693783234,18.0266123608265,28.1544000884945,100.0,1.38154636363636,0.0300651703276031,20.3059406285478,3.91095306322606,112719.947951111,2.2456127,45.2357210400528,52.2327295013631,-0.158541821638181,-0.529809760375464,26.3428829842065,82.8463414634146,17.3698773941449,1.2788614,5607283.0,4.60380264997622,2.1984368,5.59069271249593,18.3679721865711,2.06892,1.5473758,107.745868589242,13.2379148800818,98.4,301.338866227561,4.08,100.0,2.78974074234593,2.55312687440671,1.59691227583204,0.7650092244148254,3.8090639114379883,0.9460588693618774,3.672650098800659,5.653633999999999,437499.59375,427075.0,445567.6875,0.439468115568161
SGP,2017,2.1125052,120.442638051885,18.4885963302097,28.8474686470753,100.0,1.380925,7.40875098036464,29.5741008560154,4.32679370770501,117492.967994526,2.2158807,46.6182575489954,53.0720442885638,8.4037856213145,0.576763191179996,27.1803110118491,83.0951219512195,18.4782631524341,1.3859813,5612253.0,2.2245050675132,2.1489543,5.48780927285261,20.0984795106946,1.89683,1.49284,107.472873863465,13.927682163213,96.2,315.401433455385,4.2,100.0,3.44658623167955,5.17026302354977,2.22314331448899,0.7773794531822205,3.974208116531372,1.0,3.6692850589752197,5.708041,464890.21875,464890.21875,464890.21875,0.439468115568161
SGP,2018,2.1254362,117.439858431353,15.6764327413725,29.5555499902006,100.0,1.34884166666667,8.1859423087989,22.7862106121625,3.18660848474074,120668.888726158,2.2170172,41.4218332441414,51.57228009959,8.09754527981251,0.438784215129623,24.6650062452141,83.2975609756098,20.6143847051882,1.2994328,5638676.0,1.50347162588522,2.1367938,4.90921841872551,18.1363800456617,1.80836,1.5337126,105.745250914262,12.9758391948793,95.0,325.725809994853,3.613,100.0,3.28663086462807,4.12857650045815,2.44258329692817,0.746727705001831,4.154453754425049,1.043179988861084,3.714766263961792,5.757499,473383.59375,476500.75,480873.625,0.439468115568161
SGP,2019,2.1188705,119.256588972207,15.4536632743623,30.1882050728381,100.0,1.36415833333333,0.247596810933942,28.1758142041642,1.15877947300108,120678.341978557,2.2442216,39.9868811642176,51.8165690079601,0.224634918158031,0.567829988405447,24.3414821182522,83.5951219512195,19.3067395308763,1.2580714,5703569.0,5.5952239176712,2.1809946,4.79837409853881,20.9049346284011,1.88845,1.5263702,104.621987875083,13.1540929239546,94.5,324.270088576625,3.1,100.0,2.680308747553,1.27890715448402,2.20607305781525,0.7090666890144348,4.351568222045898,1.082009196281433,3.75960373878479,5.804336999999999,477183.59375,477907.875,484399.90625,0.439468115568161
SGP,2020,2.1272918,128.43285830434,17.6975168735289,31.1638429496119,100.0,1.37974166666667,-0.639771299739749,22.5843942948636,-3.61084281729929,116684.213596572,2.2154522,42.0805317790255,55.2615580095711,-2.10142887459197,-0.172111865925382,22.930549192946,83.5439024390244,19.6581730987491,1.2855556,5685807.0,7.61485450331353,2.1222024,6.5266318785032,17.9630738979833,2.15983,1.4703849,103.115839213946,12.6685387711801,91.0,331.080556828077,4.1,100.0,-2.88621185457086,-8.51501859309677,1.90509722047501,,,,,,,,,
SGP,2021,2.0800635,,19.2527773366463,32.3224926548392,100.0,1.34348333333333,8.4073529620277,32.2624851402185,10.1410845197192,133990.186782104,2.2180671,44.1544994049441,54.9722752514087,8.36101730317331,2.31610315765146,24.1177810588483,83.0926829268293,20.6115503058426,1.2816641,5453566.0,-5.20690857279518,2.1352444,5.86539457353699,16.9554758068058,1.93761,1.4327468,102.951274385922,12.6095887829953,93.5,326.53325458764,4.64,100.0,6.48508887596752,9.98381025527803,3.47540320289875,,,,,,,,,
SGP,2022,2.0329943,,18.9227008880076,32.7954085061744,100.0,1.37866666666667,5.30180987938955,28.0305519383786,4.01027884472296,134828.001392614,2.2013027,41.9202431450759,56.8269189876243,6.2088760195078,6.13095418919732,21.8791987960219,82.8951219512195,19.6980886706733,1.164789,5637022.0,,2.049181,3.52234707372305,15.7228590892291,1.80821,1.4279068,103.009804103267,11.6639975988634,94.1,330.246917062891,3.591,100.0,3.44001097265647,7.04279770032062,8.08169507021982,,,,,,,,,
SGP,2023,1.9240956,,16.3916456531586,33.1253772353762,100.0,1.34276666666667,4.40743499041152,24.607056245637,1.45026775889565,130296.843789261,2.2622865,37.8776158568895,56.1383758562278,4.08199120483368,4.83372362825798,21.1305685622627,83.0975609756098,16.7319252095723,1.2040374,5917648.0,,2.1295346,4.31234700367134,18.0096881546498,,1.4244438,103.082801906213,13.7387885776561,93.3,323.7012199919,3.444,100.0,2.85938493335973,0.761537454221255,5.79944107391962,,,,,,,,,
SGP,2024,1.9681221,,17.2010838902762,33.9448002385635,100.0,1.33623333333333,5.65716722003995,23.5787255966584,5.3435120192366,134548.764138482,2.2796267,40.4512885852667,59.429782938503,6.74324615411722,2.38951123595017,21.8490850721263,83.3463414634146,16.2580935927289,1.2318778,6036860.0,,2.1321197,4.1819284049901,17.7270176198845,,1.4311756,,13.5602685073681,92.9,313.299377202408,2.737,100.0,2.90001340156714,2.86531604224305,3.01447576977999,,,,,,,,,
THA,1990,,,-8.53154931493565,51.2977536711141,,25.585462419191,13.3941597145146,2.86320410852027,11.1671634446293,8702.899560469,,32.8268187108862,,23.6866588327527,5.8639947437583,41.3537625860488,68.924,27.2036060002487,,54738329.0,8.17171642898053,,4.41170447433326,18.526387449594,,,30.0151195526123,16.9073230109204,,75.7823643645399,,18.8071480847314,2.70835661034906,5.27155007050217,8.06346090938833,0.4407026171684265,2.045426368713379,0.1896425485610962,28.704509735107422,56.558186,330013.28125,335173.78125,379896.09375,0.6613681316375732
THA,1991,,,-7.70751149059111,49.8954078377684,,25.5167954060799,15.1400199249747,2.05017744663305,8.5582603212423,9295.04057342995,,34.528016169832,,12.9383627828564,5.70985259891396,42.8413775479448,69.132,28.2410871121631,,55637434.0,9.12494255783144,,4.84116575518534,19.149496594148,,,32.2471084594727,17.4135039767451,,78.4711349774175,2.63,19.3568451726218,1.22518126757618,2.92537855288582,8.99693873494331,0.42248237133026123,2.0642364025115967,0.21839551627635956,29.032207489013672,57.232465,354131.0,356749.28125,411888.84375,0.6613681316375732
THA,1992,,,-5.65567692212437,48.7588328530172,,25.4001281507941,13.8074141131401,1.89589035115006,8.08338802345332,9887.97373654022,,34.0199054218324,,8.96838894452236,4.13914575077053,39.9639476511796,69.353,27.5171542382701,,56528834.0,7.34632900127856,,5.09736145751023,17.6352229403759,,,35.9716300964355,15.5917839860999,,77.9546456926093,1.35,20.2251472411188,2.06322489260802,3.36115645327708,7.63610852336974,0.39785823225975037,2.083219528198242,0.25009047985076904,30.343666076660156,57.811021,389131.53125,395548.3125,449990.1875,0.6613681316375732
THA,1993,,,-4.93050710851374,47.859628001212,,25.3196110778961,12.9849264808414,1.39968290876163,8.25191591524627,10539.9611081001,,35.9403785639628,,13.2255995486891,3.31219168428468,39.6561466385326,69.568,26.1746397804026,,57408198.0,4.39100680690757,,5.38309606241756,17.4435393969405,,,40.6418609619141,15.3992767110393,,77.7461171174097,1.49,21.344368876117,1.85802699127092,3.56355749103992,7.14458706876257,0.40122637152671814,2.10237717628479,0.28434789180755615,30.317150115966797,58.337773,421992.84375,429723.15625,489105.28125,0.6613681316375732
THA,1994,,,-5.49408768770675,47.1281429207993,,25.1499518885845,13.1049219351998,0.93155550985152,7.99702466720433,11216.2548285636,,35.8027071005383,,17.4802344470277,5.04774897680755,40.9077848466695,69.661,25.901482479419,,58260854.0,5.94526176247366,,5.35205576697511,18.0886614314099,,,45.9383201599121,16.0356890181589,,81.2489529938277,1.347,22.6578637457835,3.41622758531712,8.90351962923714,10.2479355556119,0.38790690898895264,2.121711015701294,0.32212403416633606,30.343334197998047,58.875268999999996,459862.21875,468360.21875,528219.4375,0.6613681316375732
THA,1995,,,-8.0232936998296,46.4677380280416,,24.9151757040726,15.3704416182955,1.22161487733782,8.12031534625378,11955.2188089811,,35.8028117053841,,22.9703607432291,5.81818181818192,42.8626944049408,69.757,26.2081119799014,,59098232.0,7.10208727359962,,5.02791401691384,18.4787891921831,,,51.2646713256836,16.4409308201272,,89.7561749368245,1.1,24.1089855182854,3.17807321635462,9.01297366456417,9.07738095238091,0.3962375521659851,2.1412224769592285,0.3676295280456543,30.927778244018555,59.467273999999996,516268.5625,531389.625,571112.25,0.6613681316375732
THA,1996,-0.183415399999999,,-8.02658256605427,45.8485006159732,,25.3426828609665,-4.48367523583144,1.27616818910847,5.65194446499471,12457.6820831228,0.4056814,34.6035201809033,,-3.24865736633589,5.80510554737349,42.5326887141045,69.94,25.6659977872653,0.4604454,59920064.0,8.93166038026805,-0.0575059,5.10521376349522,18.8176873904304,0.11918,0.6088092,57.5684394836426,16.7262176292695,,84.2741479979753,1.071,25.6410878617897,3.58623401800118,6.43102237277841,6.52609569372579,0.4068395495414734,2.1609134674072266,0.4192673861980438,30.697734832763672,60.130185999999995,563008.9375,587974.375,603391.375,0.6613681316375732
THA,1997,,,-2.01164910932919,45.2831507258956,,31.3643344542954,9.05194342811353,2.59338342691776,-2.75357515314082,11954.1474335919,,32.2545975091173,,-8.68594363787999,5.62579747129106,34.2747292641036,70.362,26.4681730077214,,60724584.0,8.83409476385564,,4.05176432338582,18.4752171300827,0.10214,,59.4612503051758,16.1054792572039,,95.0517906464755,0.873,27.1975244444636,3.99678915639295,9.47428529362406,5.55412988949405,0.36453965306282043,2.180785655975342,0.4518309235572815,31.580263137817383,60.846582,520968.46875,539804.6875,586776.4375,0.6613681316375732
THA,1998,-0.1171064,,12.5290469721114,44.8016090932276,,41.3593875,10.7914200122663,6.43480671140772,-7.63403528600102,10898.3370239872,0.0924345999999999,31.7437445056457,,-19.5554789599507,7.99472875027457,20.0714955249893,70.703,27.1478594413378,0.4948166,61522630.0,5.87889882998788,-0.1241654,6.39744899631092,16.012134713785,,0.5182612,61.9174385070801,13.7881674416943,,100.240473732828,3.404,28.7216489344742,2.78125282205437,4.5071475292704,5.09729149331442,0.31539902091026306,2.200840473175049,0.44578418135643005,30.615234375,61.585103,445311.125,456835.25,541982.0,0.6613681316375732
THA,1999,,,9.81128061226545,44.3675535728877,,37.8136558333333,8.63596923886405,4.81780662046842,4.57230775115542,11254.6098303333,,30.4552375675406,,11.3971916913592,0.284726459223048,20.1734050464464,70.979,28.174948317538,,62299043.0,11.8617924582346,,6.68570746657057,15.4262179878768,0.24836,,,12.8892155998986,,100.706288704433,2.968,30.1568149999886,3.57856819120765,5.32456715779929,3.04194667094533,0.33033281564712524,2.2210798263549805,0.44614049792289734,30.577653884887695,62.298570999999995,461708.5,472419.0,566762.8125,0.6613681316375732
THA,2000,-0.1190676,,7.36845240260665,43.8829877665989,82.1,40.1118033333333,15.8318701614571,2.66312868727133,4.45524704335014,11623.7874580461,0.2796884,30.7820937245273,,25.9586459733382,1.59196917460972,22.2826056940878,71.205,28.375445282081,0.5759091,63007815.0,6.41687160709718,0.3293766,5.07297233118356,15.4733501386637,0.24471,0.6190079,,12.9767329017598,,121.297955351472,2.389,31.4626212652205,4.56720186018067,11.7816277096899,3.43351563418764,0.33979296684265137,2.2415051460266113,0.4548209607601166,31.47385597229004,62.952642,481151.25,488187.53125,592014.0,0.6613681316375732
THA,2001,,,4.24027233043999,43.3792360174805,90.4,44.4319,-0.020392510442079,4.21223509530842,3.44424900968372,11902.6109229705,,28.2255095772685,,1.46822255524918,1.62690887314091,23.1124372100211,71.52,27.8267674786216,,63651141.0,5.25258115113859,,5.2498144282551,16.7717568247415,0.25231,,64.0281982421875,13.0702183217552,,120.267966273533,2.6,32.7428054763889,2.02994447591411,0.665655850400682,3.83657262052543,0.3613182306289673,2.2708401679992676,0.4696546494960785,32.090091705322266,63.539196,500396.84375,506628.8125,612404.0625,0.6613681316375732
THA,2002,-0.5285957,,3.46550516817669,42.9588444120937,91.0,42.9600833333333,5.88728388684268,2.48815301889834,6.14903605210036,12513.5421967032,0.1054802,28.103890614555,,6.22102808077535,0.697308976625449,22.7441937694577,71.775,28.5150317752876,0.2841788,64266437.0,,0.0998766,5.77678521095063,16.1977815770275,0.23055,0.362596,65.5458221435547,13.4703127620992,,114.969743021067,1.82,34.0732781018222,2.31891535273219,2.75388195938507,2.90799688587762,0.3842630386352539,2.3005590438842773,0.4838050603866577,33.0482177734375,64.069087,543120.9375,547569.8125,650060.875,0.6613681316375732
THA,2003,-0.55629,,3.13356400154558,42.6269343596548,91.6,41.4846166666667,9.13382779785333,3.43593984811892,7.18924330340971,13288.7481561137,0.1883012,27.9738396418452,,11.0961545701609,1.80434994635718,23.829298673817,72.101,29.5805029456399,-0.165002899999999,64868166.0,,0.1680068,5.42849987458567,18.3092652586297,0.24534,-0.0029901,,14.4815688032319,,116.692819704865,1.54,35.4270354382579,3.07416318395302,4.25941501920559,3.02504526252236,0.3989808261394501,2.3306665420532227,0.5051400065422058,33.823299407958984,64.549866,583487.625,588623.4375,696795.125,0.6613681316375732
THA,2004,-0.437662799999999,,1.59597338993786,42.3578746279834,92.2,40.2224149175021,14.6310804727495,3.38947495269123,6.28934214285795,13998.521730812,0.1673729,27.8994841062468,,20.3049411424136,2.75914926231082,25.6814147024811,72.1,29.4189680545022,-0.5992561,65452047.0,0.949922531687858,0.3068536,5.12847386166865,18.3039542361617,0.23828,-0.0437146999999999,67.444221496582,14.8533309059365,,127.411873720393,1.51,36.785516284484,4.49537859755031,10.211060301273,3.51799903099596,0.41131776571273804,2.361168384552002,0.535747766494751,34.7003288269043,64.995299,630185.5,635383.3125,740619.125,0.6613681316375732
THA,2005,-0.3525114,,-4.036464315232,42.0963439239568,92.8,40.2201302083333,7.75971666545969,4.33958708070528,4.18763842884337,14459.825626203,0.2466566,28.2409524233023,,16.1898432518667,4.54036919634536,30.4207508630674,72.894,29.6150680597619,-0.8216996,66017420.0,-0.354173197273536,0.3176707,4.35228452163583,19.6577299136472,0.21889,-0.0533122,71.8262786865234,16.0618602656932,96.2,137.853866832247,1.35,38.1301594392881,4.0591513939051,6.97010195405532,4.10725070715931,0.43316394090652466,2.3920693397521973,0.577403724193573,35.20924758911133,65.416189,684079.9375,695141.0625,771633.625,0.6613681316375732
THA,2006,-0.4581751,,1.04380762367254,41.773454802002,99.1,37.8819832215363,10.7876780938591,4.0212567065949,4.96781089246107,15052.6955101059,0.1709682,30.4451483129011,,2.94340866216504,4.63747436011764,27.0116433930542,73.341,30.1680799710117,-1.0498077,66567687.0,1.11279460175694,0.2329061,5.08069119941125,18.7448714140908,0.23271,-0.1788782,71.6298599243164,15.6369927115112,95.1,134.086946191268,1.22,39.4424037014582,4.48913510541222,8.49180561935788,4.26717463390264,0.4385884404182434,2.423374652862549,0.6172739863395691,35.62002944946289,65.812536,726747.0,733309.3125,809966.8125,0.6613966226577759
THA,2007,-0.2413121,106.362551068585,5.92665423116421,41.3866114142164,94.1,34.5181805917013,8.89374979907444,3.28356939351343,5.43515169050809,15744.3652449147,0.1510563,32.2498340915576,28.0254613728005,4.20038055732847,2.24154095286802,25.4960142904031,73.779,30.5874496669954,-1.0329101,67102394.0,3.48698568702785,0.1040205,5.93095596443648,18.2641241001835,0.2008,-0.214751499999999,75.7808074951172,15.1431565568396,95.4,129.873226989717,1.18,40.7036878697821,4.43123376835285,6.65749601979584,4.81023704342912,0.44064080715179443,2.455089569091797,0.6536092758178711,36.1891975402832,66.182067,774277.6875,783734.3125,853989.875,0.6705968976020813
THA,2008,-0.300508999999999,105.75976393767,0.319466151466348,40.9922627538581,94.8,33.3133006412338,6.26362447318705,2.93824905393328,1.72569884866334,15893.5084947968,0.1042204,30.6620557262506,26.3795419620076,11.3986417948412,5.46848949649846,28.2264349517752,74.221,30.5547305435118,-1.1647166,67619830.0,0.654506894891978,0.1161174,6.0802354647904,18.8185161341965,0.20331,-0.2254443,75.2078475952148,15.3848864043407,93.6,140.437011540931,1.18,41.8954507430475,2.0916044806491,2.97004947697062,8.94995335353387,0.43709680438041687,2.48721981048584,0.6919360160827637,36.977848052978516,66.530984,819733.75,835992.5,868727.0625,0.6593159437179565
THA,2009,-0.169330999999999,108.983352741424,7.87655950254759,40.6382297866718,99.0,34.2857741234241,-12.1402858662377,2.27590224065624,-0.690618232300579,15667.6047343164,0.2394144,29.2740607965439,27.5086988698478,-20.7722933385969,-0.845716092316721,20.6363983767118,74.669,29.4621400654976,-1.1126951,68121080.0,4.57231980497401,0.2582863,9.81395828770847,17.4396219478319,0.23455,-0.2840722,76.6007080078125,14.1942308395144,98.2,119.269418854589,1.49,42.9991311200422,-1.33303814192499,-9.59622731679175,2.86044855902674,0.4048498868942261,2.519770383834839,0.7108346223831177,37.68135452270508,66.866839,816753.9375,823401.375,862727.625,0.6643279790878296
THA,2010,-0.2171947,115.747568600026,3.36732467219252,40.2890456323974,99.7,31.685705,14.2202617102756,4.32320928209171,7.51339053261624,16732.187029014,0.1380751,29.6275906793853,26.2989283157735,22.9555285300222,3.24758842443725,25.3566546340746,75.012,30.9304788194459,-1.2331956,68579447.0,0.243128638611464,0.1736167,9.0725601386283,18.9981068906829,,-0.257822999999999,78.3943786621094,14.9326475542288,98.5,127.250522638251,0.622,44.0018736622496,4.52085213873784,11.8470983952319,3.32634463368643,0.42392632365226746,2.5527467727661133,0.7396346926689148,38.012290954589844,67.195028,922410.9375,933518.0625,927547.5625,0.6646090745925903
THA,2011,-0.147218899999999,130.672937960862,2.54217096328341,39.9223743100647,99.3,30.4917333333333,9.50941647608943,0.667087644548593,0.840132083053334,16768.1688542486,0.1220647,31.4339629664977,22.6972118999979,12.4002784437648,3.81191694558332,26.7914582468449,75.302,28.9958809244545,-1.1386768,69007208.0,1.2766820317925,0.1832602,7.74152006876012,19.8124475584625,0.36146,-0.127405,86.9894790649414,16.3618347937093,93.7,139.675407224576,0.66,44.8048723557374,3.31431839310667,5.51788947035175,4.80063594169405,0.4314233660697937,2.579838275909424,0.7764512300491333,37.91310119628906,67.518388,971033.25,987364.6875,935340.375,0.6557691693305969
THA,2012,-0.3712467,136.230998631992,-1.23233637957653,39.6234784277851,99.1,31.0830916666667,3.66167901291044,3.24456444314608,7.24279620249642,17871.5786477565,0.1802694,28.9313113964315,22.97873426814,5.62949763423732,3.00948610403357,28.0241657146011,75.59,27.9727873518431,-1.22129129999999,69436098.0,3.21675712469183,0.0807324,7.26906226177321,18.9380707949502,,-0.115414099999999,85.5365295410156,15.4409356740255,92.4,137.67493851024,0.58,45.373565813715,2.74743359443485,2.74285501350239,3.72532666110646,0.4744897484779358,2.6052534580230713,0.8207880258560181,38.27876281738281,67.835962,1075335.5,1093635.125,1003085.125,0.6461538076400757
THA,2013,-0.2742545,142.363202683937,-2.10153458942232,39.4940129315302,99.4,30.7259666666667,2.51433774067284,3.79126450872817,2.68749556320556,18244.4071505088,0.1498463,27.2207671462189,22.1460745135469,1.68063704073256,2.18617704418967,27.4571011829666,75.96,27.5886907461759,-1.3578088,69845114.0,3.22433498210821,0.1317821,6.51019841309142,21.3359792359589,0.44163,-0.223368999999999,83.854850769043,17.738624655461,93.9,132.462274174269,0.249,45.8321343847773,2.88974765617324,3.15001331842582,2.65167342916577,0.47527819871902466,2.6313772201538086,0.8583906888961792,38.15044021606445,68.14451799999999,1082613.875,1101013.125,1030043.0,0.6525974869728088
THA,2014,-0.446293599999999,145.564225761056,2.85828409870041,39.5565144682596,99.5,32.4798333333333,0.345467727364124,1.22145318013998,0.984468863619426,18326.604873747,0.1288639,27.4850789547057,22.6439946046819,-5.298331498026,1.89455652481545,23.9190195478501,76.279,27.5735009565918,-1.1368246,70216367.0,3.45784317114814,0.159735,6.66361179348732,20.3797627910924,0.47988,-0.397889999999999,123.525459289551,16.4984954942888,93.8,130.905495444398,0.576,46.3138799467897,3.16849193058366,3.47031825748584,2.39371597209796,0.456541508436203,2.658234119415283,0.8930243253707886,38.01603698730469,68.438746,1050659.125,1070844.125,1040182.9375,0.6574923992156982
THA,2015,-0.5473428,149.373253475137,6.91581517168623,39.72661984392,99.6,34.2477166666667,1.25015222784658,2.22468548959784,3.13404724911635,18814.0408554566,0.0674039,28.043823657924,23.9081912453329,0.00392126168293316,-0.898143410569433,22.3556406383245,76.563,27.3740711959416,-1.156024,70540795.0,3.98101397309843,0.2068741,7.354632050016,21.2559663894193,0.61609,-0.3757008,124.330596923828,16.8518811081038,100.0,124.839662152526,0.597,46.9521043776171,3.12721325699906,3.3526080435236,1.43702380935655,0.46429190039634705,2.685849905014038,0.9307644367218018,37.95298767089844,68.714511,1065692.75,1070241.875,1072781.25,0.6574745774269104
THA,2016,-0.408719499999999,146.223949449025,10.5083543932086,39.8914360247636,99.9,35.2963833333333,2.69605274307708,0.843364340718618,3.43515771692182,19372.7128024107,0.0943555,30.0765044478694,24.1533912741093,-0.991700681763348,0.186235191075453,21.1054892015174,76.769,27.1442393688371,-1.12638439999999,70859841.0,1.78511916997275,0.1702952,8.34136438746495,20.5484735955978,0.77829,-0.3279698,122.563217163086,16.1000351509677,102.5,120.57522728913,0.688,47.8801095551247,2.78974074234593,2.55312687440671,1.59691227583204,0.471317857503891,2.7142508029937744,0.9644801020622253,37.61436080932617,68.971308,1091626.0,1090808.875,1108789.125,0.6438356637954712
THA,2017,-0.3709316,144.640307265206,9.63103019182141,40.0618541912691,99.9,33.9398110566858,5.18084536096465,1.81550260101987,4.1776810321001,20096.8605455164,0.1567658,31.9424672317789,25.0947352815091,6.22723461886225,0.664415139830893,22.9342956887695,76.989,27.0148154805347,-0.984692599999999,71160187.0,2.46971462408852,0.2103023,8.78162959167524,19.8604658024679,1.00165,-0.3190283,79.5062371844027,15.5187398285405,100.7,120.891427433638,0.83,49.2311973571777,3.44658623167955,5.17026302354977,2.22314331448899,0.5048192143440247,2.743464708328247,1.0,37.371986389160156,69.20980999999999,1153407.625,1153407.625,1153407.625,0.6372031569480896
THA,2018,-0.3729339,144.088791675771,5.61986314598972,40.3013405116213,99.8,32.3102257431458,3.35104986995172,2.71279835138662,4.22287028746071,20882.1707419576,0.1754361,31.6865849444729,23.7010461775138,8.27429587315605,1.06683487370758,25.2195901594439,77.19,26.7128343918527,-0.979869,71376079.0,2.67979728915769,0.1451222,7.78824916649138,20.1769525888598,1.11375,-0.2986525,80.6045305135668,15.6981581348008,98.5,120.841864730984,0.765,54.5843734741211,3.28663086462807,4.12857650045815,2.44258329692817,0.49679043889045715,2.7735207080841064,1.0360569953918457,37.79167938232422,69.42845299999999,1174799.125,1175339.75,1201034.5,0.6372031569480896
THA,2019,-0.3854632,143.369163383068,7.04854832033554,40.607794056073,99.9,31.0476057805499,-2.95355341651113,1.01734877580041,2.11455779628278,21280.1504518601,0.1402125,31.7166115590555,24.1456146250576,-5.16668460621428,0.705524801910317,23.8147525746375,77.197,25.6215964143658,-0.588531399999999,71522271.0,3.03891578719485,0.0906488,8.90152084891791,20.0041229020508,1.14317,-0.2002532,81.7206425877734,15.3979482209566,98.6,109.689514715166,0.716,55.9266166687012,2.680308747553,1.27890715448402,2.20607305781525,0.49349138140678406,2.8044486045837402,1.0726592540740967,37.540958404541016,69.625582,1192240.125,1191732.875,1229521.375,0.6372031569480896
THA,2020,-0.3820186,160.17075930508,4.1441730948501,40.974368915158,100.0,31.2936732130832,-19.9669665551487,-0.858310188764945,-6.09306312966953,19950.2844063147,0.1171649,28.2586166665329,27.6476472642596,-13.9108732629366,-0.846087518861799,23.7642761877022,77.331,25.5648835165284,-0.7333386,71641484.0,4.64285868065104,0.0858661,12.2043932728337,20.0733730214482,1.32818,-0.2036855,82.3668560969625,15.1988303906346,101.5,97.6624419371158,1.099,57.2358779907227,-2.88621185457086,-8.51501859309677,1.90509722047501,,,,,,,,,
THA,2021,-0.3893452,164.142023585507,-2.14183455857728,41.4084358543198,100.0,31.9770934417717,11.1295104589362,3.04112326260094,1.55858232076893,20236.9760408784,0.2086191,27.6338609938632,24.6642800019366,17.8740441461194,1.23104516549814,28.6772507306111,77.606,27.1593914745154,-0.6963747,71727332.0,1.26044284284124,0.1032065,9.01100320674599,19.2326637591497,1.20822,-0.2575207,84.6644528199547,15.0887626116152,96.8,117.131472183199,1.215,58.5087776184082,6.48508887596752,9.98381025527803,3.47540320289875,,,,,,,,,
THA,2022,-0.403978499999999,156.437761251145,-3.42866250197224,41.9038541372374,99.9,35.0613502144776,6.38386965570031,2.39157096115532,2.63784213566305,20768.4800093577,0.2274924,26.4000592714881,25.8377488104933,3.43076101270017,6.07589952842433,27.8232930802592,75.291,27.0303300560283,-0.5671596,71735329.0,-1.43574487358447,0.1135856,7.11722437680349,18.9750645034963,1.15902,-0.2682159,88.0661686868399,15.1376314815638,89.5,132.813458288082,0.94,59.742374420166,3.44001097265647,7.04279770032062,8.08169507021982,,,,,,,,,
THA,2023,-0.439334199999999,153.81071706352,1.64003832144024,42.4662473757894,100.0,34.8021885808364,2.71705516734568,1.9975474592024,2.24883437970568,21245.2706771879,0.3053878,25.6220712409329,26.0506229435129,-2.45230850571349,1.22908986612448,22.3940359236883,76.412,24.9848484402188,-0.4398775,71702435.0,2.99490663552014,0.1189791,7.56658893215616,19.9419131391138,0.93628,-0.1956309,93.3356315272258,15.4536102115328,90.2,128.792359690165,0.733,60.9341926574707,2.85938493335973,0.761537454221255,5.79944107391962,,,,,,,,,
THA,2024,-0.5273456,146.295079842162,2.19482817825998,43.0865648827834,100.0,35.2935380808081,7.52221362138945,2.70165281834265,2.94859986593323,21882.2142474833,0.2536395,24.0895812398268,28.3057768762254,5.66976483778232,0.398333333333422,21.4528153883175,76.564,24.2392268675556,-0.6833311,71668011.0,3.61835329433484,0.106412,7.45570372627258,20.236099600792,,-0.2155096,92.507325535959,15.1750172236637,90.7,135.724935837766,0.781,61.8689338391321,2.90001340156714,2.86531604224305,3.01447576977999,,,,,,,,,
USA,1990,,114.791425711226,-1.32399955459737,51.238482086274,100.0,1.0,8.8221036729803,1.19450410722934,1.88596557755378,44384.2101912606,,18.7592652466551,,3.57706867605559,5.39795643990325,21.5292134484762,75.2146341463415,,,249623000.0,6.03974984538442,,2.73557589265657,18.2058323595741,,,97.017578125,10.4652847558268,,19.8150673537315,,75.2685508261939,2.70835661034906,5.27155007050217,8.06346090938833,1.0,3.435096502304077,0.44952595233917236,123.0460205078125,252.120309,10110408.0,9978170.0,10087555.0,0.6151978969573975
USA,1991,,119.177672922602,0.0462965293516911,51.6541373756373,100.0,1.0,6.61409749821516,0.56104703230478,-0.108312873733027,43747.6307351749,,18.814188530315,,-0.149517513589416,4.23496396453849,20.1106050230516,75.3658536585366,,,252981000.0,4.91529597719921,,2.60169338107099,18.1313187820521,,,95.643310546875,10.3203424286825,,19.7864481240974,6.8,75.543016838308,1.22518126757618,2.92537855288582,8.99693873494331,1.0,3.4523024559020996,0.4606260359287262,121.56706237792969,254.53937,10093921.0,9939456.0,10076635.0,0.6150988340377808
USA,1992,,118.243163763414,-0.791448803104507,51.9977277550372,100.0,1.0,6.92744381740616,0.464853986617542,3.52249717254271,44664.873585596,,17.6880246956939,,7.00981839507561,3.02881967814969,20.0775819985715,75.6170731707317,,,256514000.0,3.88429488606973,,2.31231476555185,17.6483480046323,,,,9.98416183728209,,19.9505945023923,7.5,75.8943317611462,2.06322489260802,3.36115645327708,7.63610852336974,1.0,3.469594955444336,0.4729953110218048,121.79700469970703,256.990613,10444359.0,10301173.0,10431579.0,0.620048463344574
USA,1993,,120.994532191545,-1.23616054042839,52.1602619489498,100.0,1.0,3.26459869984197,0.732369583756588,2.75179586314481,45292.7380683092,,17.051004445686,,8.64659074793926,2.95165696638559,20.39362787431,75.419512195122,,,259919000.0,3.54563216513095,,2.39765174502404,18.0456273686645,,,96.611701965332,10.3049343163775,,20.0446187019752,6.9,76.2998113365493,1.85802699127092,3.56355749103992,7.14458706876257,1.0,3.486973524093628,0.48659926652908325,123.12069702148438,259.532129,10730839.0,10602463.0,10718744.0,0.6141963005065918
USA,1994,,120.183035270976,-1.66925292387951,52.1445550097576,100.0,1.0,8.83607190146962,0.767643589421284,4.02902272637739,46543.3199204553,,17.8617050415274,,11.9283540694326,2.60744159215453,21.2790967659069,75.619512195122,,,263126000.0,4.89854133535632,,2.06391324712794,18.2572651688514,,,96.447883605957,10.6235066354376,,21.0554591617453,6.119,76.7405657773027,3.41622758531712,8.90351962923714,10.2479355556119,1.0,3.50443959236145,0.5016573667526245,125.68997955322266,262.241196,11162312.0,11054640.0,11150584.0,0.6079543828964233
USA,1995,,130.168599500427,-1.48644935848023,51.9691102485906,100.0,1.0,10.2783046409731,0.904218188320061,2.68443073970295,47227.0083257008,,18.7589369755472,,8.00088768201105,2.80541968853662,21.2726491406982,75.6219512195122,,,266278000.0,6.59421797556983,,1.95523553618241,18.7804599339586,,,94.1738662719727,10.980989035111,,22.4533816490568,5.65,77.1977052961919,3.17807321635462,9.01297366456417,9.07738095238091,1.0,3.5219931602478027,0.5193513631820679,127.46273803710938,265.163745,11461592.0,11361680.0,11449898.0,0.6073774099349976
USA,1996,1.6795863,137.665711099743,-1.54496736206885,51.6754019155487,100.0,1.0,8.1764590686487,1.20969310261879,3.77277269047364,48441.9061125568,1.7415488,19.6511225768668,,8.69643650823966,2.93120419993441,21.7018149855781,76.0268292682927,,0.9479663,269394000.0,6.32428599222658,1.3576763,1.66275864603054,18.9521476326011,2.45013,1.5355907,94.0091171264648,11.373914577285,,22.6870719902412,5.451,77.6523401060025,3.58623401800118,6.43102237277841,6.52609569372579,1.0,3.5332388877868652,0.5399460196495056,129.357666015625,268.335003,11893809.0,11815750.0,11881846.0,0.607116162776947
USA,1997,,146.57986221463,-1.64061377884972,51.2932387708189,100.0,1.0,11.9095979017616,1.4240659805968,4.44712793442667,49990.6740739125,,20.8476579331725,,13.4674400529667,2.33768993730735,22.4097154992473,76.4292682926829,16.0871819838574,,272657000.0,6.60334741600117,,1.2572687990174,19.4159126053681,2.47714,,,11.8281999339672,,23.4283278026178,5.0,78.0855804195199,3.99678915639295,9.47428529362406,5.55412988949405,1.0,3.544520616531372,0.5639553666114807,132.36257934570312,271.713635,12424660.0,12360252.0,12410257.0,0.609609842300415
USA,1998,1.6107755,157.804656954083,-2.37273907218914,50.8653430749568,100.0,1.0,2.33572545888138,2.32984953795271,4.48313335499124,51626.4838297863,1.7051915,21.3905003267748,,11.6887402223113,1.55227909874364,22.9583362435764,76.5804878048781,15.7743273531839,0.9462781,275854000.0,7.14994527413057,1.5702074,1.29127119690475,19.8287133018354,2.49621,1.596933,94.4218521118164,12.3298307799882,,22.8258939797637,4.511,78.4785364495296,2.78125282205437,4.5071475292704,5.09729149331442,1.0,3.5558385848999023,0.591966450214386,134.5009002685547,275.175301,12980315.0,12924324.0,12966412.0,0.6230132579803467
USA,1999,,171.614264671168,-2.97598256993022,50.4451370434482,100.0,1.0,4.97971968963145,3.244143080406,4.78842504836746,53480.8969962416,,20.9261032821343,,11.5942197479795,2.18802719697358,23.4191332062183,76.5829268292683,15.4590709001978,,279040000.0,6.48726734649742,,1.07377331452326,19.7821199745991,2.54362,,94.3246765136719,12.2599824818828,,23.3135697296238,4.219,78.812318408817,3.57856819120765,5.32456715779929,3.04194667094533,1.0,3.567192554473877,0.6238548159599304,136.7564697265625,278.54814999999996,13596571.0,13526821.0,13582736.0,0.6259886622428894
USA,2000,1.566107,162.620241986949,-3.92088461637514,50.0358331385231,100.0,1.0,8.31350186833804,3.40578123865959,4.07758575997799,55045.6745311559,1.8902073,20.8133351907218,,12.9995487966558,3.37685727149929,23.6783666531655,76.6365853658537,15.1150690882174,1.0044581,282162411.0,6.81379246050012,1.8346476,0.854272096906953,20.576137708966,2.61982,1.6861165,,12.9707952978416,,25.1029855568536,3.992,79.0740897861327,4.56720186018067,11.7816277096899,3.43351563418764,1.0,3.578582525253296,0.6558927297592163,138.6361083984375,281.710909,14156661.0,14095967.0,14143361.0,0.6370731592178345
USA,2001,,170.849434711063,-3.72407526075822,49.6385027806598,100.0,1.0,-5.58209340602245,1.63009976725416,0.955538337599847,55024.3542766281,,19.6572760977701,,-2.46131686945941,2.82617111885407,22.17672222144,76.8365853658537,13.9193104206237,,284968955.0,4.56713893450361,,0.938134144021969,19.5089146789777,2.63715,,,11.8577047719749,,22.9671830154975,4.731,79.3086223667912,2.02994447591411,0.665655850400682,3.83657262052543,1.0,3.5883371829986572,0.6812365651130676,138.6468048095703,284.60799299999996,14295339.0,14205419.0,14284560.0,0.6403365731239319
USA,2002,1.8239201,162.404344473509,-4.17334150234402,49.2523674393258,100.0,1.0,-1.95370149088018,1.01613965201918,1.70044733078285,55443.2199435683,1.9329717,18.3808596273365,,3.66942735823852,1.58603162650601,21.7226602573604,76.9365853658537,13.4528837394598,0.3794999,287625193.0,3.07324724961218,1.7368901,1.11647810305723,17.3842220243409,2.54746,1.652525,,9.86801667620084,,22.2863842136065,5.783,79.5461039768657,2.31891535273219,2.75388195938507,2.90799688587762,1.0,3.598118543624878,0.7009119391441345,138.15208435058594,287.279318,14540255.0,14396938.0,14533353.0,0.6296166777610779
USA,2003,1.5264422,177.400119261883,-4.55897769378821,48.87487974038,100.0,1.0,2.106482227396,1.0221840098809,2.79560596378604,56505.4468784112,1.6606418,17.4287148287646,,5.12449009262257,2.27009497336115,21.7456280086763,77.0365853658537,13.3165025029569,0.2636677,290107933.0,2.10659448836249,1.6802584,1.19878399570069,16.7774293083809,2.55014,1.5943195,,9.3906925792894,,22.6272972866813,5.989,79.7773350255284,3.07416318395302,4.25941501920559,3.02504526252236,1.0,3.6079261302948,0.7209519147872925,138.69085693359375,289.815562,14954228.0,14799683.0,14949183.0,0.6214457154273987
USA,2004,1.6149113,184.805504038329,-5.20485224269137,48.4979199966309,100.0,1.0,9.64387386621858,1.74869094348654,3.84777169267127,58139.0820195229,1.631481,17.7331607023412,,10.9814675937253,2.67723669309172,22.6521453858971,77.4878048780488,13.1741780601703,0.0797789,292805298.0,1.60768046141462,1.6757421,1.05559111218244,16.8434344509166,2.48685,1.5033531,,9.53747079117008,,24.4480566571904,5.529,79.9960936968363,4.49537859755031,10.211060301273,3.51799903099596,1.0,3.6177608966827393,0.7436413764953613,140.2701873779297,292.354658,15523249.0,15372598.0,15517086.0,0.6171151399612427
USA,2005,1.4877645,188.633073823051,-5.74598267055862,48.0956829396105,100.0,1.0,6.9474769478548,1.09166231632209,3.48354993710312,59612.3907215559,1.6184563,18.1224580010564,,6.49120706621949,3.3927468454955,23.3757186121201,77.4878048780488,12.9833217030159,0.1993466,295516599.0,2.96087521229479,1.7387257,0.903588941772187,17.928590234506,2.50192,1.576979,95.0524826049805,10.6817329318669,97.2,25.6385573436769,5.084,80.1961581748464,4.0591513939051,6.97010195405532,4.10725070715931,1.0,3.627622365951538,0.7693599462509155,142.49330139160156,294.993511,16070041.0,15920553.0,16062235.0,0.6056353449821472
USA,2006,1.2941505,198.283902773609,-5.91102091022869,47.8032811357291,100.0,1.0,9.47588856685668,2.16033590475335,2.78453963674239,60684.3399832539,1.5496392,19.199754364329,,6.42025491856049,3.22594410070404,23.5375300484967,77.6878048780488,12.9907263775984,0.4194245,298379912.0,4.72786366721857,1.673324,0.920734980795974,18.6287129540606,2.54545,1.5810589,,11.3104788990808,95.9,26.9752858058903,4.623,80.3713066436159,4.48913510541222,8.49180561935788,4.26717463390264,1.0,3.642328977584839,0.7972298264503479,145.09414672851562,297.758969,16525906.0,16386528.0,16520807.0,0.6055108904838562
USA,2007,1.2346554,206.35133732187,-5.08872735734161,47.7735820707482,100.0,1.0,8.76136041759017,2.39469075656401,2.0038583039496,61314.4520816367,1.5470008,17.427948488859,29.8991351588255,2.56323274334811,2.85267248150138,22.5575761277216,77.9878048780488,12.7697556443079,0.4595604,301231207.0,5.19986376898933,1.5170645,1.06599499526028,18.6567829386134,2.61516,1.560144,,11.2899126640813,96.6,28.0120155631098,4.622,80.5153172872016,4.43123376835285,6.65749601979584,4.81023704342912,1.0,3.657094717025757,0.8242549896240234,146.39578247070312,300.608429,16835740.0,16702365.0,16830766.0,0.6040037274360657
USA,2008,1.3233739,185.125593254636,-4.71585990444596,47.9187424830396,100.0,1.0,5.78974352780936,2.30937838146355,0.113587247501258,60806.2238713713,1.5125018,15.0588069137003,28.4192806106129,-2.14704771784274,3.839100296651,21.0374883665128,78.0390243902439,12.2167268184361,0.629976,304093966.0,3.10104221900586,1.5266593,1.07901356702484,17.7131499265193,2.74481,1.5814023,,10.2761880916694,91.8,29.8677875257061,5.784,80.6219682896606,2.0916044806491,2.97004947697062,8.94995335353387,1.0,3.6719207763671875,0.845964252948761,146.22850036621094,303.48601199999996,16808304.0,16671577.0,16807780.0,0.6040886044502258
USA,2009,1.1486487,187.479963222695,-2.62283632200348,48.0979715941135,100.0,1.0,-8.3125338000505,1.11260018343609,-2.5765002366652,58722.496767251,1.426754,13.8930493967185,24.3626446890131,-12.6275316506155,-0.355546266299747,17.768753245858,78.390243902439,11.6987879252113,0.6411914,306771529.0,2.61707765207786,1.3091242,1.92028077353965,15.6666480407916,2.7918,1.4840388,,7.90351709244059,99.0,24.759527635837,9.254,80.6850378350499,-1.33303814192499,-9.59622731679175,2.86044855902674,1.0,3.6868066787719727,0.8567948937416077,141.22080993652344,306.307567,16380414.0,16195003.0,16381405.0,0.59113609790802
USA,2010,1.1573891,181.920666527452,-2.87064145448882,48.2461171051273,100.0,1.0,12.6490019542177,1.75453192115262,2.69519258673525,59797.0736545937,1.4295364,15.3832511206248,22.6194775165319,12.9690879266464,1.6400434423899,18.6722135353972,78.5414634146342,11.9060799107128,0.6163511,309378227.0,2.01028262405699,1.3517357,2.00331890203891,16.4034431324241,2.71443,1.5091908,,8.56322203026373,97.1,28.2198829408336,9.633,80.6997744673366,4.52085213873784,11.8470983952319,3.32634463368643,1.0,3.7017533779144287,0.8706852197647095,140.71380615234375,309.01147499999996,16800636.0,16651722.0,16801388.0,0.5879995822906494
USA,2011,1.2705574,174.474559125537,-2.91862065322661,48.5112483606419,100.0,1.0,7.1781583917995,1.68911235141732,1.56440685205419,60253.2035796719,1.4578633,16.3373255386695,20.624916162211,4.81609295734474,3.156841568622,19.0335385248926,78.6414634146341,11.9472438629074,0.6245434,311839461.0,1.16289864996398,1.3974735,1.96135892377522,16.6294350441405,2.73803,1.3632725,,9.53892861749163,94.6,30.842478575914,8.949,80.6957554256024,3.31431839310667,5.51788947035175,4.80063594169405,1.0,3.7070109844207764,0.8861290216445923,142.14735412597656,311.584047,17060996.0,16943864.0,17061950.0,0.5926562547683716
USA,2012,1.263101,175.443843579456,-2.57236847367136,48.9935347408379,100.0,1.0,4.01817078952318,1.54020833064168,2.28911339009767,61142.3637034265,1.5288502,18.3792944123805,20.174250704896,2.44836967905533,2.06933726526067,19.9507258841994,78.7414634146342,11.8575622570978,0.6207484,314339099.0,1.3624637521625,1.4422743,2.04662420386995,16.7477397829576,2.67272,1.3842726,,9.76391736911044,94.7,30.681839575193,8.069,80.6837493386238,2.74743359443485,2.74285501350239,3.72532666110646,1.0,3.712275981903076,0.9040193557739258,144.58848571777344,314.043885,17444592.0,17382956.0,17445766.0,0.595092236995697
USA,2013,1.180704,184.162921715823,-2.01090797096302,49.5000916066393,100.0,1.0,3.01034376004932,1.70686814034716,2.11783009443471,61966.6621370894,1.5525204,18.5633187946246,20.188635370966,1.21300370380959,1.46483265562717,20.3792642750296,78.7414634146342,11.7719128367022,0.5795227,316726282.0,1.52221338388325,1.3908667,1.59421468829977,18.7407120908556,2.69591,1.3016083,96.1864929199219,10.4602254541478,95.3,29.9413062848227,7.375,80.660889281215,2.88974765617324,3.15001331842582,2.65167342916577,1.0,3.7175486087799072,0.9218540191650391,145.97845458984375,316.400538,17765868.0,17764046.0,17767130.0,0.5930569767951965
USA,2014,1.2391968,184.794021331949,-2.10117617206317,49.9593733626838,100.0,1.0,3.90232255856102,1.43033863092168,2.52381981757846,63026.8779187814,1.6003318,19.656661027986,20.4843982208576,5.16097739974384,1.62222297740817,20.9011935276745,78.8414634146341,11.6174420373125,0.6681229,319257560.0,1.48256139371882,1.2856555,1.48004639876335,18.8588452680232,2.70882,1.3412574,96.9245376586914,10.8997481732594,95.9,29.906569337428,6.168,80.6242231779766,3.16849193058366,3.47031825748584,2.39371597209796,1.0,3.7228286266326904,0.9412714242935181,148.22064208984375,318.673411,18214814.0,18244220.0,18215924.0,0.5942705869674683
USA,2015,1.2367604,183.632163440252,-2.2325584903738,50.3802792773562,100.0,1.0,0.319626084971532,2.79548220201356,2.94555045227337,64367.7188912582,1.5727519,19.6984272057875,21.3904480368657,5.19080366129576,0.118627135552451,21.4151895660781,78.690243902439,11.6055807430427,0.6658794,321815121.0,2.31051463833344,1.2919442,1.34985594012155,18.9953587913738,2.77328,1.3770167,97.6525497436523,11.1828279598944,100.0,27.6882139340768,5.28,80.5707989535091,3.12721325699906,3.3526080435236,1.43702380935655,1.0,3.728116273880005,0.9611234664916992,150.24847412109375,320.87831,18775850.0,18785358.0,18776158.0,0.5956462621688843
USA,2016,1.2420313,186.327051044306,-2.10699725119707,50.7885326899222,100.0,1.0,0.47405717266065,2.52268117379751,1.81945147909089,65025.9855980616,1.5920786,18.5586926139993,22.4192942002286,1.45662804993121,1.26158320570536,20.8879562484549,78.5390243902439,11.1581029329942,0.3279152,324353340.0,2.53723230294962,1.4076516,1.44075451131827,18.540821220497,2.83677,1.3971578,98.7699279785156,10.8545149876524,100.1,26.4525977865465,4.869,80.4976645324131,2.78974074234593,2.55312687440671,1.59691227583204,1.0,3.7334113121032715,0.9801573753356934,152.39695739746094,323.015995,19096542.0,19095196.0,19097498.0,0.5937725305557251
USA,2017,1.3058193,194.090996653847,-1.87442427129943,51.2357568878998,100.0,1.0,4.11438082316333,1.94177554246862,2.45762230126449,66164.0320014289,1.5989168,18.9790569108808,19.2659699620243,4.71007814920523,2.13011000365961,21.1557690246563,78.5390243902439,11.1814907295506,0.1101294,326608609.0,2.26529637783859,1.509025,1.48411996805483,19.2095273622379,2.88315,1.3200336,98.9523391723633,11.5038867327939,99.6,27.1253382222874,4.355,80.4018678392891,3.44658623167955,5.17026302354977,2.22314331448899,1.0,3.7387139797210693,1.0,154.6723175048828,325.08475599999997,19542980.0,19542980.0,19542980.0,0.5961511135101318
USA,2018,1.2504255,183.054001756212,-2.12518413076048,51.6943264101797,100.0,1.0,2.85408623637842,1.03945408799819,2.96650506701943,67728.4424921024,1.6426557,19.2309245179584,18.4842699258676,4.03784432903048,2.44258329692817,21.5690729259474,78.6390243902439,11.2802494089516,0.2904961,328529577.0,2.55474987113849,1.484217,1.3600015179599,17.4793585714067,2.98956,1.1721068,99.2755813598633,9.92953894064227,99.8,27.4453591302618,3.896,80.2804567987377,3.28663086462807,4.12857650045815,2.44258329692817,1.0,3.7440237998962402,1.0229711532592773,156.6759033203125,327.09626499999996,20128448.0,20155260.0,20128580.0,0.5943259596824646
USA,2019,1.1719722,194.735258917444,-2.05182158462342,52.1637515215282,100.0,1.0,0.533784280695343,1.46696501417689,2.58382533052225,69121.4580016741,1.5492277,19.4296726896058,18.6853939276571,1.17696545986064,1.81221007526021,21.6698091948266,78.7878048780488,10.9764075104612,0.0546375,330226227.0,3.57306216680747,1.3675576,1.54805985915951,17.2913779593688,3.14297,1.1235175,100.063430786133,9.88478959731721,100.3,26.2584806245428,3.669,80.1304793353594,2.680308747553,1.27890715448402,2.20607305781525,1.0,3.7493414878845215,1.04604971408844,158.29959106445312,329.064917,20566034.0,20595844.0,20563592.0,0.5970911383628845
USA,2020,1.124297,217.264343389463,-2.77659039897534,52.5896813958199,100.0,1.0,-12.6227811957752,0.641236014628299,-2.081375977796,67406.8311325507,1.4026997,18.3841091960382,19.4939761609452,-8.82285936436431,1.23358439630629,21.4377205146449,76.9804878048781,10.4725237062381,-0.146807,331578104.0,2.17024683398691,1.2778639,2.09737678529136,17.6890680407897,3.41788,1.0043814,100.509819030762,10.1439864112196,100.0,23.1399437509149,8.055,79.997451762548,-2.88621185457086,-8.51501859309677,1.90509722047501,,,,,,,,,
USA,2021,1.1247591,219.125940110191,-3.61901225446136,52.9517092916063,100.0,1.0,6.45825794641648,2.01451214498067,6.15202247867526,71441.231980595,1.4427774,17.7191305020369,19.9014614131792,14.57002743324,4.69785886363742,21.4064022284747,76.3292682926829,10.5250313827085,-0.126399999999999,332100166.0,-1.25567664234207,1.4642419,1.97445270826071,18.7959378975788,3.4689,1.0279752,101.192489624023,11.3902635734455,104.7,25.2327260228331,5.349,80.0074765140272,6.48508887596752,9.98381025527803,3.47540320289875,,,,,,,,,
USA,2022,1.2023562,187.087355429321,-3.81177015326345,53.3776337538716,100.0,1.0,7.61341790925347,1.60006208497274,2.52421385073222,72828.7430907189,1.4713232,18.2901078480764,20.5789833007379,8.46566196179185,8.00279982052121,22.0268164402666,77.4341463414634,,-0.1626087,333996304.0,,1.4588295,1.67967044769329,19.8715966392747,3.48736,1.0518325,97.4734878540039,12.6110285111113,109.0,26.9078981557739,3.65,80.0324978239707,3.44001097265647,7.04279770032062,8.08169507021982,,,,,,,,,
USA,2023,1.1951066,191.075390105862,-3.33680827263036,53.9087998260781,100.0,1.0,2.7903437712236,1.30141768246586,2.93436322440155,74351.6718197429,1.3585237,17.1362533011054,21.8459878355521,-0.864852579075645,4.11633838374488,21.5701430454153,78.3853658536585,,-0.193136399999999,336755052.0,,1.4306863,1.79263382538627,17.4885947429621,3.44716,0.9606912,,10.6177678118026,106.5,24.9292981752847,3.638,80.071561119178,2.85938493335973,0.761537454221255,5.79944107391962,,,,,,,,,
USA,2024,1.0868914,195.875075677875,-4.04564637199117,54.4480426095951,100.0,1.0,3.6425242952955,1.01391858895004,2.79318715363841,75698.1773354629,1.3599787,16.6047608757631,24.322982844202,5.76917916439503,2.94952520485207,21.5325967668865,78.890243902439,,-0.0951125,340003797.0,,1.3524886,1.94032058064747,17.7796750243779,,0.9617896,,10.7694743667429,105.4,25.0160172978284,4.022,80.1247798047184,2.90001340156714,2.86531604224305,3.01447576977999,,,,,,,,,
VNM,1990,,,,78.4115751269167,,6537.6046856884,12.9253736496031,2.78132276010011,5.10091813908369,2467.96460080463,,,,-4.49666469548256,,,69.027,,,65504552.0,,,,,,,35.1179084777832,,,81.315697940889,,19.1735039651626,2.70835661034906,5.27155007050217,8.06346090938833,,1.696075677871704,,29.049198150634766,67.988862,86912.4609375,85204.9140625,106851.2890625,
VNM,1991,,,,77.2792802328883,,10121.8932306763,29.8572459762913,3.90279682064747,5.96084393218912,2560.84383496164,,,,-6.35773366190159,,,69.303,,,66891775.0,,,,,,,,,,66.9469523941752,2.14,19.4396801924029,1.22518126757618,2.92537855288582,8.99693873494331,,1.7219350337982178,,29.709102630615234,69.436954,97380.8125,95954.4921875,113220.53125,
VNM,1992,,13.656910216046,,76.0376881780341,,11202.1916666667,24.6717592753512,4.80334781572863,8.64604745934572,2726.47373748487,,,,18.7938260400494,,,69.62,,,68260337.0,,,,,,,,,,73.5768851264792,2.109,19.8252510026665,2.06322489260802,3.36115645327708,7.63610852336974,,1.7448840141296387,,30.449100494384766,70.883481,105818.6796875,103313.7578125,123009.625,
VNM,1993,,16.5294642729826,,74.6398709319425,,10640.9583333333,9.12679147519866,7.02759252660212,8.07273065739605,2890.42431737761,,,,41.8230520223931,,,69.957,,,69586384.0,12.5772078193359,,,,,,,,,66.2122671512498,2.037,20.3057679487956,1.85802699127092,3.56355749103992,7.14458706876257,,1.7681390047073364,,31.187658309936523,72.300308,119084.84375,116929.6015625,132939.859375,
VNM,1994,,,,73.0807619791337,,10965.6666666667,15.9999999990358,11.9394828586715,8.83898095245374,3089.60933725631,,,,31.4666404216795,,,70.379,,,70854391.0,,,,,,,,,,77.4731979426888,1.972,20.8567825836322,3.41622758531712,8.90351962923714,10.2479355556119,,1.7917038202285767,,31.945220947265625,73.651218,126340.0390625,123919.4609375,144690.375,
VNM,1995,,18.4846722471733,,71.3536222057356,,11038.25,20.0000000013853,8.58596585460392,9.54048017491264,3328.21486039558,,,,16.2652119212289,,27.1442426996138,70.871,,,72049940.0,,,,,,,,,,74.7212659206088,1.955,21.4538464600183,3.17807321635462,9.01297366456417,9.07738095238091,,1.8155827522277832,,32.718631744384766,74.910461,137250.375,134606.265625,158494.546875,
VNM,1996,-0.6981691,18.6700359511241,-8.19224337661192,69.4481556458288,,11032.5833333333,23.9999999981529,9.71308063712156,9.34001749939179,3584.02898335147,-0.5650656,21.196503227514,,21.3013534276581,5.67499999999992,28.1028981458336,71.296,,0.4426812,73156447.0,10.4908666421004,-0.811365,1.62006323557859,,,-0.6793928,,,,92.7057468018939,1.93,22.072511130796,3.58623401800118,6.43102237277841,6.52609569372579,,1.8458486795425415,,33.463584899902344,76.068743,155699.984375,153150.53125,173297.96875,
VNM,1997,,19.8488411245349,-5.69221074168667,67.2698496428235,78.4,11683.3333333333,16.0000000016758,8.2700967582097,8.1520841433542,3820.30249485434,,21.7955061723789,,9.65441664402013,3.20952606261375,28.2995826198971,71.67,,,74226889.0,7.33532106237832,,1.67065693157512,,,,,,,94.3444840684516,2.87,22.6883281488073,3.99678915639295,9.47428529362406,5.55412988949405,,1.8766192197799683,,33.95382308959961,77.133214,167537.140625,164823.078125,187424.65625,
VNM,1998,-0.791071899999999,20.1238631421789,-3.94713600744563,64.8052526056802,86.1759872436523,13268.0,19.0000000010434,6.14121440264586,5.76445545848843,3982.95805965603,-0.454216399999999,23.3447998293709,,18.3918133556441,7.26619804400963,29.0498785375758,72.283,,0.2626312,75299660.0,5.11047870740324,-0.7799921,1.68021976323165,,,-0.586444899999999,56.8839797973633,,,97.0012485118429,2.29,23.2768490668943,2.78125282205437,4.5071475292704,5.09729149331442,,1.907902717590332,,35.03545379638672,78.11570999999999,175043.234375,171860.515625,198228.59375,
VNM,1999,,28.186587055123,4.10338164918913,62.261940609126,86.9944381713867,13943.1666666667,22.9999999987523,4.92266345680124,4.77358688344989,4119.05367208231,,26.8713762086002,,12.5554888306832,4.11710235771736,27.6297563146656,72.575,,,76287452.0,6.58752234054448,,2.81499203601051,,,,,,,102.787406603958,2.33,23.8212278892522,3.57856819120765,5.32456715779929,3.04194667094533,,1.939707636833191,,35.90451431274414,79.035871,176553.5,172917.03125,207689.625,
VNM,2000,-0.7574343,35.2590740095008,3.54799694298148,59.9498221104256,88.2,14167.75,21.1010677434902,4.16392407955693,6.78731640463151,4349.22348751462,-0.6960312,31.2477933126531,,16.6141677879136,-1.71033727851111,29.6099138223826,72.746,,0.2924713,77154011.0,6.9057666506376,-0.6739274,2.26421457232101,,,-0.6148348,,,,111.417094419512,2.26,24.3672526919772,4.56720186018067,11.7816277096899,3.43351563418764,,1.9720427989959717,,37.05180358886719,79.910412,190506.640625,186325.46875,221788.625,
VNM,2001,,39.2903936255311,2.08657136826562,57.9648902578706,88.9,14725.1666666667,17.1804863625,3.97733545270572,6.19289331233377,4570.26846577385,,31.3018955804133,,16.4418800503818,-0.43154451172818,31.1727734549497,72.984,,,77969361.0,6.62403546630217,,2.35511336174289,,,,,,,111.955937998525,2.76,24.9489362725143,2.02994447591411,0.665655850400682,3.83657262052543,,2.013080596923828,,38.097496032714844,80.742499,202831.671875,198785.828125,237080.9375,
VNM,2002,-0.800942199999999,43.1307744856858,-1.72255927072095,56.2346454755768,89.1,15279.5,10.3679070539275,3.99268705133996,6.32082099160833,4809.62151118535,-0.714355299999999,32.5276745084571,,15.7859051797812,3.83082838168468,33.2205344910613,73.138,,0.385333,78772224.0,4.16693712269503,-0.834225,2.21304125688085,,0.19273,-0.8494064,,,,116.696868652499,2.12,25.5540925665659,2.31891535273219,2.75388195938507,2.90799688587762,,2.0549724102020264,,39.486427307128906,81.534407,224013.1875,217716.984375,253865.828125,
VNM,2003,-0.6741923,48.37235081336,-4.88211706972335,54.6563872611096,90.3,15509.5833333333,19.9495458597287,3.66601229989583,6.89906349055258,5090.28990869885,-0.6782287,31.4932205734823,,22.7247884595199,3.23464817293925,35.444857957463,73.236,,0.1353139,79563777.0,2.21305791691824,-0.7384175,2.69483955307833,,,-0.8325906,,,,124.327954439125,2.25,26.1745407830283,3.07416318395302,4.25941501920559,3.02504526252236,,2.09773588180542,,40.5084228515625,82.301656,243383.140625,237217.734375,272502.625,
VNM,2004,-0.804947099999999,58.7224307884587,-2.10663701040253,53.0547414323825,91.0,15746.0,25.6196995634225,3.54408107288199,7.53641060890386,5421.09702829121,-0.649871499999999,33.4663826860355,,21.9392035626516,7.75494748709606,35.46533166878,73.062,,-0.0062905,80338971.0,1.18892233628232,-0.5742238,2.44283108743254,,,-0.7403814,,,,133.016497868747,2.14,26.8021001307977,4.49537859755031,10.211060301273,3.51799903099596,,2.1413893699645996,,41.63996505737305,83.062821,264043.84375,257224.46875,293039.53125,
VNM,2005,-0.791206499999999,60.4667877825079,-0.971989162897001,51.3412154712425,96.1,15858.9166666667,17.7759376366782,3.39040363930871,7.54724772895918,5776.36304451268,-0.4528703,33.0750336525299,,14.1761040327534,8.28457243128667,33.7574028912441,73.198,18.8232835631471,0.3438984,81088313.0,-6.55288740331808,-0.5216355,2.6536574396688,,,-0.5650883,,,83.0,130.714846045026,2.078,27.4285898187702,4.0591513939051,6.97010195405532,4.10725070715931,,2.1859514713287354,,42.774898529052734,83.832661,290435.59375,283783.0,315155.96875,
VNM,2006,-0.5812801,65.3595423737595,-0.246704373698266,49.5460786338393,96.0,15994.25,11.1999864217698,3.61600090432522,6.97795481056711,6098.24495436514,-0.4177643,33.3307633776547,,11.9884561574008,7.41801715108469,34.5366510764767,73.293,19.3807256267869,0.3001579,82167897.0,2.40151725937125,-0.4928586,3.22464007846191,,,-0.5716664,,,85.8,138.313621869598,2.046,28.0458290558422,4.48913510541222,8.49180561935788,4.26717463390264,,2.231018543243408,,43.9645881652832,84.61753999999999,310542.0,303437.1875,337147.40625,
VNM,2007,-0.4258129,85.63968738395,-8.98165936412439,47.8798783604028,93.1,16105.125,12.5000423741552,8.65471771434805,7.12950448605439,6418.54381402878,-0.4295851,31.8402168926241,,26.9315891254047,8.34444889773847,39.5662708970146,73.385,19.3804144953877,0.1530738,83633375.0,1.41363787147666,-0.4322833,4.07509843575345,,,-0.545440599999999,,,87.5,154.605383996554,2.026,28.6456370509099,4.43123376835285,6.65749601979584,4.81023704342912,,2.2770144939422607,,45.20790100097656,85.419591,348517.46875,342547.84375,361184.34375,
VNM,2008,-0.3559755,82.8727709652009,-10.9179529896098,46.4294210539472,93.8,16302.25,13.6999685107938,9.6630390545572,5.66177120891362,6659.13561432065,-0.3687546,27.9004725574194,8.8401529745757,15.0112731951622,23.1154483474477,36.4931217965814,73.455,18.5796576460957,0.0487952,85175788.0,-5.6163352886234,-0.4332135,3.214583734425,,,-0.5598863,,,92.4,154.317479627758,1.889,29.2198330128693,2.0916044806491,2.97004947697062,8.94995335353387,,2.3239588737487793,,46.46080017089844,86.24341299999999,370111.65625,369070.1875,381633.78125,
VNM,2009,-0.316417399999999,103.322353769645,-6.23310024019381,45.1710967600072,96.1,17065.0833333333,-5.08505793060772,7.16881988884276,5.39789754014181,6914.33863589545,-0.3193011,27.5027461713316,10.5241123781855,-6.82098752563191,6.71698269988631,37.1625554335215,73.525,18.3010354592131,0.1922119,86460018.0,3.62788141186044,-0.493849,2.57418384374192,,,-0.605930499999999,,,92.1,134.706317721758,1.737,29.7581347355675,-1.33303814192499,-9.59622731679175,2.86044855902674,,2.37187123298645,,47.74369812011719,87.092252,373131.90625,368678.375,402233.96875,
VNM,2010,-0.4115989,90.3531701049882,-2.90486815229253,44.1553936894184,97.4,18612.9166666667,8.45001096338369,5.4347392933443,6.42324482239482,7274.73310698016,-0.3572817,33.4362082984551,13.1303195968336,8.22280588817623,9.20746648778413,37.0990761715168,73.611,17.1305705708367,0.1198679,87455152.0,-20.4970819101768,-0.542973399999999,1.62054734201626,,,-0.639695999999999,,,96.5,113.977687539714,1.114,30.2504027258526,4.52085213873784,11.8470983952319,3.32634463368643,,2.4207711219787598,,49.048500061035156,87.96765099999999,420005.21875,418834.9375,428070.53125,
VNM,2011,-0.358809799999999,79.9430818204467,0.136736251193688,43.429509513285,99.0,20509.75,10.5939353137905,4.30487434902161,6.41316889681683,7652.61895672271,-0.340800899999999,35.7658995890204,18.8147980828908,4.72763597052459,18.6777322770706,32.3711434429224,73.713,18.694145538196,0.125534,88468314.0,-3.67326480415152,-0.4919809,1.4173501296534,,0.14955,-0.5275764,,,96.1,125.260577940829,0.999,30.6996041680996,3.31431839310667,5.51788947035175,4.80063594169405,,2.4752461910247803,,50.351898193359375,88.87138,454649.1875,455975.28125,454783.375,
VNM,2012,-0.4625662,75.5493913710905,4.82078231422777,43.0574599485855,97.9,20828.0,15.0414291650122,4.27832287681174,5.5045447041189,7979.86828926858,-0.3349164,34.8650174309066,27.1630278606772,11.1876044640852,9.09470339557193,30.5592897696566,73.762,20.2740924828827,0.1055642,89510356.0,4.02832802666538,-0.633676999999999,2.48702822538998,,,-0.576022599999999,,,95.9,123.224116745985,1.027,31.1222779403029,2.74743359443485,2.74285501350239,3.72532666110646,,2.532614231109619,,51.42239761352539,89.801926,480222.46875,484298.625,478647.53125,
VNM,2013,-0.4169478,77.5581108210475,3.62409015316054,43.0653799174176,98.5,20933.4166666667,17.8185178069048,4.16454517277325,5.55351081026072,8324.19871250047,-0.321299699999999,33.201341895001,33.5956426471693,19.9187681782248,6.59267475899192,30.2129034609593,73.821,20.6874536915425,0.1154209,90573104.0,6.08970870368918,-0.600268599999999,2.14652156785821,,0.29932,-0.6167336,,,95.8,130.846354866743,1.316,31.5334201724543,2.88974765617324,3.15001331842582,2.65167342916577,,2.582211494445801,,52.207801818847656,90.75259199999999,502906.34375,509217.5625,504599.1875,
VNM,2014,-0.361941399999999,80.0010314902415,4.00897026449707,43.3734893031827,99.2,21148.0,12.5802355977049,3.94086189051961,6.42224312118567,8751.88280634375,0.0813257999999999,32.9915517464879,32.0548869012837,13.4345843750085,4.08455446637625,30.2890267860991,73.886,20.371229229791,-0.0126942,91679578.0,4.78973116512498,-0.4870771,2.53633468509765,,,-0.4910245,,,97.9,135.410521454361,1.256,31.9480269945454,3.16849193058366,3.47031825748584,2.39371597209796,,2.624783992767334,,52.7444953918457,91.713848,536961.125,544960.625,534792.5625,
VNM,2015,-0.3774131,90.399227327709,-0.853052854546214,43.7681325303024,99.3,21697.5675,13.865902481727,4.93190773329022,6.98715430598611,9248.02396069622,0.0996825,28.0729400269014,36.3691117529912,15.723406976784,0.631200905175685,32.1089158178217,73.955,20.9600916821922,0.0681785999999999,92823254.0,8.98829687567201,-0.328967399999999,1.8503725793752,,0.35629,-0.372697,89.4548341262217,,100.0,144.914228195237,1.848,32.3810945365679,3.12721325699906,3.3526080435236,1.43702380935655,,2.6693496704101562,,52.840003967285156,92.677076,575966.9375,572777.5,570513.0,
VNM,2016,-0.356688499999999,98.8589607655139,0.243099852637275,44.38523018963,99.2,21935.0008333333,11.0039665349257,4.90089302916746,6.69000892660424,9743.1882231455,0.0543506,28.4694474915156,38.0569617054575,11.2962974475669,2.66824816969082,31.7245390951042,73.984,21.4882532002034,0.1824971,94000117.0,5.04860292807267,-0.3117465,2.22398532927413,,,-0.2605867,90.1583347107672,,103.8,145.409507973118,1.848,32.8476189285136,2.78974074234593,2.55312687440671,1.59691227583204,,2.716024875640869,,53.302799224853516,93.640422,602739.9375,596363.125,605946.5625,
VNM,2017,-0.4238211,103.972032257471,-0.586095207209378,45.3221818606231,100.0,22370.0866666667,17.253516150692,5.01148721749681,6.94019037359206,10290.5487142244,0.070354,28.8568707708552,41.7381332957129,18.2090779334853,3.52025688811618,32.305300920099,74.026,22.6271239749306,0.1500179,95176977.0,2.59151415896465,-0.2736109,2.46290138784708,,0.41895,-0.309361,91.0725198149335,,104.2,160.98008365887,1.874,33.3625963003742,3.44658623167955,5.17026302354977,2.22314331448899,,2.7649338245391846,,53.70339584350586,94.60064799999999,647224.9375,647224.9375,647225.0,
VNM,2018,-0.3951053,105.275984683547,1.90236367538642,46.123352133928,100.0,22602.05,12.2533404787578,4.99828319622328,7.46500685572751,10936.8937859558,0.018463,30.9316977896393,40.7501595675465,9.57163324817603,3.53962805942641,32.019502902433,74.1,23.3671679233065,-0.0542592999999999,96237319.0,3.61415504341763,-0.2920712,2.52957991101101,,,-0.2854719,92.8377710790826,,102.6,164.663936775893,1.161,33.9410227821412,3.28663086462807,4.12857650045815,2.44258329692817,,2.8162102699279785,,54.0691032409668,95.54596199999999,687226.9375,689643.4375,693021.3125,
VNM,2019,-0.3621433,108.031900933361,3.91824395534243,46.6054316189935,99.4,23050.2416666667,6.23602796834999,4.821074861051,7.35926270105006,11628.6139147451,0.0409358,31.3330314964469,40.4334300320093,4.85439696020518,2.79582367452244,31.9799606565797,74.211,23.7867165015145,0.0916744999999999,97173776.0,5.15925265729481,-0.278044299999999,3.36679352940087,,0.41652,-0.2953357,94.654621676317,,105.1,164.704215031408,1.681,34.6239134999511,2.680308747553,1.27890715448402,2.20607305781525,,2.869997978210449,,50.39956283569336,96.46210599999999,723142.6875,724123.375,741653.5625,
VNM,2020,-0.3131812,115.525349937741,4.34486906553373,46.9641361395404,99.8,23208.3683333333,4.06262557016642,4.55836196782424,2.86541320912272,11851.3965685649,0.0679668,33.0073258956685,41.7401040421189,3.28377784602338,3.22093436652515,31.915688393806,75.383,23.9472430412931,0.1302346,98079191.0,6.09064299683403,-0.235853099999999,3.9782956088746,,,-0.3016754,93.1921389514105,,104.3,163.245862814935,2.103,35.5706676299742,-2.88621185457086,-8.51501859309677,1.90509722047501,,,,,,,,,
VNM,2021,-0.310677,124.282898747665,-1.26284279203588,47.2392982614886,100.0,23159.7825925926,14.805732397093,4.27314566190187,2.55372852648131,12048.9019935536,0.0482402,32.5963636488186,41.5396346544198,16.6514713282093,1.83471554810462,32.8956023366901,74.145,24.4593726835115,0.1345844,98935098.0,4.79218047283212,-0.3447202,3.68607429495755,,0.42494,-0.310641599999999,92.7690209240401,,101.7,186.675832836814,2.383,36.6540656426603,6.48508887596752,9.98381025527803,3.47540320289875,,,,,,,,,
VNM,2022,-0.2459866,124.961478822546,0.339101746979362,47.4163647594031,100.0,23271.2125,4.22160032465622,4.32947308910883,8.53750041218142,12979.7638983711,-0.1033176,33.0480243558189,42.689178907016,1.65282735772578,3.15650749963112,32.3404994444961,74.502,24.6563821395791,0.1227944,99680655.0,3.41861679203259,-0.347202499999999,2.65055544761863,,,-0.3368491,93.4123434096522,,100.3,183.153619147836,1.57,37.5478515625,3.44001097265647,7.04279770032062,8.08169507021982,,,,,,,,,
VNM,2023,-0.3083958,,5.94575853346696,47.5514131558407,99.8,23787.3191666667,-2.96622853597739,4.26458856546888,4.97865959483225,13534.7997843016,-0.1794045,35.0029432211294,44.256885251682,-5.57464174702589,3.25289282667662,31.6683495522758,74.588,24.1127941421439,0.0907515,100352192.0,7.006330785335,-0.2794316,3.01759407672039,,0.41456,-0.340198899999999,,,103.3,164.995585455876,1.645,38.1298904418945,2.85938493335973,0.761537454221255,5.79944107391962,,,,,,,,,
VNM,2024,-0.2516989,,6.33496605552948,47.6476510341859,100.0,24164.8858333333,15.6430183136117,4.23450755062236,7.03955197123018,14396.4217369473,-0.0922968,37.0411480009622,,16.0859834518943,3.62109273885844,30.5847264337631,74.736,24.3330816740279,0.0056736,100987686.0,,-0.2668063,2.37407817485002,,,-0.3139343,,,106.5,173.885260216071,1.602,38.4900703430176,2.90001340156714,2.86531604224305,3.01447576977999,,,,,,,,,
