origin,iso,h,y,mu,sigma,sq,crps,ls,pit
2001,BGD,1,3.83312393993225,4.538774643506127,0.6198651952279277,0.49794291545430736,0.43473774113275876,1.088655519101644,0.12747803804263902
2001,CHN,1,9.23604870383861,10.050977152714829,1.7363278412548702,0.6641083767877988,0.5556175285543862,1.5808510899289854,0.3194132441081052
2001,DEU,1,-0.228255715793637,1.6022480964974106,0.9902114570214067,3.3507442068120588,1.2968296936593682,2.617760717906631,0.03225787567877145
2001,FRA,1,1.06775027069419,1.854607292865432,1.3822015785545303,0.6191439733401946,0.49704181550922666,1.4046548582079288,0.28458372951187094
2001,GBR,1,1.70902736258567,2.6205398592543565,1.3197621677746338,0.8308550315831822,0.5500484949279323,1.4348986040049025,0.24488829249079624
2001,IDN,1,4.49947539085764,3.605125326931779,5.974789529381757,0.7998620368441913,1.4495863398088324,2.717690547861913,0.5594943325706525
2001,IND,1,3.80397532120038,5.37527030874292,2.0108861543640857,2.46896793787631,0.9362754350123506,1.9228025603055061,0.21728531001988055
2001,JPN,1,0.0849888050363319,0.6607295177290354,1.5901897290914921,0.3314773682519022,0.45388279657413333,1.4483348208809077,0.3586543913344764
2001,KOR,1,7.74399895319569,6.711698341758826,4.667969353909978,1.0656445523729232,1.181585637876584,2.48411535777209,0.5875104445914269
2001,MYS,1,5.39098830692797,6.105088774000694,5.771285383227657,0.5099394770734823,1.3839252613010276,2.679488329768648,0.45076320303065454
2001,NLD,1,0.24582951723049,2.897610262760101,1.3420318859861688,7.031941122361579,1.9189214149171965,3.165301991320918,0.024080522355396622
2001,PHL,1,3.71625500158383,2.686526898849209,1.852359219777195,1.0603399655614418,0.6555482214163288,1.6899115026887306,0.7108606884351478
2001,SGP,1,3.92336076702013,5.669888825380629,4.898687308465809,3.050360258640495,1.3906173580515102,2.571462559128571,0.3607219156139305
2001,THA,1,6.14903605210036,3.877347151087711,4.494655047083986,5.160570462984057,1.4989195777766864,2.5495521839444493,0.6933680898680472
2001,USA,1,1.70044733078285,2.8151583386141303,1.6169067262524293,1.2425806309802288,0.6728577183329397,1.6370962222884669,0.24528277417901634
2001,VNM,1,6.32082099160833,7.20308253480437,1.1663745276150195,0.7783854306026577,0.5268084740018001,1.3589195360039308,0.22470063137713153
2001,BGD,2,4.73956739963045,4.806536788928571,0.4797517479220825,0.004484899102963301,0.11583899153942938,0.19419496178244933,0.44449127700364327
2001,CHN,2,10.1138119025242,10.050688318560145,1.90884318142025,0.003984586852467093,0.4469197542272283,1.5659827078225677,0.5131902283733356
2001,DEU,2,-0.529801394291297,1.6252832756891118,0.8266657189627985,4.644389934784568,1.691055663312994,4.126704532750208,0.004567498204893507
2001,FRA,2,0.967827182558352,2.2331462750151325,1.2086080160446067,1.6010324057356506,0.7674653332977275,1.6564313356032265,0.1475676299899576
2001,GBR,2,3.21851612669614,3.3082184152271257,1.015225753174626,0.008046500567696213,0.24041305007578134,0.9379530164515586,0.46479647352501474
2001,IDN,2,4.78036912167654,3.6784223010538586,6.123236663746926,1.2142867954804366,1.5098702718240407,2.7472224262883644,0.5714086011914478
2001,IND,2,7.86038147545045,5.909054501656261,1.579003753427378,3.8076769586567885,1.2250207092605796,2.1393288756000572,0.8917328520290075
2001,JPN,2,1.38010935830795,0.9322259189216826,1.4776807594570642,0.20059957527647226,0.3990733383672655,1.3553468145014884,0.6190927606600066
2001,KOR,2,3.07472661826947,6.503788392951734,4.5741968653750105,11.758464654587081,2.049033129880683,2.720359703021769,0.22673177031702774
2001,MYS,2,5.7884992858875,6.376060183902865,5.60740980914178,0.3452278088766222,1.3349624837541891,2.6485171690079543,0.45827402283457663
2001,NLD,2,0.0978549395212411,3.203333787837937,1.2265027409282392,9.64399887734239,2.4179492353111063,4.3285634890026055,0.005671043611090505
2001,PHL,2,5.08691113513073,3.3341933133948753,1.7360417979567455,3.07201976263048,1.0572865601046546,1.980198134957679,0.8436578987152707
2001,SGP,2,4.54825542643229,6.2859323837828125,4.78049437370904,3.019521208106971,1.3664246199657213,2.5495461347864805,0.35811826459568297
2001,THA,2,7.18924330340971,3.8140918418746628,4.756740644520658,11.391647388302166,2.028877140070437,2.730232745083891,0.7610087826665799
2001,USA,2,2.79560596378604,3.5058309263289744,1.4180133694783446,0.5044194974191126,0.47040151539097386,1.3936253307837185,0.308235128877007
2001,VNM,2,6.89906349055258,7.431447873918109,1.5289815172518626,0.28343313165149464,0.430530536897449,1.4041604021678498,0.3638467082203559
2001,BGD,3,5.23953291029852,4.707391257017057,0.5662438597717461,0.28317473915712865,0.3183544377878459,0.791796330401343,0.8263334304865411
2001,CHN,3,10.1404291872206,9.793815565514203,1.7173284477378237,0.12014100275242473,0.42914590958438964,1.480076676528706,0.5799763746577098
2001,DEU,3,1.16208684507278,1.4215145730593648,0.9279841906180598,0.06730274604828147,0.24561185367599075,0.8832749885760229,0.38990735626291495
2001,FRA,3,2.86825052501032,2.1464449000802177,1.1613209865234055,0.5210033601807353,0.44482572842033596,1.261651683071287,0.7328772920018298
2001,GBR,3,2.32601853325993,3.4054099210887756,0.8055185531392733,1.1650857681190816,0.6922531635646367,1.600463711605638,0.09012337340019866
2001,IDN,3,5.03087394501685,3.321376625021873,6.183049362588747,2.9223810870700104,1.6323132265482672,2.7789710527726847,0.6089107769542421
2001,IND,3,7.92293661307978,5.917432751191392,1.650836158632556,4.022045740049239,1.253782874023499,2.158140086465761,0.8877866776111693
2001,JPN,3,2.11294823723127,0.7234442343889194,1.6027381840830026,1.9307213739149152,0.8271514908186655,1.766458697801129,0.8070170292995211
2001,KOR,3,5.1836368597334,6.5553499353071425,4.7075613813113,1.881596761699976,1.25847065057639,2.5105611815505116,0.38537841810118656
2001,MYS,3,6.78343772370305,5.786196477831612,5.491603646490805,0.9944901024672173,1.355407899955761,2.638647005725451,0.5720492476999568
2001,NLD,3,2.01628331561487,3.235197556887402,0.9802768472189629,1.4857519275769924,0.7663972957944764,1.6720882757337938,0.10685309473724913
2001,PHL,3,6.56922851180626,3.526088487211333,1.7202997435711314,9.260701209291614,2.1256520443246147,3.0260453694953613,0.9615496565758672
2001,SGP,3,9.93998268434957,5.791496320650681,4.613717830957059,17.20993910979563,2.4736183652401333,2.8522199757207463,0.8157171927162277
2001,THA,3,6.28934214285795,3.3476232712585494,4.7292076840988395,8.65370991952405,1.8125362840655563,2.6661581645567587,0.7330396115507614
2001,USA,3,3.84777169267127,3.290349475636075,1.1218864193727776,0.31071952804443204,0.370452737734056,1.1573858009699491,0.6903566536792678
2001,VNM,3,7.53641060890386,7.3668176085843315,1.534852038415835,0.02876178575737952,0.3661554450662637,1.353477055955424,0.5439914696101643
2001,BGD,4,6.53594493875502,4.0283357146596845,0.5318775058686891,6.288104020768011,2.2075297283702207,11.401496204579214,0.9999987892881885
2001,CHN,4,11.4535130030645,8.464330351300024,1.2844270001257994,8.935212925609708,2.273204154381483,3.8772973663499046,0.9900240166289616
2001,DEU,4,0.885485292551564,1.2867339867466825,0.5448861967830493,0.16100051459328768,0.24016347712671976,0.5828952592702095,0.23074672347718067
2001,FRA,4,1.88856584109286,1.975452154624194,0.838425609784293,0.007549231479065278,0.19952474134957462,0.748078734868424,0.4587313629944755
2001,GBR,4,2.7906547174688,2.8734788370023545,0.7773480106467259,0.006859834776508544,0.1851795304054207,0.6727475289563338,0.4575741727601781
2001,IDN,4,5.69257130383384,2.3906170162890708,6.206022485468325,10.902902117035284,2.1351111424888747,2.8860007549973323,0.7026565503137184
2001,IND,4,7.92343062131789,5.4052156856051585,1.7692053663738274,6.3414064624466775,1.6432626919719395,2.502444901088518,0.922683989646259
2001,JPN,4,1.8482813374834,0.4757511143492098,1.5695249244133544,1.8838392134167896,0.81729320534255,1.7520758694945093,0.8090736389949342
2001,KOR,4,4.35823667337156,5.76651724618261,4.799049286254051,1.9832541717570182,1.2852075370481948,2.5304127904676483,0.3845891411503449
2001,MYS,4,5.33213916141486,4.760979091052454,5.511740725075852,0.3262238259763881,1.311657244032223,2.6311882094902828,0.5412669538063053
2001,NLD,4,2.03401576512488,2.9727189748945886,0.7908091483325465,0.8811637160319534,0.5836586282633275,1.3887435527610563,0.1176106303461894
2001,PHL,4,4.94250511877678,3.152465497660846,1.729783205606456,3.2042418451648764,1.0837313671395836,2.0023760093432625,0.8496269341174443
2001,SGP,4,7.36632239250758,4.904549624475386,4.482137484391234,6.0603251614248865,1.5737034124905904,2.569871309914376,0.7085798951605877
2001,THA,4,4.18763842884337,2.2479248669964953,4.6392396251430625,3.762488702012691,1.4030824899599668,2.540897095703466,0.6620667383116968
2001,USA,4,3.48354993710312,2.9204576452090576,1.1911492974195406,0.317072929190508,0.382626036753762,1.2055941097670464,0.6817971749761245
2001,VNM,4,7.54724772895918,6.518321966878654,1.4957340240449828,1.0586882238729909,0.6212890949033701,1.558163560002257,0.7542442957652031
2001,BGD,5,6.67190498576788,6.2165293130323604,0.324279286653011,0.20736700331932725,0.29597935599733144,0.7787755060973363,0.9198807674166071
2001,CHN,5,12.6752842281595,10.366143661592666,0.8639437253095812,5.332130156164597,1.8237140901198456,4.34459537027796,0.9962388391958409
2001,DEU,5,3.86668241523209,2.9932936603566955,0.49890377887978116,0.7628079171427918,0.6080261824658814,1.7559240514578258,0.9599939297312365
2001,FRA,5,2.71406448755236,3.8699231827180345,0.9298373921433872,1.336009323190096,0.7266977687966508,1.6188121481268118,0.10691988487288451
2001,GBR,5,2.18982132415704,4.6512927432736255,0.8771825376149566,6.058841547127817,1.9678822575801729,4.725027360100441,0.002507172107742669
2001,IDN,5,5.50095178520348,3.98648775046869,6.116552050197753,2.293601312505178,1.5782443465855933,2.760590193119427,0.5977784081670646
2001,IND,5,8.06073257305057,7.313409548002141,1.903958670190051,0.558491703767536,0.5604884699285525,1.639905855314282,0.6526593282174937
2001,JPN,5,1.54630843078741,2.1206286273859094,1.663470307017669,0.329843688220939,0.4670730094868147,1.4874447490851317,0.36495161803267917
2001,KOR,5,5.24500550580342,7.750998722489669,4.86325645165922,6.280002002077492,1.6405758875670582,2.633409305077773,0.3031747762906433
2001,MYS,5,5.5848470671515,6.377197621860148,5.60519674754777,0.6278194015471018,1.3545162606794234,2.652624014611457,0.44379278019059
2001,NLD,5,3.53729585853395,4.94508922625565,1.027741301538214,1.9818821662012058,0.9084796484786586,1.8844691502729007,0.08537568383421795
2001,PHL,5,5.31641682136939,5.022895120438069,1.7571144873400375,0.0861549889176154,0.4301444417995947,1.4965639458851925,0.5663336893667287
2001,SGP,5,9.00676607871758,6.141741104078855,4.5232939879308125,8.208368105303629,1.7577607199040508,2.628772677918402,0.7367616430968732
2001,THA,5,4.96781089246107,3.48342637354664,4.499898085004315,2.2033973999928254,1.2451953763290309,2.4774006204041705,0.6292511672371683
2001,USA,5,2.78453963674239,4.605286047611736,1.5550649798720597,3.3151174926936062,1.128573045116482,2.0458996571435413,0.1208297216072694
2001,VNM,5,6.97795481056711,8.558342242006024,1.5115306029634197,2.497624433450088,0.9583638557144584,1.8786532881517704,0.14788341225973511
2002,BGD,1,4.73956739963045,4.598283121173217,0.6380052432594696,0.019961247339180956,0.16152955558897159,0.49404911888626873,0.5876277581281689
2002,CHN,1,10.1138119025242,10.592265975083887,1.5649955559067787,0.22891829954895052,0.4236362151526437,1.4135545860713599,0.3799080386873538
2002,DEU,1,-0.529801394291297,1.3841082204941941,1.2149268382396832,3.6630500135683475,1.288303271477389,2.3544532951324486,0.05759024903267038
2002,FRA,1,0.967827182558352,1.7979805264345439,1.2917771885929783,0.6891545743488229,0.5076817502203966,1.3814533653403602,0.2602274411725138
2002,GBR,1,3.21851612669614,2.609253037057203,1.2563106988666612,0.37120151239638344,0.409211755753639,1.2647120673245231,0.6861483891016477
2002,IDN,1,4.78036912167654,4.083687231628099,5.30085411622443,0.48536565592146813,1.2752591109770395,2.5954431850022215,0.5522817221794631
2002,IND,1,7.86038147545045,5.3184598320262175,1.9089467775442153,6.461365641308551,1.6273841755866272,2.452047235937588,0.9085014216669717
2002,JPN,1,1.38010935830795,0.6798573264646366,1.4267016840185982,0.4903529081006888,0.46784052011301197,1.394755353946516,0.6882226997957901
2002,KOR,1,3.07472661826947,7.290804999804951,4.156573730943755,17.775316919250848,2.5449202619321496,2.858047910068702,0.15521604517188353
2002,MYS,1,5.7884992858875,6.647031199393737,5.093829817513116,0.7370770465086809,1.24799311482616,2.561171956734285,0.43307786193636816
2002,NLD,1,0.0978549395212411,2.5682666920642743,1.7085225647777758,6.1029342271027405,1.6196305071116062,2.499930849366125,0.07409778445966747
2002,PHL,1,5.08691113513073,3.0045021225537507,1.6799436556223846,4.3364272956618315,1.3083040838100604,2.205966606485327,0.8924328969647757
2002,SGP,1,4.54825542643229,5.976479477512832,4.359548132830091,2.0398239400849163,1.203817040204024,2.444970537423732,0.37160393155340343
2002,THA,1,7.18924330340971,4.7076928138554885,4.132986193765553,6.158092832206797,1.5430424285824018,2.5181941460303565,0.7258886663437025
2002,USA,1,2.79560596378604,2.8367577181828607,1.5168137636706776,0.001693466889936254,0.35491713509518696,1.3359184889600135,0.4891778665531717
2002,VNM,1,6.89906349055258,7.522832605673831,1.0787473792120739,0.389087908979149,0.39211119195674465,1.1619167233793872,0.2815528534580744
2002,BGD,2,5.23953291029852,4.836726181289615,0.6149686279388151,0.16225326093485326,0.2453642431373371,0.6472694352295884,0.7437673152914532
2002,CHN,2,10.1404291872206,10.243270646372677,1.7153735197471929,0.010576365720528502,0.40333317137355457,1.4603665554686303,0.4760966104278397
2002,DEU,2,1.16208684507278,1.486481667244354,1.1006506714722448,0.10523200065172712,0.29508524033385714,1.0582729574274328,0.38410005468608804
2002,FRA,2,2.86825052501032,2.1293556790317205,1.1814288809757083,0.5459655934137381,0.4546720662353591,1.2812412053916864,0.7341538342234064
2002,GBR,2,2.32601853325993,3.196376142233196,1.1288764603120782,0.7575223674976611,0.5190065549451559,1.3373776935936172,0.22035507825325257
2002,IDN,2,5.03087394501685,3.836877735766406,5.420905442489929,1.425626947704431,1.371332848522253,2.633458119529491,0.5871647723526625
2002,IND,2,7.92293661307978,5.8763760415655355,1.7015652532919276,4.1884101728767105,1.2764040666564536,2.173792973607471,0.8854637976485096
2002,JPN,2,2.11294823723127,0.8388479925400494,1.333540717339608,1.6233314335222282,0.7634513104772725,1.6631961048988404,0.8303189907343691
2002,KOR,2,5.1836368597334,6.610477097701385,4.074428867408925,2.0358730646845364,1.1495008927565298,2.3849870074562567,0.36309658274035106
2002,MYS,2,6.78343772370305,6.218899383761879,4.935618971184395,0.3187035372635331,1.1791618761748401,2.521958067141333,0.545531896226667
2002,NLD,2,2.01628331561487,2.976251454351499,1.7232780386289206,0.9215388273894682,0.6107092155571712,1.6183244046280043,0.2887434409772158
2002,PHL,2,6.56922851180626,3.411762832720629,1.5370347765815526,9.969589514603689,2.3128287780219736,3.458781178772181,0.98002462661553
2002,SGP,2,9.93998268434957,5.952595239172518,4.256555780703042,15.899258637955576,2.3847722561324165,2.806162089759866,0.8255599696609487
2002,THA,2,6.28934214285795,4.1150231783174345,4.351861262299569,4.727662959560539,1.441605252693847,2.5143570619529254,0.6913320654683397
2002,USA,2,3.84777169267127,3.3234904503327165,1.4599316964776992,0.274870821068057,0.41549323613060285,1.3618094525556348,0.6402449242534051
2002,VNM,2,7.53641060890386,7.50899681600404,1.4286236676466302,0.0007515160411542056,0.33407202946974457,1.2758341517926315,0.5076548150305467
2002,BGD,3,6.53594493875502,4.790014364761285,0.6453184689797279,3.048273569206092,1.3831922728708042,4.140882280138594,0.9965902589439541
2002,CHN,3,11.4535130030645,9.94612805526295,1.4988422069252174,2.2722093808586847,0.9088083325782558,1.8293472835735631,0.8427199425107359
2002,DEU,3,0.885485292551564,1.4528741988719582,1.1394930515239254,0.32193017101545307,0.37673094781574723,1.1734896418064946,0.30926634084642546
2002,FRA,3,1.88856584109286,2.2328690071797257,1.1591743417845373,0.11854467017743978,0.3113943180305689,1.1107582839868517,0.38322390657439703
2002,GBR,3,2.7906547174688,3.4390778431476363,1.018001162699233,0.4204525499151121,0.39731927606562467,1.139636802938826,0.26207637556973407
2002,IDN,3,5.69257130383384,3.6309686753903976,5.46325152224918,4.25020539760491,1.583465458502522,2.6881822590335713,0.6470462779349064
2002,IND,3,7.92343062131789,5.930640905085468,1.6983439988982725,3.971210853121697,1.2358081874108733,2.1369934076525707,0.8796767194620526
2002,JPN,3,1.8482813374834,0.8735409259029283,1.4386523701219727,0.9501188699680673,0.5900418057796473,1.5121736422234693,0.7509673928829111
2002,KOR,3,4.35823667337156,6.858826664369343,4.160218966654224,6.252950303078293,1.5544248003954846,2.525149851652946,0.2738961074515732
2002,MYS,3,5.33213916141486,6.069155923814913,4.80532840522054,0.5431937080586562,1.16798930079529,2.50042584978749,0.43905131888776017
2002,NLD,3,2.03401576512488,3.1448665827521634,1.613222947540087,1.2339895390232039,0.6706523573160929,1.6342513310031315,0.24554034024508986
2002,PHL,3,4.94250511877678,3.7449844848972513,1.5156770962220176,1.4340556685672283,0.713189923607215,1.6469215485006812,0.7852622636533972
2002,SGP,3,7.36632239250758,6.002222617320738,4.071997630759994,1.860768196664791,1.132222891044713,2.3791831320446013,0.6311856570618596
2002,THA,3,4.18763842884337,3.8257433165189716,4.357611296510321,0.1309680723242892,1.0303352022380872,2.3943111380336632,0.5330936975819879
2002,USA,3,3.48354993710312,3.3672337217665778,1.1865266661282767,0.013529461950216865,0.2818306529305435,1.094773828045286,0.5390461009413086
2002,VNM,3,7.54724772895918,7.470002466969547,1.3911564741939932,0.005966830499847057,0.32681695053303567,1.2506154949037502,0.5221402650975396
2002,BGD,4,6.67190498576788,4.771609710794155,0.367607142685245,3.6111221320874667,1.6928951698720613,13.279362202472464,0.9999998825542498
2002,CHN,4,12.6752842281595,9.334457502473457,1.2586821890626778,11.161123211058126,2.6337881641643457,4.671461093220174,0.9960254691249283
2002,DEU,4,3.86668241523209,1.781490262305748,0.75024527560207,4.348026314625593,1.663135350646031,4.4939690441272315,0.9972765869076706
2002,FRA,4,2.71406448755236,2.550555771739584,0.8269928648125656,0.026735100146743122,0.20611927119110557,0.7485248893611915,0.5783658890379298
2002,GBR,4,2.18982132415704,3.44671467033934,0.8427054713411787,1.579780883677339,0.8318069401993406,1.860083594958808,0.06791542580494969
2002,IDN,4,5.50095178520348,3.2522241409462675,5.435307671195116,5.056776018046591,1.6361578190588104,2.69743922813908,0.6604625773899717
2002,IND,4,8.06073257305057,6.028373413759634,1.6177908124777405,4.130483752353762,1.2811694226205523,2.1890894260334424,0.8954883868175756
2002,JPN,4,1.54630843078741,1.0489717502276708,1.4206356520288679,0.2473437738301801,0.400753600082393,1.3313210860325655,0.6368608156490618
2002,KOR,4,5.24500550580342,6.693599750623846,4.241014625715693,2.098425286126858,1.1866007720813918,2.4220753701981144,0.3663380679781859
2002,MYS,4,5.5848470671515,5.5238790806642335,4.93057002283115,0.003717095376311542,1.152550203128255,2.514469588212312,0.5049329159987278
2002,NLD,4,3.53729585853395,3.4084312482078385,1.2487584479151326,0.016606087794500568,0.2971290399195544,1.146412869171141,0.5410955725242073
2002,PHL,4,5.31641682136939,3.8738679599972934,1.534161426090011,2.0809472174459316,0.8630494340420836,1.7889903327766867,0.8264642849428079
2002,SGP,4,9.00676607871758,5.386915323160132,4.096011925068295,13.103319492509835,2.156449037608064,2.719459410353072,0.8115844229019453
2002,THA,4,4.96781089246107,3.229941399505622,4.197247532648476,3.020190374545227,1.263908489172532,2.439086111892002,0.6605811813046102
2002,USA,4,2.78453963674239,3.446096530499882,1.2179338671437054,0.4376575236780616,0.4245592212825494,1.263616471763111,0.29350305764227513
2002,VNM,4,6.97795481056711,7.29637834982567,1.3320750711479565,0.10139355035394751,0.3415217643631412,1.234247298450236,0.40553602738659816
2002,BGD,5,7.05859935449848,4.850033451057723,0.551401972216544,4.8777633498410875,1.8974783489282405,8.345119854276884,0.9999690390435709
2002,CHN,5,14.1507710506103,8.914614269890276,0.7308563483968925,27.417337832280296,4.823815241884826,26.26980755818391,0.9999999999996094
2002,DEU,5,2.8891174138025,1.6885542073305568,1.0259213308287956,1.4413520127341937,0.744070160897203,1.6292479151318884,0.8790456487615588
2002,FRA,5,2.53048188351066,2.5682753210380747,1.092470660334452,0.0014283439201385815,0.25582644869058896,1.0079787137912006,0.48620155775562685
2002,GBR,5,2.93091133582351,3.261089451435064,1.0749636963843412,0.10901758802879684,0.2913572943815695,1.0383968465024727,0.37936353283759827
2002,IDN,5,6.34502222667214,2.765098016584805,5.454717209787299,12.815857349969427,2.179806087176044,2.8307833501027844,0.7441840464577815
2002,IND,5,7.66081506510766,5.898561065013457,1.8423868180160534,3.10553916084802,1.0560797478431891,1.9874522882273733,0.8305916664915107
2002,JPN,5,1.72837912865577,1.0210817056571428,1.5027806592336808,0.5002696445804988,0.48160022249213336,1.437015701754667,0.6810579091783371
2002,KOR,5,5.8419633918717,6.485424111745213,4.328152499969509,0.4140416980201395,1.0495611608800226,2.3951304980318837,0.4409075380606365
2002,MYS,5,6.29878592740947,5.096551508828015,4.90793760862521,1.4453675972218882,1.263863274062333,2.5397943509404266,0.5967551957450149
2002,NLD,5,3.88542348324803,3.4523317985786277,1.7359763147698217,0.1875684073297809,0.4485715899559751,1.501628686060685,0.5985053150745531
2002,PHL,5,6.51929155018938,3.799971694525815,1.5539625585627843,7.394700477406114,1.892866492526023,2.8908676122536328,0.9599344788247347
2002,SGP,5,9.02151951268893,4.7963813941038005,3.9642658571056275,17.85179212112108,2.570395276893625,2.8642303716497173,0.856744313559703
2002,THA,5,5.43515169050809,2.7281327458915596,4.248126887484867,7.327951566512795,1.6585610033121705,2.568445480266722,0.7380113342518109
2002,USA,5,2.0038583039496,3.374982359630394,1.5023944117373849,1.8799811760665497,0.818343718433626,1.7424416619224692,0.18071966327330113
2002,VNM,5,7.12950448605439,7.104901837050788,1.3157535586141835,0.0006052903379944705,0.3076685193059111,1.1935229004736072,0.5074591969877381
2003,BGD,1,5.23953291029852,4.636183294420921,0.5582516291010683,0.36403075897964554,0.3679596181888948,0.9200404528615819,0.8601034709436631
2003,CHN,1,10.1404291872206,10.518304244400994,1.4091919068461913,0.14278955883908684,0.36950430978210624,1.2979072159084146,0.3942918625228747
2003,DEU,1,1.16208684507278,1.17610570690651,1.3511038642631945,0.0001965284871132123,0.3158042155420529,1.2199142979856779,0.495860705821654
2003,FRA,1,2.86825052501032,1.6986498162415784,1.2089032311775814,1.3679658179523424,0.7017744155182349,1.5766696482834972,0.8333502081843627
2003,GBR,1,2.32601853325993,2.749309168360693,1.1343403869310236,0.17917496176400752,0.32738348652340493,1.1146141091132282,0.3545146245833992
2003,IDN,1,5.03087394501685,4.0947539900428005,4.70847876691206,0.8763205701006169,1.1743535419064275,2.488067270050714,0.5787965804647204
2003,IND,1,7.92293661307978,5.795487255938604,2.0241129926463692,4.526040767200402,1.291210851504354,2.176425962797051,0.8533827989996376
2003,JPN,1,2.11294823723127,0.8042440108561123,1.298535463665944,1.7127067521322004,0.789252793193366,1.688037205318839,0.8432321868480677
2003,KOR,1,5.1836368597334,6.569371827379233,4.073900899933004,1.920261400556398,1.1383020626549591,2.3813903346123206,0.3668720088117032
2003,MYS,1,6.78343772370305,6.5218881701269655,4.511028643378826,0.0684081689758489,1.060252861899123,2.4271445829348783,0.5231177302566119
2003,NLD,1,2.01628331561487,2.328821613646732,1.844744543242819,0.09768018773665317,0.45218135288081984,1.5456310644260913,0.4327327889764457
2003,PHL,1,6.56922851180626,3.2229068095398268,1.7137601190643952,11.197868935059322,2.4124470974290153,3.3639901594562485,0.9745676601384614
2003,SGP,1,9.93998268434957,5.838822959209334,3.8808189593565956,16.819511091112336,2.4913600128948037,2.833373416381522,0.8546932842700738
2003,THA,1,6.28934214285795,4.9867854018001685,3.838142183285906,1.6966540636750682,1.071634033060729,2.321513543141817,0.6328351230102749
2003,USA,1,3.84777169267127,2.8955785850283426,1.3352856034443497,0.9066717142426953,0.5720143398459713,1.4623400463847032,0.7621082789240573
2003,VNM,1,7.53641060890386,7.4382629322197955,0.9781559772359445,0.009632966438479624,0.23251566468960558,0.9018864045850078,0.5399625983501902
2003,BGD,2,6.53594493875502,4.802896070685168,0.5350317235667378,3.0034583791181944,1.431360857007179,5.539560867656165,0.9994005708527482
2003,CHN,2,11.4535130030645,10.15589704825864,1.5380293477542446,1.6838071661667275,0.7720105724809663,1.7053446856704282,0.8005779400049648
2003,DEU,2,0.885485292551564,1.327351920558026,1.3058901708763517,0.195246116945801,0.36426395993959054,1.243068668220068,0.3675443326478218
2003,FRA,2,1.88856584109286,2.0305301165106404,1.1730506529001798,0.02015385549489539,0.28098180817662527,1.085869378375693,0.4518370279512295
2003,GBR,2,2.7906547174688,3.1615940761306587,0.994342639018895,0.13759600780447112,0.2869466368991486,0.9828481989065566,0.3545556764221238
2003,IDN,2,5.69257130383384,3.8942069822542495,4.820425941246873,3.2341142331304202,1.3911054309775144,2.5613920597295285,0.6454524458022658
2003,IND,2,7.92343062131789,5.945067814913557,1.8068307881427157,3.9139193937640293,1.2094284754550424,2.109954550776762,0.8632275080971025
2003,JPN,2,1.8482813374834,0.86080996439273,1.202864833993776,0.975099712673573,0.587496680394835,1.4406100582276766,0.7941577685174004
2003,KOR,2,4.35823667337156,6.409595400051169,3.9235906699034313,4.208072625524585,1.3353048778157952,2.4226197359658013,0.3005473608862995
2003,MYS,2,5.33213916141486,6.12684239524134,4.36792785118905,0.6315532298542651,1.0782867716894649,2.4097784373851274,0.4278146871936519
2003,NLD,2,2.03401576512488,2.7313941984660124,1.959255008769097,0.4863366792893322,0.5558632087461742,1.6548496974332219,0.3609425192161928
2003,PHL,2,4.94250511877678,3.506389513005898,1.5442075787216005,2.062428033138667,0.8583747660541731,1.7859009582413097,0.823814886519616
2003,SGP,2,7.36632239250758,5.7786204903684295,3.7978961105484346,2.520797330056275,1.1485512953278079,2.3407677497560013,0.66204389504761
2003,THA,2,4.18763842884337,4.349612235453736,4.1042713310166,0.026235514027852166,0.9616974018171354,2.3317454836659715,0.4842599513813748
2003,USA,2,3.48354993710312,3.2473990768745833,1.3061615845471775,0.05576722878667788,0.32223019756458987,1.202375164561655,0.571736770655087
2003,VNM,2,7.54724772895918,7.410612881131874,1.270550021060615,0.018669081640791084,0.30277745387318267,1.1641708445834522,0.5428196713888501
2003,BGD,3,6.67190498576788,4.754346746077706,0.5591873327653476,3.677029602603679,1.602157059032121,6.217331419328898,0.9996973044843258
2003,CHN,3,12.6752842281595,9.889808162609521,1.3344296258693624,7.75887691175179,2.0504783804783253,3.3860425713035696,0.9815735865521391
2003,DEU,3,3.86668241523209,1.2480927803009165,1.3212000150780563,6.857011676168977,1.8967250088448382,3.1615977626003486,0.9762591600052022
2003,FRA,3,2.71406448755236,2.0844589308961043,1.1649279774356152,0.39640315697243333,0.40477996235387864,1.2176502837389673,0.7055626199831404
2003,GBR,3,2.18982132415704,3.3743396533262766,0.9016400184076601,1.4030836721378797,0.7555530734589945,1.67835174854022,0.09446727359313467
2003,IDN,3,5.50095178520348,3.704044705532968,4.843298828475712,3.228875052970006,1.3948076110575491,2.5653584081822123,0.644684556968288
2003,IND,3,8.06073257305057,6.045825323574121,1.7703606732348622,4.05985122399275,1.2412860111068038,2.137796056977405,0.8724676834889749
2003,JPN,3,1.54630843078741,0.8863156965203103,1.289949966479261,0.43559040928536247,0.4333060797797419,1.3044307941239062,0.6955492489962192
2003,KOR,3,5.24500550580342,6.483363316041697,4.0133156606632445,1.5335300661781384,1.0891336727452827,2.3561616196711404,0.3788272607948259
2003,MYS,3,5.5848470671515,6.005125173743359,4.216802217521251,0.17663368688043765,1.0021425990442376,2.3629824102474597,0.4603041543125871
2003,NLD,3,3.53729585853395,2.837351030754504,1.9179638230274565,0.4899227619351986,0.5490078144524331,1.6367938412615284,0.6424225078764763
2003,PHL,3,5.31641682136939,3.820154990873678,1.4713222657479852,2.2387994653983783,0.9035130740409397,1.8221941323333943,0.8454114975756011
2003,SGP,3,9.00676607871758,5.8128747172610815,3.603915259061718,10.20094202878645,1.9029438355218529,2.5936595778879243,0.8122527168582936
2003,THA,3,4.96781089246107,4.097121930608114,4.113403159831664,0.7580992682925796,1.0345333326561739,2.3555915858879697,0.5838182189791026
2003,USA,3,2.78453963674239,3.2645496591102243,1.0636190488232378,0.23040962157356878,0.3335470175071231,1.0824511359589446,0.32588709736647403
2003,VNM,3,6.97795481056711,7.36721453309967,1.2345541499765473,0.15152313158612563,0.3370716690289579,1.1793566966029905,0.3762654669065555
2003,BGD,4,7.05859935449848,4.7134831438728995,0.32384369573244687,5.499570041338885,2.1624069707957445,26.011152047555097,0.9999999999997782
2003,CHN,4,14.1507710506103,9.302773859978364,1.1762765202852552,23.503076760375148,4.184363975267563,9.574580807501448,0.9999811774863517
2003,DEU,4,2.8891174138025,1.5791737120743854,1.1011783495970822,1.7159525016971555,0.8148910248108818,1.7228739333369216,0.8828949519181395
2003,FRA,4,2.53048188351066,2.3978096629095726,0.9261505528399797,0.017601918119223632,0.22400587490975932,0.8524805194422053,0.556954120632232
2003,GBR,4,2.93091133582351,3.3602898535136254,0.7521779171568523,0.1843659114537608,0.27099340690588114,0.7970892986096411,0.28405167551088334
2003,IDN,4,6.34502222667214,3.3736369203691505,4.8330645568186,8.829130638513309,1.8361411774013683,2.683410993584169,0.7306577717663694
2003,IND,4,7.66081506510766,6.046816220276242,1.8097000284268003,2.604992271117151,0.9619402338108927,1.9098066547333188,0.8137659785862934
2003,JPN,4,1.72837912865577,1.0542458150963694,1.277143722249463,0.454455724450577,0.43721428345588326,1.3028745687454357,0.7011963724563679
2003,KOR,4,5.8419633918717,6.42852136322701,3.932045191495852,0.3440502537604566,0.9537416977284606,2.2992246342335347,0.4407082618264916
2003,MYS,4,6.29878592740947,5.483587297672154,4.349919670942821,0.6645488059255978,1.0773241000769034,2.4066563120103694,0.5743286229558854
2003,NLD,4,3.88542348324803,3.103678400326581,1.637290510492082,0.6111253746718628,0.5287677403381725,1.5259665770429018,0.6834836481032882
2003,PHL,4,6.51929155018938,3.9100208753170627,1.498895967886747,6.80829345474864,1.8132112835521181,2.838851044422254,0.9591402446406564
2003,SGP,4,9.02151951268893,5.252496537049129,3.5966531535141866,14.205534190900691,2.2864146302205657,2.7480157335044604,0.8526634325852802
2003,THA,4,5.43515169050809,3.544554855080489,4.108670704422209,3.5743563941288605,1.301240780133451,2.437906196318398,0.6772950236301181
2003,USA,4,2.0038583039496,3.334932141426092,1.0804017520373188,1.771757560814395,0.835000198678951,1.7552050259465057,0.10897127838423876
2003,VNM,4,7.12950448605439,7.182627371672694,1.1686379903803796,0.00282204097641533,0.27406803331083823,1.0758106667695357,0.4818714872397313
2003,BGD,5,6.01378975738535,4.803699889967594,0.49001643011086665,1.464317487227123,0.9357857088336481,3.2548085408255774,0.9932346788618012
2003,CHN,5,9.66877608164454,8.960903753507075,0.8726575062804846,0.5010832329427534,0.4212293602602413,1.111723627049849,0.7913655594586536
2003,DEU,5,0.887902330743628,1.47716158436106,1.2195785229059517,0.34722646797377293,0.3964331889708655,1.2341687003757857,0.3144888275227882
2003,FRA,5,0.380171435849121,2.4095644221990202,1.0999161305627896,4.118435893046162,1.4368468850521752,2.716265020819461,0.032515613512247195
2003,GBR,5,-0.0494116727402769,3.217193980591075,0.9400766277873414,10.670712494376348,2.736345709830489,6.894363396281097,0.00025558942102150674
2003,IDN,5,6.01370360009123,2.9153953256405734,4.806920240721381,9.599514163529403,1.8935713541304704,2.696718531261084,0.7403911053040161
2003,IND,5,3.08669805950082,5.997012137081208,1.9410578645328296,8.469928030162587,1.9291319761177974,2.7061883386749983,0.06689216556222397
2003,JPN,5,-1.16662209355141,1.0705593998584324,1.337932355604647,5.004981034455493,1.5346939207821417,2.60805413861188,0.04725047496425813
2003,KOR,5,3.00440451679569,6.11156291075273,4.081604511919773,9.654433285137694,1.8544286595057746,2.6151863815098157,0.2232511756943737
2003,MYS,5,4.83176988913097,5.103995353672015,4.309406627680553,0.07410670354458745,1.0139448136296596,2.381733982533938,0.47481554389133457
2003,NLD,5,2.11674514240192,3.123122730810111,1.8986044262513433,1.0127958504502865,0.6516608033530096,1.700540367422907,0.29803455834299897
2003,PHL,5,4.34448730509183,3.8661023790174363,1.4692033151475286,0.22885213749520317,0.40494387662409664,1.3566692364254032,0.6276396682331171
2003,SGP,5,1.86348345462035,4.702121950724115,3.476574574879444,8.057868511562248,1.6889712577619485,2.4983257560852423,0.20710584917676494
2003,THA,5,1.72569884866334,3.076629710543255,3.9314243447380166,1.8250141935796098,1.1021469270075008,2.3469789703835144,0.36556462243306675
2003,USA,5,0.113587247501258,3.2924946184462285,1.315680259077422,10.105452073048264,2.4434315467954804,4.1122314729414775,0.007842364980681202
2003,VNM,5,5.66177120891362,7.024938249098779,1.1433848339937227,1.858224379447167,0.8484351223868833,1.7636266196434927,0.11658736406439757
2004,BGD,1,6.53594493875502,4.733391894473865,0.5555210458834821,3.2491974774472605,1.4893080087427417,5.595443658172634,0.9994123281828919
2004,CHN,1,11.4535130030645,10.583205210130455,1.251846956261266,0.7574356544417301,0.5246602928643382,1.3852232901208845,0.7565409674764221
2004,DEU,1,0.885485292551564,1.320073548206389,1.1964368654287763,0.1888669519531035,0.3418940633775001,1.1642563818376188,0.3582145126974037
2004,FRA,1,1.88856584109286,1.9430289500111957,1.1709883518536366,0.002966230233050488,0.2746644746876623,1.0778682781449926,0.48145173196265456
2004,GBR,1,2.7906547174688,2.6631903261535155,1.0295974995837158,0.016247171053375954,0.24689909272931126,0.9557697285270653,0.5492632690194602
2004,IDN,1,5.69257130383384,4.2357157397400895,4.192216860028454,2.1224281346309195,1.1796674464094716,2.4125513263799427,0.6358975343332347
2004,IND,1,7.92343062131789,5.978990169680687,1.9987466160046898,3.7808486699630914,1.1674136392684908,2.084657823263938,0.8346810728505761
2004,JPN,1,1.8482813374834,0.978264652497998,1.2723936035125074,0.7569290321529881,0.5258455856340634,1.3936048538350736,0.7529378354421348
2004,KOR,1,4.35823667337156,6.636769016727608,3.635982181247993,5.191709639719603,1.4014139728408967,2.406170522313113,0.26544036587220765
2004,MYS,1,5.33213916141486,6.6843418866807545,3.9996305077816086,1.8284522102165124,1.1153546391915539,2.362290206267666,0.36765073087143807
2004,NLD,1,2.03401576512488,2.47602349639152,1.633063309757477,0.1953708344994822,0.42907673743977703,1.4460249999228818,0.39332560893793544
2004,PHL,1,4.94250511877678,3.6103834898568814,2.0500306412797324,1.7745480342362043,0.8127574250856445,1.8479170075585927,0.7420911369083636
2004,SGP,1,7.36632239250758,6.6364670838030335,3.945815094011573,0.5326887716442082,0.9758217221741232,2.308700932186748,0.5733735073394526
2004,THA,1,4.18763842884337,5.0394648082161115,3.4461089820765514,0.7256081805952732,0.888914015046263,2.186734503622738,0.40238253451122197
2004,USA,1,3.48354993710312,3.0735318881650797,1.2485524270770898,0.1681148004549572,0.3450195281153611,1.19484490755113,0.6286933900043595
2004,VNM,1,7.54724772895918,7.555894367440974,0.8650016778938577,7.476435703484527e-05,0.202181028778462,0.773964661866463,0.4960122016918345
2004,BGD,2,6.67190498576788,4.828460106195838,0.5093948368838148,3.3982890240203827,1.5560865109899407,6.792596189455518,0.9998520664405817
2004,CHN,2,12.6752842281595,10.179593174870982,1.355107070501185,6.22847383346435,1.7659650243423666,2.9187353488227687,0.9672399573998094
2004,DEU,2,3.86668241523209,1.2942677222125911,1.1576693905531814,6.617317352862603,1.9298941879744644,3.5341300771315685,0.9868604867577636
2004,FRA,2,2.71406448755236,2.068877146741727,1.0982640077883923,0.4162667047422959,0.40366380706818367,1.1852245415594935,0.7215529529956539
2004,GBR,2,2.18982132415704,3.1167915892378946,0.9518646284848552,0.8592738723440696,0.5566064116307274,1.343794818140437,0.16506632093743218
2004,IDN,2,5.50095178520348,3.987735862032411,4.301496369063184,2.2898224301384698,1.2154443353522908,2.439778978119385,0.6375014681786446
2004,IND,2,8.06073257305057,6.0947542991511865,1.798501201300991,3.8650705734444006,1.2014829685140402,2.1033482419385647,0.8628295202861516
2004,JPN,2,1.54630843078741,0.9548214569430562,1.1947491174049165,0.34985684022755126,0.393699796458676,1.2194229530565768,0.6897253921289495
2004,KOR,2,5.24500550580342,6.273548104127852,3.495983805382378,1.057899876567973,0.9368522187397627,2.2138322120710314,0.38429989978504225
2004,MYS,2,5.5848470671515,6.162157117007746,3.881747705548395,0.33328689366502123,0.9413351320780057,2.2862834775553784,0.4408856092337093
2004,NLD,2,3.53729585853395,2.6553762719151064,1.7518708719218787,0.777782157261952,0.5828748661630268,1.6063365852544156,0.6926640394138952
2004,PHL,2,5.31641682136939,3.704363682417578,1.8820567246420785,2.5987153228043893,0.959320264043202,1.9181324037008465,0.8041498737193846
2004,SGP,2,9.00676607871758,6.038069494119028,3.893118271536241,8.813159411407113,1.7715754572009548,2.5688900856238295,0.7771340356274912
2004,THA,2,4.96781089246107,4.520723769160488,3.725264204075101,0.1998868958211906,0.8919559649046448,2.241278095077493,0.5477643182939445
2004,USA,2,2.78453963674239,3.2869865915499634,1.1916132772641752,0.2524529423954037,0.3617628832352614,1.1831421167708878,0.33663926724695126
2004,VNM,2,6.97795481056711,7.422036715041507,1.1235560251866745,0.19720873788160775,0.33169498444114887,1.1135472209950321,0.3463303848065374
2004,BGD,3,7.05859935449848,4.812944120889033,0.5382171575147376,5.042967428237502,1.9420022532245285,9.00389048021525,0.999984929355083
2004,CHN,3,14.1507710506103,9.915754243511145,1.2021645805457608,17.935367356412325,3.5568964457045533,7.308214283167968,0.999786514323299
2004,DEU,3,2.8891174138025,1.2961723641395682,1.1639839293643575,2.5374739312456405,1.027691494653627,2.0072220494145485,0.9144266286997862
2004,FRA,3,2.53048188351066,2.1872481205938477,1.09709150392043,0.11780941600603466,0.2988785130964244,1.060541162074729,0.6228056945692477
2004,GBR,3,2.93091133582351,3.33904347259643,0.8872117452194496,0.16657184106682968,0.2809439603125431,0.9050745680781599,0.3227521501632318
2004,IDN,3,6.34502222667214,3.836722561279681,4.3090262399706125,6.291567211407922,1.5735825755175414,2.5490727790700287,0.7197515481137501
2004,IND,3,7.66081506510766,6.204843643062392,1.8087892910061807,2.11985278181252,0.8665552734695685,1.8355624902618044,0.789573576845731
2004,JPN,3,1.72837912865577,1.0378382769676928,1.2688810993153214,0.4768466678500949,0.4428605794630476,1.3051575993406275,0.7068523464076838
2004,KOR,3,5.8419633918717,6.401839004154214,3.568858708037115,0.3134607012287194,0.8689926447842546,2.203489750311666,0.43767047767651535
2004,MYS,3,6.29878592740947,6.102769219207699,3.7579531353981337,0.03842254989425797,0.8822927651538105,2.2441733222874616,0.5207995960810738
2004,NLD,3,3.88542348324803,2.819129737426645,1.7111859429487237,1.1369823523778004,0.6567138833276576,1.6502715875504377,0.733400921789706
2004,PHL,3,6.51929155018938,4.038912105382481,1.7818072884593186,6.15228219022058,1.6080758858803161,2.4654797276036464,0.9180476125064151
2004,SGP,3,9.02151951268893,6.308227132965832,3.845497552889556,7.361955537863429,1.632247213672504,2.5147605695167714,0.7597742024225949
2004,THA,3,5.43515169050809,4.305400196331375,3.727534914211781,1.2763384385945207,1.0066711418962588,2.2806152410300706,0.6190865961950224
2004,USA,3,2.0038583039496,3.3575579206227135,1.0272972059669883,1.8325026521809349,0.864179539864813,1.814075054026028,0.09379714312862386
2004,VNM,3,7.12950448605439,7.393930979531083,1.1095591137624439,0.0699213704523794,0.28432032553469977,1.0512987053726186,0.40581772541081257
2004,BGD,4,6.01378975738535,4.769266710315315,0.36715168231273637,1.5488376146884846,1.0374461313817425,5.661889712359599,0.9996501159859665
2004,CHN,4,9.66877608164454,9.415088882652004,1.0759445679544608,0.06435719493267833,0.275195477531566,1.0199337977213327,0.5931986623866908
2004,DEU,4,0.887902330743628,1.5269500347111968,0.9755070241039892,0.4083819679462215,0.38925664586919384,1.1087139542051525,0.2562039786055472
2004,FRA,4,0.380171435849121,2.41375832781461,0.8656876653719222,4.135475647173858,1.5506597874303303,3.53384283169881,0.009409426028626535
2004,GBR,4,-0.0494116727402769,3.3365285726356335,0.778941374997112,11.46459134525628,2.9464718991671486,10.11666552771937,6.905373106693227e-06
2004,IDN,4,6.01370360009123,3.549334487691291,4.325044440212287,6.0731151221508615,1.5562478518849192,2.5456915396400004,0.7155900906239806
2004,IND,4,3.08669805950082,6.242295618178228,1.7678009372324257,9.957795952330818,2.210627269282927,3.0818609946959232,0.03712731477233038
2004,JPN,4,-1.16662209355141,1.1644774591792646,1.2335026732139125,5.434025124741151,1.6631708795260467,2.914508518927927,0.02939093586589492
2004,KOR,4,3.00440451679569,6.28967344935402,3.4838498592839224,10.792991959232952,1.966037064090691,2.6117005950286933,0.17284056045615592
2004,MYS,4,4.83176988913097,5.6153533231479535,3.8927145075223604,0.6140029980658481,0.9724219015680665,2.29830507528021,0.4202340094928778
2004,NLD,4,2.11674514240192,2.9837053510268556,1.4797122723623235,0.751620003338992,0.5428402805027788,1.482424324806404,0.27897208800557566
2004,PHL,4,4.34448730509183,4.1143148899959145,1.7566515543209686,0.05297934067108641,0.42253527112053,1.4909323124652571,0.5521238434568201
2004,SGP,4,1.86348345462035,5.605263515717614,3.8806258539980822,14.000918025625047,2.244277339497568,2.739795826058379,0.16746762589107028
2004,THA,4,1.72569884866334,3.872916736639399,3.7691685020827266,4.610544658444367,1.356050845203564,2.4080602991063658,0.2844475608875198
2004,USA,4,0.113587247501258,3.3903428041311026,0.9942208884925821,10.737126977904563,2.7160836204656147,6.344299275911681,0.0004907051475219095
2004,VNM,4,5.66177120891362,7.226687974786134,1.0468586225290633,2.448964484108889,1.0363714189116808,2.0820494650537755,0.06747428419284937
2004,BGD,5,5.04512479919337,4.842345612158945,0.48407747041770655,0.041119398694342266,0.14652718450505442,0.281166067164474,0.6623547382303148
2004,CHN,5,9.40610014336416,9.069480336743247,0.7986494645831461,0.11331289420950083,0.2424192549415375,0.7829307359647533,0.6632999928991583
2004,DEU,5,-5.54455451920674,1.4387064760817763,1.1126482081458802,48.76593412831796,6.355516466158234,20.721353622717857,1.734154890579152e-10
2004,FRA,5,-2.82455153714783,2.4260356612664196,1.0479516418816277,27.5686659281516,4.659343904008568,13.517496773202993,2.716789811485839e-07
2004,GBR,5,-4.58740819226323,3.182804534517944,0.9087483317117817,60.37620581943214,7.257506383962986,37.37840130536666,6.1301523128218185e-18
2004,IDN,5,4.62887118256153,3.139286603323034,4.297465419173122,2.218862218705126,1.2082396976281178,2.4370364242732996,0.6355613385684529
2004,IND,5,7.8618888330338,6.179393455259109,1.8702357659294766,2.8307906962332,1.0032515950068612,1.9496581615787694,0.8158378736743042
2004,JPN,5,-5.9359411383964,1.1877382013568738,1.2708733832818861,50.746807335627636,6.4066658193489605,16.86856966881546,1.0392236348257673e-08
2004,KOR,5,0.81986175641795,6.036038770851932,3.5931837631090056,27.208502645909412,3.4238576147818773,3.2516742959506777,0.07329437205987185
2004,MYS,5,-1.51352871598714,5.236499483082244,3.854669334100596,45.562880688231864,4.699604530634851,3.8014523934278026,0.03996173554221611
2004,NLD,5,-3.66528147002826,2.9977193493733325,1.727681250580949,44.39557991934629,5.688307232786211,8.902456999668761,5.748409392457316e-05
2004,PHL,5,1.44832306275669,4.074669520196953,1.7172940379078139,6.8976957145090205,1.7515777502594023,2.6291465745527787,0.06308864681055398
2004,SGP,5,0.127953382778088,5.0429085627142936,3.856279143642802,24.156784420781737,3.1098661717594887,3.0808585343492956,0.10123728549896543
2004,THA,5,-0.690618232300579,3.4611533919222275,3.64319467871106,17.237207619701685,2.55839227430823,2.8611394926018514,0.1272272381313641
2004,USA,5,-2.5765002366652,3.340482024643706,1.2157238362663825,35.01067908064425,5.231083799384727,12.958340267925957,5.663970559517104e-07
2004,VNM,5,5.39789754014181,7.058352200418394,1.0244073913042266,2.7571096788342264,1.1278164983017311,2.2566997093396357,0.052520305643191316
2005,BGD,1,6.67190498576788,4.884154227864619,0.911457007618125,3.196052772383684,1.2906691202799634,2.7498135114243825,0.9750850238004258
2005,CHN,1,12.6752842281595,10.600870999377314,1.2014308991251061,4.303190243746534,1.4377498585820643,2.593058109773002,0.9578819301996273
2005,DEU,1,3.86668241523209,1.232397767678794,1.0705617198937343,6.939455604334992,2.035129098625054,4.014537204844203,0.9930658462213553
2005,FRA,1,2.71406448755236,1.835676129378626,1.0386903921646338,0.7715661077751479,0.5226069881959362,1.3144773189828336,0.8011313142627798
2005,GBR,1,2.18982132415704,2.664521077292153,0.9167961130187212,0.22533985562653694,0.3101735415071572,0.9661170242861931,0.30230548296165743
2005,IDN,1,5.50095178520348,4.307142685164172,3.7727745179210976,1.425180167336661,1.0311354874795386,2.2968123490972783,0.6241609255929723
2005,IND,1,8.06073257305057,6.066381822114159,1.9349185655501817,3.9774349177606285,1.2066858902924875,2.110191098225317,0.8486628965667269
2005,JPN,1,1.54630843078741,0.9637537905281361,1.1811536130334614,0.3393699088876119,0.3883857948575865,1.2070572935579225,0.6890672556146782
2005,KOR,1,5.24500550580342,6.353161336714606,3.3324190301655774,1.2280093455824592,0.9244414703783442,2.1779277568505897,0.369741539960732
2005,MYS,1,5.5848470671515,6.349979338730011,3.5759988549789394,0.5854273930108925,0.9007558544882662,2.216073202580298,0.41528786501320136
2005,NLD,1,3.53729585853395,2.4218141535947715,1.4515150323546648,1.2442994340540166,0.6653145532218274,1.5868384966422795,0.7789033504552964
2005,PHL,1,5.31641682136939,3.4823572991859657,1.8734443628605189,3.3637743309116894,1.1019544981806815,2.02591546154831,0.8362044045094382
2005,SGP,1,9.00676607871758,6.3706938554013135,3.5215461913513364,6.948876766539568,1.5753813754702715,2.4580062373514484,0.7729373722358439
2005,THA,1,4.96781089246107,4.605614069882502,3.07632688061721,0.13118653828601123,0.7359149652978012,2.0496058220200433,0.5468618885745721
2005,USA,1,2.78453963674239,3.0396600935646134,1.116883195709195,0.06508644748917995,0.2841578227052185,1.0555687348533498,0.4096591762869761
2005,VNM,1,6.97795481056711,7.4422960230823,0.7616589230480232,0.21561276164007726,0.28755767827394546,0.832515341723387,0.2710486463157358
2005,BGD,2,7.05859935449848,4.900151784134916,0.8709690910407226,4.658895914008373,1.6707900026616982,3.8515614194679535,0.9933978990984815
2005,CHN,2,14.1507710506103,10.159681084961985,1.3558984516093795,15.928799113898673,3.2273696335207243,5.5555051944102685,0.9983773919928783
2005,DEU,2,2.8891174138025,1.2780986994798567,1.0369918770919706,2.5953812978977826,1.0796957329533066,2.1620214061176015,0.9398541012058889
2005,FRA,2,2.53048188351066,2.0777879052677943,0.9758307497584154,0.20493183793735228,0.31035683225866517,1.0020769152392635,0.6786425405858032
2005,GBR,2,2.93091133582351,3.081992424228032,0.8481385903866707,0.022825495273494974,0.20891394607445118,0.7700929110999019,0.4293094404794724
2005,IDN,2,6.34502222667214,4.0775216986351355,3.891801656154372,5.141558644648094,1.4221289151188605,2.4475426062287826,0.7199305386163906
2005,IND,2,7.66081506510766,6.1734151283690695,1.7741051789691702,2.2123585718099634,0.884877261965862,1.8436873318501124,0.7990953974249155
2005,JPN,2,1.72837912865577,1.0313614683936534,1.1211576162845596,0.4858336187172753,0.4295233503988556,1.2265523721008227,0.7329286556383098
2005,KOR,2,5.8419633918717,6.13923958159643,3.196759491363402,0.08837313297725329,0.7580872950374906,2.08540001809052,0.4629545693163712
2005,MYS,2,6.29878592740947,6.07586520853241,3.4474520295005613,0.04969364690466497,0.8114008147049132,2.1586645658950805,0.5257786224255099
2005,NLD,2,3.88542348324803,2.6100255817667257,1.5657345660350515,1.6266398071029144,0.7588829549490456,1.6990544581092801,0.7923402978816891
2005,PHL,2,6.51929155018938,3.7938741285150424,1.7315130423156833,7.427900122365996,1.834067205969128,2.706686597760302,0.9422573362721166
2005,SGP,2,9.02151951268893,6.113930978675453,3.503702172946233,8.454071083126633,1.7297433192248983,2.5170939961989593,0.7966915328823709
2005,THA,2,5.43515169050809,4.484029291777689,3.3046199768054234,0.9046338173666726,0.8807351330641587,2.155679031397346,0.6132561933216552
2005,USA,2,2.0038583039496,3.2968128006549406,1.0614177820668187,1.6717313305505612,0.8088463340731291,1.720475505544521,0.11158555970734746
2005,VNM,2,7.12950448605439,7.372408642159751,1.0006411153253265,0.05900242905325752,0.2572534484177569,0.9490428666149773,0.4041001064879285
2005,BGD,3,6.01378975738535,4.896854193875647,0.8788251234708664,1.247545053032737,0.7062065972057154,1.5974156821208423,0.8981253186111444
2005,CHN,3,9.66877608164454,9.957564183904841,1.2716724498522647,0.08339856800710654,0.3232349543734003,1.1850571063465427,0.41017565525602995
2005,DEU,3,0.887902330743628,1.2272823528783423,1.0444029502216416,0.11517879942415916,0.2876847667156391,1.0151805664237776,0.37260899194683283
2005,FRA,3,0.380171435849121,2.133592825069678,0.9830375518732993,3.074486568176148,1.2280426852408608,2.4925822459659432,0.03723808958440272
2005,GBR,3,-0.0494116727402769,3.2441494500378965,0.8103013849590153,10.847544869475822,2.8364062011250435,8.969126823743675,2.4056166127591377e-05
2005,IDN,3,6.01370360009123,3.9382754593223246,3.8910591429751236,4.3074019674954735,1.3407702768700365,2.419869097484952,0.7031160557190063
2005,IND,3,3.08669805950082,6.2749727725297735,1.7428161211228044,10.165095645739855,2.2511924767912226,3.14775823540743,0.03367127533043729
2005,JPN,3,-1.16662209355141,1.0714730817293574,1.161255856775376,5.009070013615048,1.6068352671041124,2.925694456403075,0.026970764145030288
2005,KOR,3,3.00440451679569,6.218118301680557,3.2582484499387685,10.327956291159015,1.9326482334505226,2.586553425923724,0.1619851805263049
2005,MYS,3,4.83176988913097,5.997501192289097,3.326597264583611,1.3589294711627453,0.9387312726712999,2.182288203442099,0.36300892976660437
2005,NLD,3,2.11674514240192,2.709023828196441,1.5420097672755515,0.350794041646485,0.4500163799375669,1.4257897376515694,0.3504539118509897
2005,PHL,3,4.34448730509183,4.089394953453856,1.606261557735394,0.06507210786419186,0.39150313650944313,1.4054584995246648,0.5630911941710574
2005,SGP,3,1.86348345462035,6.31609655877863,3.4390151790167733,19.82576345532204,2.8290211030028947,2.9922929581111655,0.09770584155306417
2005,THA,3,1.72569884866334,4.308710601767035,3.2958179093249416,6.671949716671823,1.538890886701967,2.418704589412677,0.21660102435513623
2005,USA,3,0.113587247501258,3.3166502166082523,0.9085758183162354,10.259612384064514,2.6905499975714045,7.03716691269183,0.00021144844441710887
2005,VNM,3,5.66177120891362,7.3584382283708765,0.9852803177387863,2.8786789749139716,1.1749303874155752,2.3867764555476567,0.04253344356389991
2005,BGD,4,5.04512479919337,4.8107865366646605,0.9019608073081978,0.05491442128497421,0.2349369532926742,0.8495048901569606,0.6024947567951733
2005,CHN,4,9.40610014336416,9.454397663798865,1.319619771143945,0.0023326504801407396,0.3090936314504418,1.196951940524173,0.4854021419129735
2005,DEU,4,-5.54455451920674,1.4549574723747645,0.8761933880916448,48.99316812029328,6.505172808846781,32.69521102831415,6.826925065651604e-16
2005,FRA,4,-2.82455153714783,2.3642097497977566,0.7827624983922754,26.92324369290522,4.74713483896468,22.64438228686099,1.6923498877465686e-11
2005,GBR,4,-4.58740819226323,3.2349430647572572,0.6994595826358461,61.189179188210005,7.4277234463846815,63.09594824554472,2.4578770746552767e-29
2005,IDN,4,4.62887118256153,3.660002736535812,3.9338120442353364,0.9387060657042892,1.0140314141641316,2.318877475242,0.5972720965924112
2005,IND,4,7.8618888330338,6.297784102737607,1.7388400627080853,2.446423607334926,0.9326501501942983,1.8767162785097125,0.8158095721374368
2005,JPN,4,-5.9359411383964,1.19841529487148,1.1383024907533925,50.89904171691078,6.49213802512194,20.689505690772087,1.8339816866373992e-10
2005,KOR,4,0.81986175641795,6.09439711957371,3.137961155871467,27.820723297180663,3.624359917150375,3.4751901757740367,0.04639313701402183
2005,MYS,4,-1.51352871598714,5.557252879201997,3.4350351083376376,49.99595236686543,5.182578931226937,4.271534076607407,0.0197744054081737
2005,NLD,4,-3.66528147002826,2.8638921624238596,1.3251464499795822,42.630108322708004,5.781540017594386,13.338784396758086,4.1722345183976784e-07
2005,PHL,4,1.44832306275669,4.181380059223432,1.5818990310490577,7.469600545935811,1.89463085759192,2.8700491878649164,0.042020442519304806
2005,SGP,4,0.127953382778088,5.7274383505771,3.4918800962513066,31.3542319046071,3.7903564155412064,3.4551021668657356,0.05440409277959419
2005,THA,4,-0.690618232300579,3.955913330613876,3.3182293138989727,21.59025556516025,3.01760459330685,3.098796232780419,0.08071107140671674
2005,USA,4,-2.5765002366652,3.3615907404582157,0.8839627981283038,35.26092445259452,5.4393683741780325,23.358540004422316,9.238354856301622e-12
2005,VNM,4,5.39789754014181,7.181464543696505,0.9533973379702662,3.181111256169073,1.2684047535961507,2.621065693508929,0.03068994800926758
2005,BGD,5,5.57178818533122,4.941526591859709,0.8613726734092646,0.3972296762052482,0.3774854982739735,1.037398877575989,0.7678224537453597
2005,CHN,5,10.5916903885704,9.247488538043207,1.1962685030562945,1.8068786149607317,0.8259185293912996,1.7294541776049968,0.8694218480324711
2005,DEU,5,4.13463778522758,1.4035573666413685,0.984169229800171,7.458800252785038,2.1774511254054434,4.753324086741801,0.9972400077891796
2005,FRA,5,2.00032476039051,2.4131978318356695,0.9368574639171533,0.1704641731245597,0.2903752898588159,0.9508226442010987,0.32971510328380077
2005,GBR,5,2.26054460931586,3.1405018147228114,0.8049063193256282,0.774324683347612,0.5377860053079159,1.299497930012966,0.1371438319816809
2005,IDN,5,6.22385418062366,3.35971330201361,3.932151070060806,8.203302972525151,1.7162685615006434,2.5534014035214847,0.7668126643933355
2005,IND,5,8.49758470165625,6.338063145539994,1.7785060681495175,4.663533351330772,1.349907815108504,2.23189369115085,0.887670704437221
2005,JPN,5,4.13645589222239,1.2609483068590779,1.1622732617304141,8.268543873481947,2.2248126218011857,4.129746999526375,0.9933202155515569
2005,KOR,5,6.98166138853071,5.8876128318521035,3.2266158139250884,1.1969422443705415,0.9006334219262891,2.1478566109262838,0.6327214932948677
2005,MYS,5,7.42484738326097,5.302848788717901,3.3967004389298143,4.502878035242762,1.306102847897973,2.336882761664177,0.7339237273657491
2005,NLD,5,1.31935287897116,2.9083609052761625,1.5296304798355373,2.5249465076617197,0.9625996002945788,1.8835363795911446,0.14944464086605735
2005,PHL,5,7.33449996034538,4.211415482352055,1.5423654108275466,9.75365665668284,2.277395056949043,3.40229848406799,0.9785594770484777
2005,SGP,5,14.5197497108994,5.403004168806116,3.5182935284192753,83.11504927927777,7.142352691276441,5.534178910285297,0.995218471691479
2005,THA,5,7.51339053261624,3.671158600046053,3.1947899971939115,14.762746223662036,2.396287674126015,2.8036500805456064,0.8854451798786216
2005,USA,5,2.69519258673525,3.3727683554564196,1.0750470845160927,0.4591089223580837,0.41618149554465556,1.1899265552881992,0.26425719609824155
2005,VNM,5,6.42324482239482,7.096971929840002,0.9276989548860086,0.45390821530645187,0.403847518839588,1.1075989013725578,0.23384747285744062
2006,BGD,1,7.05859935449848,5.02033108647937,1.089029271264513,4.154537532413624,1.449758802001472,2.75573914314707,0.9693716297609669
2006,CHN,1,14.1507710506103,10.92717185808984,1.421439373280149,10.391591754018563,2.433070456383395,3.8421610564795596,0.9883305653450538
2006,DEU,1,2.8891174138025,1.6398964883710971,1.5041704596726893,1.5605529205356905,0.7431683510795598,1.672049277826222,0.7968733084971746
2006,FRA,1,2.53048188351066,1.9581411322491014,0.9819857754983696,0.32757393555464553,0.3589224576823584,1.0706114061113077,0.719999548105984
2006,GBR,1,2.93091133582351,2.593840283852319,0.8457606896299895,0.11361689407696521,0.25054444663982817,0.8308375145349448,0.6548846016768854
2006,IDN,1,6.34502222667214,4.39438785285615,3.3840607002981766,3.8049744603124984,1.227382049978977,2.3041439163032624,0.7178337468151237
2006,IND,1,7.66081506510766,6.223698901729933,1.8839955994612676,2.0653028670415177,0.8575816908032022,1.843267042759945,0.7772093433086771
2006,JPN,1,1.72837912865577,0.9883449950143333,1.06903362069773,0.5476505189544317,0.4464137897953968,1.2252958036984836,0.7556085387700983
2006,KOR,1,5.8419633918717,6.3517655561689015,2.9734973504125928,0.2598982467221106,0.7296757425622983,2.023374675427436,0.4319354942948388
2006,MYS,1,6.29878592740947,6.353253161700009,3.1804145619404283,0.0029666796112605416,0.7436190315872079,2.076096733890604,0.4931681168915112
2006,NLD,1,3.88542348324803,2.6294823045911353,1.3825114814537676,1.5773882442460696,0.7493632399672961,1.6554800890726433,0.8181794774796247
2006,PHL,1,6.51929155018938,3.6354146203138162,1.8017686771720145,8.316746146668509,1.950976422653275,2.7886372772499124,0.9452651368142304
2006,SGP,1,9.02151951268893,6.716938335017003,3.337102783946419,5.311094404479721,1.3907121356656964,2.3625011599937933,0.7550894537468809
2006,THA,1,5.43515169050809,4.757703797060034,2.7327956548165226,0.4589356483372085,0.7052965218568135,1.9549897707075012,0.5978923901091853
2006,USA,1,2.0038583039496,2.9818592884316004,0.99643453084007,0.9564859256477624,0.587792006754127,1.3970383026918816,0.1631729954047179
2006,VNM,1,7.12950448605439,7.4049179298928935,0.6969573456946621,0.07585256504698436,0.20573756156766002,0.6359853216075952,0.3463604046870319
2006,BGD,2,6.01378975738535,5.013310669116901,1.0621861409961468,1.0009584060624668,0.5986623208625015,1.4228608065857047,0.8268795169335106
2006,CHN,2,9.66877608164454,10.35451800876453,1.592566581039018,0.4702419906102374,0.4881848773352756,1.476988967888586,0.33338355750729276
2006,DEU,2,0.887902330743628,1.400058107997688,1.4850127384307015,0.26230354017471025,0.4168164875402215,1.373834055290854,0.3650911330711171
2006,FRA,2,0.380171435849121,2.105580156152913,0.9085509758363537,2.9770352521003693,1.2329487940172315,2.6262819352641738,0.02877714315020375
2006,GBR,2,-0.0494116727402769,3.030604132003326,0.835766018117241,9.486497357470384,2.6085313856479595,7.530105792972398,0.00011423425234877276
2006,IDN,2,6.01370360009123,4.181807464229635,3.505382515541207,3.355843452584641,1.1926533473464578,2.309791062323839,0.6993720150966016
2006,IND,2,3.08669805950082,6.311876360366911,1.7366628114987803,10.401775072377488,2.2882596459892346,3.195337390527098,0.031647571592455855
2006,JPN,2,-1.16662209355141,1.0743264631991383,1.0170426901770946,5.021850434002365,1.6769886095758872,3.3633162418943106,0.013783398582562912
2006,KOR,2,3.00440451679569,6.063555994113385,2.852133634522069,9.35840776117504,1.8631201139403566,2.5422235737459733,0.14172901548293682
2006,MYS,2,4.83176988913097,6.042992426273601,3.061449208884119,1.4670600344822322,0.904165011852312,2.116091246992804,0.346186424027892
2006,NLD,2,2.11674514240192,2.6577100123319317,1.4610214699607906,0.2926429904983946,0.42044106335365694,1.366622384364928,0.3555925871121596
2006,PHL,2,4.34448730509183,3.883169935246608,1.6473233329685428,0.21281371572091354,0.43617538475674955,1.4573016426693166,0.6102768114706245
2006,SGP,2,1.86348345462035,6.327248854538378,3.350375955253222,19.925201545505352,2.858218599824923,3.015546409793965,0.0913778961874781
2006,THA,2,1.72569884866334,4.52285174207252,2.9363998105457774,7.824064309107348,1.675569318484458,2.449826217442613,0.17040170224819196
2006,USA,2,0.113587247501258,3.278646092091767,0.967940851579092,10.017597489720606,2.6192328196032895,6.232440263193945,0.0005379490550391008
2006,VNM,2,5.66177120891362,7.363340676531984,0.9026197056043826,2.8953386531310445,1.213059836048385,2.593371333519261,0.02970509889632073
2006,BGD,3,5.04512479919337,5.016794440939279,1.0663047250294078,0.0008026091988051309,0.24949032526499593,0.9834906250803328,0.510598141324932
2006,CHN,3,9.40610014336416,10.145756020833751,1.6164284439779113,0.5470908170753108,0.5104682500855914,1.5038502991334557,0.3236247625039035
2006,DEU,3,-5.54455451920674,1.4045464826931795,1.4757329184668413,48.29000473460646,6.116508583375818,12.395033934566378,1.245193927221821e-06
2006,FRA,3,-2.82455153714783,2.183233732993589,0.9009149072544138,25.07791331184536,4.499498467966615,16.263362191225045,1.3600844221593706e-08
2006,GBR,3,-4.58740819226323,3.1900123022917684,0.8372403878642157,60.48826954912413,7.305058188796525,43.88732281207988,7.761539844214428e-21
2006,IDN,3,4.62887118256153,4.0607976673333885,3.500171035810297,0.32270751870365705,0.8546734023960575,2.1849208160958336,0.5644647152797244
2006,IND,3,7.8618888330338,6.406288707365788,1.7045815058535552,2.118771725844731,0.8661608674603567,1.8168598119233001,0.8034292237935462
2006,JPN,3,-5.9359411383964,1.1290473653447635,1.0381937483083128,49.9140625579948,6.479250405242692,24.110958135975373,5.0497566354877436e-12
2006,KOR,3,0.81986175641795,6.155386836906755,2.9086812673610765,28.467827884525065,3.7706102208518875,3.669049217449783,0.03330139554623978
2006,MYS,3,-1.51352871598714,5.983377314000978,2.941190689260358,56.2036000224722,5.847637023125333,5.246289701019494,0.005402610593901006
2006,NLD,3,-3.66528147002826,2.7716955258075693,1.425778188863817,41.43467284491966,5.632569635105692,11.464965658189836,3.17015292497053e-06
2006,PHL,3,1.44832306275669,4.171886427601833,1.4977613164834382,7.417797402326597,1.9193617083779706,2.97624085672157,0.034499766159200126
2006,SGP,3,0.127953382778088,6.5679864848576415,3.260535564372366,41.4740263558804,4.659639191012866,4.0514304499476665,0.024125802709746163
2006,THA,3,-0.690618232300579,4.360996195036972,2.925724249580248,25.518808322484894,3.5012116136045703,3.4830891520783194,0.04211795281365498
2006,USA,3,-2.5765002366652,3.305889350777932,0.8414057446316003,34.60250725845938,5.407677230785056,25.184311648531935,1.3632586508773503e-12
2006,VNM,3,5.39789754014181,7.343162227797047,0.8848629079850084,3.784054705038429,1.4547228664089324,3.2130527168097895,0.013961028194177301
2006,BGD,4,5.57178818533122,4.939859506101783,1.059849612019114,0.3993338556326612,0.3936966660352466,1.1548188448339318,0.7244937899578833
2006,CHN,4,10.5916903885704,9.636103468347782,1.7340604657900789,0.9131463621005488,0.6101627327651571,1.621242788224389,0.709206803160111
2006,DEU,4,4.13463778522758,1.5524865370466894,1.2986267537186422,6.667505068482133,1.8722287810389417,3.1570547033080207,0.9766146406732606
2006,FRA,4,2.00032476039051,2.378732678036058,0.6972802349056431,0.14319255213683962,0.24292414490801945,0.7056275668045029,0.29367118241231865
2006,GBR,4,2.26054460931586,3.1954953312019083,0.7696523175146989,0.8741328523552431,0.5844958662471974,1.3949554858582438,0.11222686928455061
2006,IDN,4,6.22385418062366,3.8168347327588914,3.550187549116624,5.793742622399217,1.456877625515144,2.415779493528996,0.7511134648681932
2006,IND,4,8.49758470165625,6.419001392603234,1.6563162891312389,4.320508572673782,1.3099598878582301,2.2109761215279873,0.895250358713283
2006,JPN,4,4.13645589222239,1.2529272539029626,1.0078851421877764,8.314737408008293,2.3161385185276546,5.019365953231054,0.9978882615077587
2006,KOR,4,6.98166138853071,6.0084789799044245,2.7763133762695245,0.947084000459658,0.7835251598663228,2.001498259348957,0.6370296831891206
2006,MYS,4,7.42484738326097,5.5607836778890665,3.0354965213403515,3.4747334976848316,1.1522220700684938,2.2178659261416445,0.7304215981822926
2006,NLD,4,1.31935287897116,2.8749117151767636,1.1977097044661529,2.419763292897332,0.9891657567455626,1.9427616399794412,0.0970100889350145
2006,PHL,4,7.33449996034538,4.249718053159336,1.4569850967176667,9.515879414902367,2.280736107954774,3.5366528563739656,0.9828801059763917
2006,SGP,4,14.5197497108994,5.927109468938479,3.3437840476259626,73.83346632776625,6.7168880313138954,5.427811663994315,0.9949111890866612
2006,THA,4,7.51339053261624,4.014015023433604,2.9582902647800253,12.245628954267234,2.174081451658318,2.7031818064458424,0.8815765440449113
2006,USA,4,2.69519258673525,3.3618953497010513,0.83092710147673,0.44449257414623317,0.3968396529292478,1.0556161967745608,0.21117233948406056
2006,VNM,4,6.42324482239482,7.191556852815606,0.8507558507212265,0.5903033760893105,0.45824255458257807,1.165097328151139,0.18323815185087666
2006,BGD,5,6.46437912497728,5.062596474990456,1.0360570603890784,1.9649945978040833,0.9014461633405143,1.869661919495156,0.9119717912435166
2006,CHN,5,9.46205248298186,9.432449139876914,1.6849403323059275,0.0008763579229892098,0.3939695820205381,1.4408230266997637,0.5070088046535004
2006,DEU,5,3.75796884489337,1.518799488329217,1.4484270847733496,5.0138794073759225,1.4983769694336795,2.4843691540798605,0.9389394690516796
2006,FRA,5,2.43757653729007,2.424781380269387,0.8555413489924227,0.00016371604318393947,0.2000120561025459,0.7630295149010573,0.5059662093986794
2006,GBR,5,0.851437739020326,3.0968248030618644,0.8116387595667464,5.041763067365079,1.7888508381305497,4.536960325784172,0.0028332030477973198
2006,IDN,5,6.16978420771008,3.5413689528725674,3.551192907619148,6.908566751862548,1.5724258652179925,2.4601330851841325,0.7703954936899133
2006,IND,5,5.24131620024293,6.441632435219188,1.6791778687235046,1.4407590639475794,0.7208503797641614,1.692729345702767,0.23735897629355263
2006,JPN,5,-0.20035785332982,1.307272643134703,1.0311920066202047,2.272949713869864,0.9917128472770091,2.0184153444347595,0.0718669134801625
2006,KOR,5,3.6880320602952,5.841684310355935,2.857161743054096,4.638218014191664,1.286327281127359,2.252854365436667,0.22549267799401712
2006,MYS,5,5.29391283414003,5.30500543531986,2.994766519587741,0.00012304580093476633,0.6998782849793674,2.015811664792002,0.4985223230383915
2006,NLD,5,1.77330320575034,2.920019484240884,1.4172844441412389,1.3149582233552035,0.6824076245279503,1.5949977259120671,0.2092305521030851
2006,PHL,5,3.85823282795663,4.272172735539532,1.4029488535303558,0.17134624708974128,0.3762356714293786,1.301042097942595,0.3839778835035223
2006,SGP,5,6.21493416858989,5.581531818886755,3.3474731699977767,0.4011985366094527,0.8299592118216959,2.145046052270324,0.5750390398007241
2006,THA,5,0.840132083053334,3.7362412522904935,2.8252859141283198,8.38744832013955,1.7508453725393274,2.482929936294185,0.15266563616376966
2006,USA,5,1.56440685205419,3.359599357083517,0.9942605934489936,3.222716130113471,1.262233832696513,2.5431976016843287,0.035493913458129515
2006,VNM,5,6.41316889681683,7.095427728964318,0.8170535937060784,0.465477114043254,0.4058799349629379,1.0655199458970495,0.20185227965520586
2007,BGD,1,6.01378975738535,5.226369541384398,1.2673293823689644,0.6200305965669863,0.4853031181366188,1.3488711739017054,0.7328062622950634
2007,CHN,1,9.66877608164454,11.547054513183738,1.8511173867983015,3.527929866385353,1.133828191978886,2.0495084116664524,0.15513091594192235
2007,DEU,1,0.887902330743628,1.6747533434332496,1.4293537280724038,0.6191345161706829,0.5026022144165753,1.4276828981580676,0.2909902088308822
2007,FRA,1,0.380171435849121,1.991163045192879,0.8938323888193169,2.5952939653759914,1.1320706045974678,2.430919777032112,0.03574581124320742
2007,GBR,1,-0.0494116727402769,2.703370396581622,0.7649869449232308,7.577809121180155,2.3212446159730162,7.125532829735914,0.00016004778686908798
2007,IDN,1,6.01370360009123,4.7200280513574535,3.1115521742808254,1.6735964253916367,0.9386930030496097,2.1404906354148676,0.6612091383576177
2007,IND,1,3.08669805950082,6.314383450241748,1.7497375744280246,10.417952981602419,2.285110606045701,3.1798048723102594,0.032542904362194695
2007,JPN,1,-1.16662209355141,1.0787634208359027,0.9916721751716143,5.041756108220378,1.6939540706535832,3.4739711280023906,0.011779625860478963
2007,KOR,1,3.00440451679569,6.445784045337644,2.6395794826043097,11.84309305946764,2.1905902929419927,2.7394539023396067,0.09615762310639603
2007,MYS,1,4.83176988913097,6.540914392446093,2.827374391683573,2.921174933212299,1.0608133745180486,2.140996453351716,0.2727560244149828
2007,NLD,1,2.11674514240192,2.7626016251359817,1.3389653863112978,0.4171305962896135,0.4348379928191961,1.3271688623242854,0.31477693531222023
2007,PHL,1,4.34448730509183,3.969887041095203,1.9713171563441036,0.1403253577863425,0.4889999004025885,1.6156952796658195,0.575355373233336
2007,SGP,1,1.86348345462035,7.023247347315557,3.1141649324860454,26.6231634283612,3.5292169417026966,3.4275073070014024,0.048772963497690745
2007,THA,1,1.72569884866334,4.954375128702179,2.4428010475183264,10.424350521285438,2.0628327368742907,2.6855434703186143,0.09313225229546351
2007,USA,1,0.113587247501258,2.8722570259373237,0.9842061967841464,7.610258946456492,2.2048743125990913,4.831251757552092,0.0025319635424773572
2007,VNM,1,5.66177120891362,7.517180506787323,0.6280674148571916,3.4425436626361887,1.5016241035604614,4.817350426806602,0.0015676259538918223
2007,BGD,2,5.04512479919337,5.151953804292935,1.2641705079803605,0.011412436330562992,0.2990296511018079,1.1569252813694804,0.4663273769289251
2007,CHN,2,9.40610014336416,10.768782377910087,2.1331044132861856,1.856902872347081,0.8344360757945797,1.8805661545661625,0.26146811572832235
2007,DEU,2,-5.54455451920674,1.5112968456472962,1.450228353966185,49.785038482912555,6.237647950289059,13.126417313894938,5.713063551455848e-07
2007,FRA,2,-2.82455153714783,2.123637431146705,0.8178218081074672,24.48457406595173,4.486782423147903,19.021793001367314,7.222143763327941e-10
2007,GBR,2,-4.58740819226323,3.0170104523019527,0.7394693875763247,57.82718292181057,7.187217718742181,53.49348707696614,4.176709452202665e-25
2007,IDN,2,4.62887118256153,4.326187072980859,3.2425678552992117,0.09161767019264361,0.7690356239888589,2.0996609319296313,0.5371860684506542
2007,IND,2,7.8618888330338,6.4504124423108005,1.6287277753675633,1.9922656015684248,0.8402208969183356,1.782246638055618,0.8069229099790407
2007,JPN,2,-5.9359411383964,1.105807197369864,0.9379586674894602,49.586219624266946,6.5125618257703835,29.036356476323466,3.012779330362626e-14
2007,KOR,2,0.81986175641795,6.066395615881321,2.535030027316871,27.526117538495615,3.8519483873673264,3.9907952530607793,0.019244248836735322
2007,MYS,2,-1.51352871598714,6.099202955854795,2.726648508892396,57.95368350746531,6.078648651214283,5.819571070284256,0.002619378484741614
2007,NLD,2,-3.66528147002826,2.7428129441283526,1.4081311762924373,41.06367402074519,5.613642995257541,11.615998734045654,2.6723775229381093e-06
2007,PHL,2,1.44832306275669,4.039957100145089,1.811590927040755,6.716566983750094,1.6937098542928843,2.536430071501856,0.07627465534686241
2007,SGP,2,0.127953382778088,6.609537972679562,3.1792626770331207,42.01093879604826,4.736517455597678,4.153750645715299,0.02073964697055207
2007,THA,2,-0.690618232300579,4.607120817999575,2.6298189349497756,28.066039045075172,3.856976525372897,3.9149347606481397,0.021979154497399553
2007,USA,2,-2.5765002366652,3.211715454688233,1.0149722861841126,33.503440889630106,5.215578901883205,17.19494208541747,5.891680484279009e-09
2007,VNM,2,5.39789754014181,7.3993527332064355,0.8075103421762848,4.005822889845358,1.5493247332484092,3.7767455016667144,0.006595871067678949
2007,BGD,3,5.57178818533122,5.158085996056649,1.2577515671476742,0.1711495014105729,0.3477324071354349,1.2023590380304359,0.6288926859459852
2007,CHN,3,10.5916903885704,10.474333773706409,2.1766172172495906,0.013772575052335286,0.5111882124391098,1.6981639896773482,0.5214993436545741
2007,DEU,3,4.13463778522758,1.5545983091115698,1.4374163984813215,6.65660369831698,1.8106322818623486,2.8926448237874185,0.9636663350004976
2007,FRA,3,2.00032476039051,2.2434988176933723,0.8107832427927089,0.05913362214513573,0.21835623908028723,0.7541614643970121,0.38211723245433576
2007,GBR,3,2.26054460931586,3.2124891136547427,0.7455542584736714,0.9061983393410012,0.6026116396901363,1.4404559550018627,0.10083150041552158
2007,IDN,3,6.22385418062366,4.193292607913214,3.238862438162596,4.123180300568323,1.2487695884120789,2.2906854847287095,0.7346496196216268
2007,IND,3,8.49758470165625,6.537144906210602,1.5846465878813591,3.843324191566971,1.2310752309701891,2.1445655299255253,0.8919836287791969
2007,JPN,3,4.13645589222239,1.2015646269225038,0.947567186990288,8.613586739133568,2.4007951921195927,5.661686688436838,0.9990235095299586
2007,KOR,3,6.98166138853071,6.170802984059676,2.5831035513540845,0.657491352101311,0.7043775707184672,1.91719943883818,0.6232047685710475
2007,MYS,3,7.42484738326097,6.045381287045005,2.6040434519711857,1.9029267106093135,0.8934513879488716,2.016316201835013,0.7018539104950553
2007,NLD,3,1.31935287897116,2.8935453768475727,1.3598050113642597,2.4780820203703797,0.9733127945802151,1.8963687214779803,0.1235013124275442
2007,PHL,3,7.33449996034538,4.327214316175612,1.6386883201831834,9.04376694562958,2.125555464727874,3.0967747929451868,0.9667603803599901
2007,SGP,3,14.5197497108994,6.839345485113764,3.0499676258950474,58.988609071465866,5.971197706757409,5.204715107583974,0.9941020508177266
2007,THA,3,7.51339053261624,4.452543435506862,2.6242558471332407,9.368784951882906,1.8956199295057508,2.563942637152512,0.8782670817362452
2007,USA,3,2.69519258673525,3.2856793025787256,0.9431958018005923,0.34867456158761334,0.3632640623766516,1.0564257793788838,0.2656414263474599
2007,VNM,3,6.42324482239482,7.368346199461979,0.7906076999381614,0.8932166129342403,0.588596959685905,1.3984892305071384,0.11596318675239459
2007,BGD,4,6.46437912497728,5.122472186328533,1.2514896470311379,1.800714231993652,0.8172186704778334,1.7181306945702959,0.858195612330072
2007,CHN,4,9.46205248298186,9.980267180150177,2.3638407546120597,0.26854647236124984,0.5975592980460736,1.8032562264844711,0.41323710959395005
2007,DEU,4,3.75796884489337,1.7518177360397784,1.249472002426661,4.0246422715544945,1.3585299872599175,2.430633814557683,0.9458189871168677
2007,FRA,4,2.43757653729007,2.456458917574912,0.6174575586282032,0.00035654428522138626,0.14452707713554955,0.4372611837530666,0.48780190511333016
2007,GBR,4,0.851437739020326,3.2150629482184554,0.6813681344379796,5.586724129556901,1.979294540590811,6.55205852292043,0.0002612580198660094
2007,IDN,4,6.16978420771008,3.9985818424613093,3.302081569143814,4.714119710861857,1.3215526182751594,2.3296613794259162,0.7445784142542601
2007,IND,4,5.24131620024293,6.595475147688491,1.5419422897102064,1.8337464549468698,0.8064900004675795,1.7376133709150525,0.18991315725931485
2007,JPN,4,-0.20035785332982,1.330608708209736,0.9090492340186371,2.343858612552251,1.052646168112068,2.241746992019866,0.046077266902021206
2007,KOR,4,3.6880320602952,6.0721961642036835,2.4584732647349092,5.684238474365741,1.4309048413049852,2.288710129146751,0.1660795115683859
2007,MYS,4,5.29391283414003,5.677943736265956,2.708229924978539,0.14747973378765258,0.6545882553958929,1.9252876146131603,0.44361842346306807
2007,NLD,4,1.77330320575034,3.017949090669567,1.1359208653001769,1.5491433788463662,0.7609889731054763,1.6466782123295862,0.13660168992562016
2007,PHL,4,3.85823282795663,4.4058043973124486,1.5929218518983703,0.29983462356679397,0.446619672936114,1.4435915475282384,0.3655160471898826
2007,SGP,4,6.21493416858989,6.261649234216917,3.178147766586492,0.002182297356537459,0.7429911015963861,2.075345124818189,0.4941362248990302
2007,THA,4,0.840132083053334,4.1538280506480945,2.6824211393802724,10.980580965653775,2.080108953258134,2.6686879497858547,0.10835242375129794
2007,USA,4,1.56440685205419,3.358592361744518,0.9346512199838743,3.2191016431827424,1.2864985013436105,2.693848385375027,0.027452259106014572
2007,VNM,4,6.41316889681683,7.251129041357198,0.752874460602665,0.7021772038381143,0.5138890403322999,1.2544823185689682,0.1328511143720077
2007,BGD,5,6.52145877906443,5.168441403865329,1.201161703040238,1.8306560175906637,0.8317497041701732,1.736643226162322,0.8700069544453106
2007,CHN,5,7.8578201481217,9.659251691105721,2.398163302630658,3.245155604057792,1.0762599340924701,2.075770878463458,0.2262747728551029
2007,DEU,5,0.463512036709204,1.676522553408928,1.371468454501757,1.4713945136241315,0.7226521426054701,1.6259562944487547,0.18822367255942746
2007,FRA,5,0.183835264973013,2.453299378136194,0.7508323145084933,5.150467360935543,1.8463820634859542,5.200414373323017,0.0012530753714083756
2007,GBR,5,1.52826034721852,3.0662698954519483,0.718045055809762,2.365473370457194,1.1411630647340594,2.881669417041234,0.016099148461980833
2007,IDN,5,6.03005065305615,3.6920652012727517,3.3291854291467535,5.46617597275082,1.407386555360403,2.3682574304386623,0.7587444509539152
2007,IND,5,5.45638755164772,6.500146428139618,1.541050869998057,1.0894325922556294,0.6318581914615137,1.5807729962863781,0.24910676121172737
2007,JPN,5,1.64893452981225,1.3385138677486943,0.9259543586570931,0.09636098743597624,0.2575229718127836,0.8982024756118123,0.6312794911257329
2007,KOR,5,2.54766550568242,5.864076046265738,2.522720113995063,10.998578873692136,2.115779605414122,2.7083850831044423,0.09431934073775983
2007,MYS,5,5.47345419253853,5.332755428818484,2.6855806523350494,0.019796142112349292,0.6305467485830595,1.9082078749677678,0.5208912060178793
2007,NLD,5,-0.977826121310997,3.0062335090197427,1.302969347903607,15.872731138031112,3.249749016848158,5.858279149569426,0.0011152986876919728
2007,PHL,5,6.89695171050985,4.350177794315352,1.5425739400741383,6.48605738020866,1.7399870482972695,2.715274684608102,0.9506296761505095
2007,SGP,5,4.43549759378537,5.802396483488834,3.196931917158128,1.868412574672562,0.9767763489908842,2.17253638218998,0.3344836192771089
2007,THA,5,7.24279620249642,3.831031652353114,2.585151108031433,11.640137345614553,2.178927114895981,2.7395983336682805,0.9065414846651194
2007,USA,5,2.28911339009767,3.3003797360408775,1.0550506086832294,1.0226596224373268,0.6061608147170224,1.431888700930982,0.16890526512394016
2007,VNM,5,5.5045447041189,7.083092918536984,0.7186141788232028,2.4918144652425207,1.1802044322078704,3.001156855309627,0.014022508436423418
2008,BGD,1,5.04512479919337,5.016622139370232,1.1410269850283294,0.0008124016169935213,0.26693630409294317,1.051179250083627,0.509964473940843
2008,CHN,1,9.40610014336416,10.48183468710772,1.8624410436475647,1.1572048086031637,0.6764529122071216,1.7076338931362165,0.2817691707797109
2008,DEU,1,-5.54455451920674,1.3914213904171224,1.324070096803815,48.10776181888255,6.188949391516013,14.919936108494056,8.099824840301585e-08
2008,FRA,1,-2.82455153714783,1.728383931247586,1.0770060851408587,20.72922137937298,3.945305339038608,9.928578741917955,1.1820361961785008e-05
2008,GBR,1,-4.58740819226323,2.2518040876765375,1.3800171900530525,46.77482461007891,6.060621142951861,13.521453341255178,3.6000121133662836e-07
2008,IDN,1,4.62887118256153,4.421078152197165,2.816859365765888,0.04317794346800588,0.6643982602109647,1.9572819288267245,0.5294023565446009
2008,IND,1,7.8618888330338,5.754193228404436,2.1466142273050273,4.44238076177394,1.2668116219086873,2.164864472747963,0.8369179933502553
2008,JPN,1,-5.9359411383964,0.6570349641283901,1.3480492935587702,43.46733388846297,5.832420990466286,13.17732947903309,5.02254808088946e-07
2008,KOR,1,0.81986175641795,5.868274328039118,2.7155807121934186,25.486469493302657,3.5830408086005745,3.6459861905291184,0.03150970611644889
2008,MYS,1,-1.51352871598714,5.938038923681057,2.6177107892594775,55.525860288550255,5.978086840404611,5.932795921292756,0.0022094633227925935
2008,NLD,1,-3.66528147002826,2.5233411824613206,1.2254668115908525,38.29905033490718,5.497227142499583,13.873573235076682,2.2089063832475235e-07
2008,PHL,1,1.44832306275669,3.6256267710853067,1.7388494161767898,4.740651438301545,1.3713996728385476,2.256104440778,0.10525724822780147
2008,SGP,1,0.127953382778088,5.919146488938403,3.58743900051287,33.53791759283876,3.92841500868784,3.4993550033709067,0.05323147732755683
2008,THA,1,-0.690618232300579,4.039539111863245,2.591991664908342,22.374388500546967,3.3372719439665963,3.5365174581849783,0.034007136076398096
2008,USA,1,-2.5765002366652,2.5411511741966875,1.4662631808405793,26.190355963096664,4.290579256010837,7.392640883379719,0.00024126821930095795
2008,VNM,1,5.39789754014181,6.942540305675074,0.9654748316839967,2.38592127311425,1.0448238133161407,2.163609458944368,0.05481273081814484
2008,BGD,2,5.57178818533122,5.1946494189120695,1.155458091413955,0.14223364913615877,0.31870204435984717,1.1167031163534042,0.6279382294925336
2008,CHN,2,10.5916903885704,10.431366939755996,1.9738918331888373,0.025703608239744918,0.4664806962835534,1.6022441838671289,0.5323672993537104
2008,DEU,2,4.13463778522758,1.5563428470174412,1.3258668632904895,6.647604788400026,1.8563391310607187,3.091760474430635,0.9740890769687259
2008,FRA,2,2.00032476039051,2.1281980332996158,1.0603983195582602,0.016351573924486617,0.2539540942992496,0.9848540997155801,0.4520079548660819
2008,GBR,2,2.26054460931586,2.9221890173748606,1.454301452879482,0.4377733227157454,0.45792310754499826,1.3969570851432171,0.32457014112505694
2008,IDN,2,6.22385418062366,4.455525341680194,2.9521703775113486,3.126986882639147,1.1002782700761529,2.1808753492620685,0.7254111613957548
2008,IND,2,8.49758470165625,6.249240570341095,2.10298778677821,5.055051332819297,1.3685351331796536,2.2338053057443457,0.8574919670660838
2008,JPN,2,4.13645589222239,1.123009719323305,1.3130460309585392,9.080857836960142,2.282396563724307,3.8248103545818988,0.9891335585714386
2008,KOR,2,6.98166138853071,5.9263143990670395,2.574868510982064,1.113757268170032,0.7719202658143282,1.9487314238121383,0.6590472966781483
2008,MYS,2,7.42484738326097,5.942960950317397,2.4810771154752245,2.195987400142229,0.9227826332634481,2.00600029717636,0.7248382514237652
2008,NLD,2,1.31935287897116,2.740267013066059,1.281372305682337,2.0189969764706572,0.8707591131237825,1.7817000882408962,0.13373659722112569
2008,PHL,2,7.33449996034538,4.100024409501935,1.5968040019464365,10.461832089004009,2.3588873744843775,3.4384568545364607,0.9785967626787414
2008,SGP,2,14.5197497108994,6.328881163430972,3.5240607379814404,67.09032756190759,6.226660758392079,4.879667924510338,0.9899444853902717
2008,THA,2,7.51339053261624,4.448255997299293,2.649805234900555,9.395049719592635,1.8948241327095658,2.562447876371248,0.8763106086152714
2008,USA,2,2.69519258673525,3.08140849369003,1.5822244078052996,0.14916272678490305,0.4071821709068538,1.4075618658595597,0.40357792734321213
2008,VNM,2,6.42324482239482,7.1793668572107,1.0231623790315922,0.5717205315341061,0.4524109421097704,1.2149008737395461,0.22995200408606808
2008,BGD,3,6.46437912497728,5.201109106557551,1.1486862888874199,1.595851139438183,0.7729150777622251,1.662284671769867,0.8642798995718975
2008,CHN,3,9.46205248298186,10.378845233500478,1.998419814138691,0.8405089474034912,0.6319285590022891,1.7165251439802274,0.3232036785352951
2008,DEU,3,3.75796884489337,1.4134242984204928,1.3175625318587796,5.496889130395709,1.6407970114437287,2.7779538155927614,0.9624174833979625
2008,FRA,3,2.43757653729007,2.011454461664545,1.084227699473832,0.1815800233354059,0.31934414721908916,1.077038432369166,0.6528472722525517
2008,GBR,3,0.851437739020326,2.85325742891285,1.5094113214349376,4.0072820708414,1.280178587724458,2.2100952099853695,0.0923825179834456
2008,IDN,3,6.16978420771008,4.406255953279841,2.9421409068506037,3.1100319041737676,1.097084577489565,2.177718061676699,0.7255479306246502
2008,IND,3,5.24131620024293,6.246814442514928,2.104209453632426,1.011026715212078,0.6798604245402042,1.7770490830951857,0.31637818861674416
2008,JPN,3,-0.20035785332982,0.9551032593737783,1.34383224899011,1.3350903829702374,0.6876682641774845,1.5841138194937032,0.19494264541419004
2008,KOR,3,3.6880320602952,5.879708009624242,2.6277660841551738,4.803443466867356,1.3038385090795983,2.2328884011738936,0.20212772893751818
2008,MYS,3,5.29391283414003,5.9100277441187545,2.3491676314373073,0.37959758229809226,0.6130860193158969,1.8073922322482538,0.39655685540978625
2008,NLD,3,1.77330320575034,2.7080138832136544,1.251595341908945,0.8736840505639283,0.5587198507756642,1.4222241660691761,0.22758749882063029
2008,PHL,3,3.85823282795663,4.322075828461002,1.4451876259238212,0.21515032911689874,0.396620432008367,1.338684370461575,0.37412151076995936
2008,SGP,3,6.21493416858989,6.14251324424823,3.496256771005504,0.005244790282500479,0.8176560848286997,2.1708459670929297,0.5082630380615515
2008,THA,3,0.840132083053334,4.277198477582658,2.6243174105148714,11.813425400402807,2.1905277520103166,2.741415349317646,0.09514880836317108
2008,USA,3,1.56440685205419,2.9045422366001037,1.5651285068342116,1.7959628489120238,0.797498131949014,1.7334852706171642,0.19593079790912693
2008,VNM,3,6.41316889681683,7.172322786251691,1.0044420535145417,0.5763146278440763,0.45332842363091624,1.2089850005747886,0.224885577637932
2008,BGD,4,6.52145877906443,5.090694165193041,1.1344640191258557,2.0470873803065452,0.9028353313506745,1.8403877644092232,0.8963782022183104
2008,CHN,4,7.8578201481217,10.04576365535026,2.1157395828957126,4.787096790823613,1.324491346796578,2.203052334126826,0.1505383889226442
2008,DEU,4,0.463512036709204,1.6122376059823404,1.2175776177061872,1.3195704335018914,0.6874744017988652,1.560852333361546,0.17272497657546965
2008,FRA,4,0.183835264973013,2.26334340236769,1.065765964616725,4.32435409349068,1.4988210338078298,2.886196622715957,0.025517433545874074
2008,GBR,4,1.52826034721852,2.9692538629922707,1.5195976582198591,2.0764623125019943,0.8628070546671464,1.7869950291787071,0.17149523186508392
2008,IDN,4,6.03005065305615,4.1457780756958895,2.996206922941943,3.550483145791878,1.1579565319996687,2.214034461364193,0.735288152865833
2008,IND,4,5.45638755164772,6.394369401183594,2.101319207253086,0.8798099500587395,0.6553833028948999,1.7611303608277167,0.327662251005042
2008,JPN,4,1.64893452981225,1.1616228063066834,1.368365515710177,0.2374727158659658,0.3882919530128419,1.2959686791283516,0.6391272210908119
2008,KOR,4,2.54766550568242,5.76606160674961,2.5552452646884616,10.358073463364493,2.030176298883229,2.6502887578730094,0.10392032591974854
2008,MYS,4,5.47345419253853,5.490620779195848,2.4396456062125513,0.00029469169746320327,0.5701811136226758,1.8108160748302506,0.4971928624810866
2008,NLD,4,-0.977826121310997,2.814560755901383,1.1315826354264285,14.382198226452669,3.1541964065007315,6.6584991950095676,0.0004020192923381917
2008,PHL,4,6.89695171050985,4.398780466308052,1.4023079144002752,6.240859565356757,1.748946843775736,2.843877844136545,0.9625822518651912
2008,SGP,4,4.43549759378537,6.088287240704588,3.4569190733563,2.7317136169633534,1.1172445613151394,2.273611156539594,0.31628574452903185
2008,THA,4,7.24279620249642,4.1272438979469745,2.6083985823094733,9.70666616238336,1.9399548467782168,2.591007784384833,0.8838453050305939
2008,USA,4,2.28911339009767,3.07268764549431,1.584148154132986,0.6139886137203989,0.5217535694451885,1.501316974828248,0.31042908894519555
2008,VNM,4,5.5045447041189,7.053152810548758,0.9491811535614492,2.398187067300269,1.0540355199520102,2.1977118003573057,0.051390313768228564
2008,BGD,5,6.01360565834344,5.3105257729461455,1.0860451762910983,0.4943213252502732,0.42929924417581145,1.2110293761569952,0.7413057779198658
2008,CHN,5,7.77842954757257,10.050756688373335,2.112620637985753,5.163470634819777,1.3846077927229754,2.24532152030804,0.14105390034438586
2008,DEU,5,0.396995583779145,1.6532182143946677,1.2966342928542778,1.5780952976705838,0.7538654329207104,1.6480295284107793,0.1663141556747409
2008,FRA,5,0.781756446231,2.3440824917527507,1.1282712823007133,2.4408626725156313,1.0113368637076041,1.9983330020451355,0.08307091647985287
2008,GBR,5,1.71846961308464,2.9383953023856844,1.449593209032929,1.4882186874166283,0.7257718232066712,1.6443366213192587,0.2000159791972011
2008,IDN,5,5.5572636889101,3.989264624141379,3.0555856133572754,2.458621067115585,1.0282136886081141,2.167575508937498,0.6960796973948119
2008,IND,5,6.38610640091713,6.545931957306575,2.058759171632356,0.025544208475195472,0.48606909950515015,1.6440553530251598,0.4690604003158964
2008,JPN,5,1.99727653399265,1.2303543790118219,1.3744541156320282,0.5881695918004373,0.4876270125386338,1.3926677432387904,0.7115720344707207
2008,KOR,5,3.2913959543442,5.585271416207956,2.520171372659237,5.261864634540658,1.3688295107828286,2.257503047753671,0.18135690285417355
2008,MYS,5,4.69372252557893,5.406077506554968,2.3906145849731164,0.5074496189213723,0.6427360006477149,1.834885010808685,0.3828592705122052
2008,NLD,5,-0.0302410184270769,2.932991808315979,1.2448771767229738,8.780748785487642,2.2680714999214255,3.970988272695054,0.008648299725225001
2008,PHL,5,6.75053130142255,4.528452496743028,1.3584011929319921,4.937634214205973,1.513685804026419,2.5631751537358665,0.9490597466112135
2008,SGP,5,4.81763099120676,5.996437341893755,3.461878442827794,1.3895844124199923,0.9676279649115995,2.2187236162890773,0.3667360158922174
2008,THA,5,2.68749556320556,4.000178958624047,2.483810701647621,1.723137696607407,0.8509529779193388,1.9683863652947484,0.2985776486343752
2008,USA,5,2.11783009443471,3.108278255244336,1.6091716948641681,0.9809875592511713,0.6118629137631356,1.5840793704126002,0.2691116728130593
2008,VNM,5,5.55351081026072,7.066761138240113,0.8913367177522854,2.289926555129741,1.043149257980818,2.2450514626136306,0.04477923487110932
2009,BGD,1,5.57178818533122,4.383290564415475,0.9640448493465543,1.4125265949223869,0.7456806888667871,1.642248571228089,0.8911792811943731
2009,CHN,1,10.5916903885704,9.613653704023466,1.7441837987787987,0.9565557563195591,0.6208397577932552,1.6324409003036253,0.7125132010484294
2009,DEU,1,4.13463778522758,0.12948367124993343,3.123081127501885,16.04125947671207,2.5383049365344363,2.8800806396981233,0.9001552660663752
2009,FRA,1,2.00032476039051,0.8370482230730886,2.1192982849629605,1.35321230227321,0.7437935879260448,1.8206675449906495,0.7084619422383214
2009,GBR,1,2.26054460931586,1.0905381917193946,3.0785479489517895,1.3689150172169142,0.8947311100928405,2.1156161022166984,0.6480463646803045
2009,IDN,1,6.22385418062366,3.838411590744421,2.5127098249181956,5.690336349609772,1.4284623861379306,2.2909336001341547,0.8287788378573968
2009,IND,1,8.49758470165625,6.438923497062364,2.0891849798052564,4.238085955299948,1.2378816106783146,2.141208918211311,0.837783638153011
2009,JPN,1,4.13645589222239,-0.5849206290146499,2.9895045739222854,22.29139625528837,3.1806131081610878,3.261167900667743,0.9428683609538818
2009,KOR,1,6.98166138853071,5.2239508345984325,3.1717032294640255,3.089546391404913,1.12017102249038,2.226767815170461,0.710273900114627
2009,MYS,1,7.42484738326097,4.893451856197861,3.918599016564742,6.407963314435118,1.5463604560719364,2.4933275250169147,0.7408587160767937
2009,NLD,1,1.31935287897116,1.2249504967420473,2.7768922985132676,0.008911809770531489,0.6502259745551938,1.9408488110048054,0.5135597079937252
2009,PHL,1,7.33449996034538,2.9327744590199987,1.8330530242382441,19.375187389018187,3.377470266265329,4.408062283485309,0.991831717610556
2009,SGP,1,14.5197497108994,5.140239265553676,4.022057026678467,87.97521619434956,7.137113860809407,5.02988659511975,0.9901501348204137
2009,THA,1,7.51339053261624,3.4572620822517273,3.050252227043018,16.452178005856425,2.595829629687678,2.9183045667323104,0.9082026737886324
2009,USA,1,2.69519258673525,1.6862584020057167,2.4618578992654703,1.0179481891158484,0.7380109671492366,1.9038336515631111,0.6590333245257229
2009,VNM,1,6.42324482239482,5.9215206853789,1.086613180345158,0.25172710966436945,0.3447482413487231,1.1086024635824376,0.6778632596797951
2009,BGD,2,6.46437912497728,6.391950698219412,1.016238204511516,0.005245877002619927,0.23954825460487297,0.9375860938338805,0.5284090069319839
2009,CHN,2,9.46205248298186,11.640817295208185,1.8611329239545304,4.747016106995611,1.3504402717578738,2.225353235707819,0.1208665525347779
2009,DEU,2,3.75796884489337,1.9481329921489805,3.2463606533934533,3.275505813879011,1.1510718676256757,2.251874474519535,0.7114059961896961
2009,FRA,2,2.43757653729007,2.778986232439074,2.2300641398236025,0.11656057994173569,0.5419659982165551,1.7326877844894768,0.43916202848949587
2009,GBR,2,0.851437739020326,3.4278881420630722,3.3269599510750454,6.638096679339129,1.5359639299305627,2.4208574201271995,0.21934246702379095
2009,IDN,2,6.16978420771008,6.264613762240832,2.590778617702716,0.008992644412500831,0.6068365321930201,1.8715668680331188,0.4854008857990629
2009,IND,2,5.24131620024293,7.4238994430342,1.9902786518939561,4.763669611713255,1.334661844895497,2.2085030313926297,0.13640334554463313
2009,JPN,2,-0.20035785332982,1.741182124198281,3.129766203509729,3.769577484339819,1.1970718890546135,2.252311822268995,0.26751479433407155
2009,KOR,2,3.6880320602952,6.789631287403645,3.0815482217436694,9.619917765599702,1.870172205887992,2.5508986383977135,0.1570859221006074
2009,MYS,2,5.29391283414003,7.0011880221373906,3.8267613423490134,2.914788567551424,1.1932218027341632,2.360478278618519,0.32774769380478275
2009,NLD,2,1.77330320575034,3.15068963332255,2.937821026436367,1.8971933708601345,0.9395664093989925,2.1065151043305876,0.3195897623446073
2009,PHL,2,3.85823282795663,5.318821179777142,1.7683389968663181,2.1333183334737607,0.868931594229197,1.8300893526246993,0.20441161512320732
2009,SGP,2,6.21493416858989,7.499458204250471,3.965367245286496,1.6500019981897465,1.0912510563834863,2.349004176371796,0.37299335562777186
2009,THA,2,0.840132083053334,5.557852133159299,3.088472695510408,22.256882471171835,3.1452026137452265,3.213281935077662,0.0633152257379292
2009,USA,2,1.56440685205419,3.6371699136134157,2.666638226703848,4.296346709364373,1.2354272619214657,2.2018504427834182,0.21849253792251072
2009,VNM,2,6.41316889681683,8.150572423999472,1.1739505219756476,3.0185710162666854,1.1470868921526536,2.1744585901530757,0.06944153888339749
2009,BGD,3,6.52145877906443,6.140809232241118,0.9966695144138397,0.14489407749679278,0.2902193642212315,0.9885345171185004,0.648740215348552
2009,CHN,3,7.8578201481217,11.785165084458592,1.8644375098568868,15.424038248971028,2.8991419596950316,3.760464353038622,0.01758262833592032
2009,DEU,3,0.463512036709204,0.262676663816545,3.255068737575021,0.040334847004933394,0.7656350988936759,2.1010553262874123,0.5245988403171205
2009,FRA,3,0.183835264973013,1.3717153470937404,2.3123402217287743,1.411059089499146,0.7786129973104045,1.889149339892069,0.3037262023297178
2009,GBR,3,1.52826034721852,1.689975904006788,3.4677197390996835,0.02615192130733953,0.8133967766096308,2.1635231661730643,0.48140224669816184
2009,IDN,3,6.03005065305615,6.2948891205274595,2.541803049100111,0.07013941385255201,0.6050052119040529,1.8572403305515992,0.4585080347742281
2009,IND,3,5.45638755164772,7.626050904872658,2.0167693471418673,4.707439066327282,1.3220982659665437,2.199120461208993,0.14100581765964337
2009,JPN,3,1.64893452981225,-0.22692195012717775,3.225770547611014,3.5188375333307405,1.1771719439046135,2.259194291749822,0.7195556460207987
2009,KOR,3,2.54766550568242,5.816367613040147,3.1315855330474016,10.684413466644848,1.9816361947010463,2.6052215666028173,0.14829242900344897
2009,MYS,3,5.47345419253853,4.8370347704667,3.7923063113935127,0.4050296807902421,0.9287514511814965,2.2659944288697633,0.566636993518714
2009,NLD,3,-0.977826121310997,1.7771345468719115,3.0015894928646065,7.589808283234818,1.6449483696159433,2.439290070285371,0.17935290895981298
2009,PHL,3,6.89695171050985,4.692416897402382,1.8005138897535784,4.859973742202776,1.3808288191245373,2.256578543711768,0.8895978082288645
2009,SGP,3,4.43549759378537,5.669278213116197,4.117111879933537,1.5222146166363588,1.1085547993883398,2.3789919202336707,0.38221391373716246
2009,THA,3,7.24279620249642,4.3001224503891144,3.109998015583816,8.659328811341288,1.7615782791629002,2.5012059032114324,0.827976184646513
2009,USA,3,2.28911339009767,2.1459542381177945,2.742138372765299,0.020494542795597124,0.6438049532002164,1.9290393690281586,0.5208181708449953
2009,VNM,3,5.5045447041189,7.977334819277536,1.17448290921478,6.114690953626261,1.8251266467645184,3.296181674189882,0.017627000514942832
2009,BGD,4,6.01360565834344,5.842343004419519,0.978821284836127,0.029330896629064976,0.24066972923192345,0.9128392768460736,0.5694477119032803
2009,CHN,4,7.77842954757257,11.716189064629317,1.7591380482631984,15.505950014170981,2.960674446217792,3.989113250362631,0.012595548366926654
2009,DEU,4,0.396995583779145,1.0440289319988691,3.351554873594989,0.4186521537084268,0.8329203446739034,2.146997967156636,0.42345807314294925
2009,FRA,4,0.781756446231,1.8668627636337367,2.394612466281889,1.1774557200673288,0.7524839365912037,1.8948300710286732,0.32522221924002903
2009,GBR,4,1.71846961308464,2.343557640089828,3.459505997207985,0.3907350415052386,0.8534056523930369,2.1763882466313316,0.4283066013858089
2009,IDN,4,5.5572636889101,6.034820716813474,2.5518163735829815,0.2280607148999038,0.6318972086402179,1.8732553735364483,0.42577387993166704
2009,IND,4,6.38610640091713,7.007110059518864,1.972236933126036,0.3856455439967379,0.5382717186520589,1.6476793538516883,0.3764291377388393
2009,JPN,4,1.99727653399265,0.5919284883183922,3.272688759080458,1.9750031294804558,1.0019322747843473,2.1967498918914456,0.6661900918896692
2009,KOR,4,3.2913959543442,5.950136585020693,3.109150686044652,7.068901741210034,1.5821398780778726,2.418915255956981,0.19623846951712076
2009,MYS,4,4.69372252557893,5.463314970328016,3.7622733727031488,0.5922725310148748,0.9418094476061345,2.264883335746845,0.41895984447256174
2009,NLD,4,-0.0302410184270769,2.3893001033164882,3.0585345767839596,5.85417923980811,1.4408960253263263,2.3497770802289484,0.21444907543067498
2009,PHL,4,6.75053130142255,4.872402074375756,1.821746312186021,3.527369393487385,1.1364052395947188,2.0501629621457553,0.8487178490139066
2009,SGP,4,4.81763099120676,6.0801798419666415,3.9587994806495033,1.5940296005550985,1.0844397590162664,2.345735020659313,0.37489277285377465
2009,THA,4,2.68749556320556,4.381681159826241,3.0775850495888077,2.870264835796971,1.0821650912673617,2.1946044058141716,0.29099102051452463
2009,USA,4,2.11783009443471,2.632152286529786,2.7443748560767753,0.2645273172814845,0.6796880790912773,1.9460530220496521,0.42566974839758587
2009,VNM,4,5.55351081026072,7.719619745315414,1.1050759029977422,4.692027918523779,1.563503653496656,2.9399366411933716,0.024989426159902375
2009,BGD,5,6.0610593588495,5.302736006146417,0.9738988868232289,0.5750543072548439,0.45193988388153705,1.195636240469578,0.7819061292580323
2009,CHN,5,7.46100735778161,10.5596069952809,1.8751261518091342,9.601319713510732,2.1176088912321673,2.9129517686481936,0.04921884884849301
2009,DEU,5,2.18018602168017,1.7347783896292261,3.330694170682734,0.19838795868922904,0.8020935665634132,2.1310608866929877,0.5531912351018529
2009,FRA,5,0.997832947295251,2.242765991025389,2.382856010061907,1.5498582833711863,0.8105966879807551,1.9237174822207228,0.30067707625582923
2009,GBR,5,3.16017351468152,2.849574284760589,3.385262873457552,0.09647188162747537,0.8024798607348863,2.142579163031333,0.5365518244302065
2009,IDN,5,5.006668425755,3.9797461762771507,2.7346191208588144,1.0545693064726454,0.7911307299871468,1.995440815867566,0.6463655701282195
2009,IND,5,7.41022760516977,6.383860608889382,1.9852821755887669,1.0534292110536265,0.6710451501152255,1.7383378703058412,0.697417720707294
2009,JPN,5,0.905915486065865,1.3115349133996077,3.2656040606628824,0.16452711983055335,0.7832289087802387,2.1100973041330353,0.4505746542520771
2009,KOR,5,3.21468019683108,4.712816453200601,2.994201927614256,2.244412242648883,0.9926856574468472,2.1407892036873517,0.30841581710849253
2009,MYS,5,6.00672194558203,5.246467587730088,3.6490544515687873,0.5779866886328695,0.9157279971872362,2.235109981798226,0.582519356950457
2009,NLD,5,1.61255885112396,2.921767211094379,3.0611597082535127,1.714026529816434,0.9354126405769276,2.129189075498563,0.33444067965495217
2009,PHL,5,6.34798748260867,4.6339772700668345,1.7847030849570613,2.937831008697709,1.0276041735838595,1.9593646502220485,0.8315704050607098
2009,SGP,5,3.93554027709007,5.721211263591631,3.853168259445757,3.1886208720334563,1.2248196145260095,2.3752176157150275,0.3215283481048735
2009,THA,5,0.984468863619426,3.9760213705855465,2.9347558630061736,8.949386401935282,1.807057034872343,2.515103180045955,0.15401768000398902
2009,USA,5,2.52381981757846,2.951162276309385,2.7124706952954587,0.18262157703419246,0.6606948071903206,1.9292090257186012,0.4374067631092946
2009,VNM,5,6.42224312118567,6.902168999950439,1.0208949467618647,0.23032884910813586,0.3269635537695248,1.0501166366903865,0.3191406799126716
2010,BGD,1,6.46437912497728,5.176178859122818,0.9229647321977291,1.659459924947506,0.835800555251797,1.8127913311155601,0.918600573949429
2010,CHN,1,9.46205248298186,11.048151236269506,1.5954223290121545,2.515709255180623,0.9547964965365263,1.880250138733945,0.16007345171513293
2010,DEU,1,3.75796884489337,1.498206263217149,3.184293962779248,5.106526925543981,1.358365465933044,2.3289770059514936,0.7610421605383642
2010,FRA,1,2.43757653729007,1.5723955137756334,1.987341360482479,0.7485382034494885,0.6123655258975091,1.700499329431969,0.6683443337468209
2010,GBR,1,0.851437739020326,2.0703949597655513,2.855075547808827,1.4858567060069239,0.8717397082366448,2.0591774040900774,0.33471007788833806
2010,IDN,1,6.16978420771008,4.796293686417977,2.3380843064085415,1.8864762120792533,0.8593371858334901,1.9408149085269852,0.72154678319634
2010,IND,1,5.24131620024293,6.24389993835364,1.9209049751352356,1.0051741519240445,0.6530519303322141,1.7079419889955167,0.3008584828196895
2010,JPN,1,-0.20035785332982,0.933907757480724,3.208211049890442,1.2865584758674165,0.9080809749156608,2.1471510967908842,0.3618377725784478
2010,KOR,1,3.6880320602952,6.150507994336335,2.9378281566616837,6.0637877257317605,1.4649631998683323,2.3478954220537727,0.2009603047107329
2010,MYS,1,5.29391283414003,6.226042338562362,3.6740004063840037,0.8688654130146225,0.9524385783989323,2.252403934026198,0.39985992368195844
2010,NLD,1,1.77330320575034,2.090302163481901,2.582165311146217,0.10048833920289589,0.6189449546476278,1.8751024437060397,0.4511466821521875
2010,PHL,1,3.85823282795663,4.06632759887793,2.2740852644306657,0.043303433684788194,0.539033719535405,1.7447031907439436,0.46354486334468636
2010,SGP,1,6.21493416858989,6.9224683022923275,5.186325595363011,0.5006045503540586,1.250466108773902,2.574269620313723,0.4457434433214873
2010,THA,1,0.840132083053334,4.905219270171234,3.1726155673792027,16.52493383887012,2.57569060779382,2.8943657276675188,0.10004333414800493
2010,USA,1,1.56440685205419,2.4155410349509276,2.2795184311854357,0.7244293972952972,0.6580429117600798,1.812610295074012,0.354431582262691
2010,VNM,1,6.41316889681683,7.273401764369567,1.0045146973441355,0.7400005864180049,0.5119156120312535,1.2901249735574396,0.1958975079311887
2010,BGD,2,6.52145877906443,4.954334572750827,0.9211410988753701,2.455878278014041,1.0810118465155945,2.2839830471539013,0.9555553268199672
2010,CHN,2,7.8578201481217,10.244361616412261,1.6682422988697627,5.6955801798704675,1.5596718425134866,2.453977853281701,0.0762763943538392
2010,DEU,2,0.463512036709204,0.8958067569027466,3.1115213498672074,0.1868787251072133,0.7510690135984142,2.0637015860531047,0.4447513278251486
2010,FRA,2,0.183835264973013,1.4982502713289798,1.976863308711932,1.727686808933756,0.7983414144714448,1.8214954658045863,0.2530574555985847
2010,GBR,2,1.52826034721852,2.1116674043102113,2.953357200128197,0.3403637942643878,0.7360124788537502,2.02139217480629,0.4217023752845283
2010,IDN,2,6.03005065305615,4.070513184880524,2.329610505557581,3.8397870891841404,1.1657851104979404,2.118401080592422,0.7998663141365349
2010,IND,2,5.45638755164772,6.106708023793812,1.9010753566292435,0.42291671649231577,0.5321657702777989,1.6198677101561103,0.3661452225494448
2010,JPN,2,1.64893452981225,0.36823854123467037,3.0967558027306556,1.6401822151587035,0.9320333552620743,2.1348097397948043,0.6604020099048324
2010,KOR,2,2.54766550568242,5.298153472683212,2.7804880399432568,7.56518405661615,1.6546788592502597,2.430833707074501,0.16128008085314022
2010,MYS,2,5.47345419253853,5.189063689811296,3.4421683819217064,0.08087795804144901,0.8137857703577368,2.1584531470098485,0.5329229836649455
2010,NLD,2,-0.977826121310997,2.0912806388516185,2.661725195514579,9.419416305275867,1.895967493329401,2.5626771263148553,0.1244445824908304
2010,PHL,2,6.89695171050985,3.636562876384951,1.923864561710259,10.630135349686316,2.2462434702291763,3.009292241652865,0.9549345947542089
2010,SGP,2,4.43549759378537,5.258306700802098,4.865992768310629,0.6770148265896658,1.1925317899626333,2.515505644488961,0.4328614389550136
2010,THA,2,7.24279620249642,3.716765861503714,2.986587727165015,12.43288996560114,2.1896772090497656,2.710003864044191,0.8811234844821056
2010,USA,2,2.28911339009767,2.412595377777179,2.3665865269778217,0.015247801281282362,0.5556291672153751,1.7817483991173697,0.47919372823245854
2010,VNM,2,5.5045447041189,6.8648823144174145,1.119758079252691,1.8505184139926725,0.8504450368410025,1.7699809216759481,0.1122117372291822
2010,BGD,3,6.01360565834344,5.078503559462905,0.907680794160585,0.8744159353307827,0.5657431180821774,1.3527426488814096,0.8485443510389858
2010,CHN,3,7.77842954757257,10.113657399983238,1.664252340505963,5.453289122674536,1.5174746872060965,2.4127566045041524,0.08028317452361516
2010,DEU,3,0.396995583779145,1.0840167702214447,3.2441945488023936,0.4719981106205851,0.8159781682419298,2.118228782418169,0.41614346475235925
2010,FRA,3,0.781756446231,1.7683556065171888,2.0661338451919806,0.9733779030774128,0.6672996881224015,1.758625491305709,0.31649957185097083
2010,GBR,3,1.71846961308464,2.4709560402195976,3.0801715391231514,0.5662358230223339,0.7927966114209263,2.0737651094130354,0.4034991763515121
2010,IDN,3,5.5572636889101,4.028821705713156,2.420526231326042,2.336134895999008,0.9383968669336507,2.002288233102491,0.7361269277103283
2010,IND,3,6.38610640091713,6.3245428535689845,2.020566566527653,0.0037900703620874087,0.4729445144487656,1.6227806472332138,0.5121532756734101
2010,JPN,3,1.99727653399265,0.6255666782950948,3.3182781546390654,1.8815879282178074,0.9985130016872624,2.203826069681229,0.660335890828762
2010,KOR,3,3.2913959543442,5.446257426244184,2.8973013132070116,4.643427963078965,1.2885390643924601,2.2592986488146956,0.2285145333263809
2010,MYS,3,4.69372252557893,5.276581106023678,3.5243934839165014,0.33972412479806696,0.8620005824296207,2.192321902135646,0.43432307413503013
2010,NLD,3,-0.0302410184270769,2.3796415538037206,2.694131554953576,5.8075340119417245,1.4365141459063788,2.310073556851983,0.1855290117406554
2010,PHL,3,6.75053130142255,4.090511426928893,2.1451316291005424,7.075705732701247,1.6713497549175862,2.4509721988557214,0.8925171871668485
2010,SGP,3,4.81763099120676,6.324834865808227,5.310631428216544,2.2716635196136754,1.4105822302948896,2.62892298878804,0.38827845935146266
2010,THA,3,2.68749556320556,3.7225004796686143,3.247570565353245,1.0712351771026938,0.8894323639060541,2.1476309866005696,0.37497651958419365
2010,USA,3,2.11783009443471,2.6691776959456033,2.4449592103269264,0.30398417769181485,0.6207664443824498,1.8383929558125425,0.41079368337300015
2010,VNM,3,5.55351081026072,6.906593377696771,1.0599273374331828,1.8308324342993347,0.856501656722652,1.7919677723271388,0.10087519543548779
2010,BGD,4,6.0610593588495,5.139110762662443,0.8919415806956971,0.8499892140112844,0.5580695030502103,1.338792151414385,0.8493483045799182
2010,CHN,4,7.46100735778161,9.730346245025991,1.5942303314951514,5.149898985159567,1.4808924707315112,2.3984628773407684,0.077299991182386
2010,DEU,4,2.18018602168017,1.3058299738796473,3.289879284016159,0.7644984983253501,0.8609921740005892,2.145106642198151,0.6047923909102618
2010,FRA,4,0.997832947295251,1.9694502479146998,2.129199273293466,0.9440401788630244,0.6714587139479188,1.7788030049957255,0.324076381474402
2010,GBR,4,3.16017351468152,2.463141751975234,3.07230608215607,0.4858532782214323,0.7808018510644199,2.067103283802287,0.5897398224901618
2010,IDN,4,5.006668425755,3.896268970488065,2.4287262247993495,1.232986950257105,0.766655946827297,1.9108187174701854,0.6762342535440269
2010,IND,4,7.41022760516977,6.473460018295531,1.9728622281793413,0.877533511818186,0.6352380867961931,1.7111541087996696,0.6825447362945457
2010,JPN,4,0.905915486065865,0.7432140252948825,3.3362088778260577,0.026471765337011583,0.7828201117692304,2.1249628058349086,0.5194480543970924
2010,KOR,4,3.21468019683108,5.441470828834912,2.882711400561206,4.958596518780024,1.327711771072863,2.27602011915828,0.2199198455701754
2010,MYS,4,6.00672194558203,5.015234143131018,3.531607531528663,0.983048062409138,0.9356436782931024,2.220101097697321,0.6105477261562009
2010,NLD,4,1.61255885112396,2.5215912617979988,2.7438082248334172,0.8263399236558544,0.7602747635820709,1.9831662527283789,0.3702077419453464
2010,PHL,4,6.34798748260867,4.205032174998211,2.1183570120192075,4.592257450415839,1.293047719888983,2.181258714833238,0.8441381895423208
2010,SGP,4,3.93554027709007,5.5923542628222735,5.352773486462856,2.74503258331783,1.4538857295604184,2.644456044642288,0.37846132829376367
2010,THA,4,0.984468863619426,3.6104579404994066,3.2503851752170356,6.895818631892974,1.5627726054722402,2.4240639622501274,0.20957381937772024
2010,USA,4,2.52381981757846,2.7077896705685367,2.444764448024203,0.0338449068091904,0.5768494570348217,1.8157186333486584,0.4700076852842769
2010,VNM,4,6.42224312118567,6.85972394075573,0.9979706898777129,0.1913894674916911,0.30852728189163786,1.0129914690205508,0.33055889673469674
2010,BGD,5,6.55263987816197,5.285883075685855,0.8712133257940838,1.6046727966195107,0.8318894283469966,1.8381491950201634,0.9270288559906676
2010,CHN,5,6.98162255562367,9.653766318228687,1.6729089550216918,7.140352288028896,1.8065650511178664,2.709192183067297,0.05509900663829369
2010,DEU,5,1.66300602334775,1.2560949525820695,3.2754530275847333,0.1655766195116726,0.7855978571631378,2.113111326660969,0.5494336014378762
2010,FRA,5,1.06675474783462,1.974421402547577,2.122325363594551,0.8238587560778103,0.6485229264473427,1.762904075913534,0.33444367869839764
2010,GBR,5,2.14040560033371,2.3289623384038736,3.010303185866649,0.0355536434716602,0.7082029630988571,2.022941037832086,0.47502773283669075
2010,IDN,5,4.87632230022123,4.062677888452158,2.578687537929956,0.6620172288030395,0.7042040241870892,1.9159976019491642,0.623819056414776
2010,IND,5,7.99625378567987,6.454136178516335,1.986146817609524,2.378126714323786,0.9192037513780167,1.9065621245292421,0.7812544573110283
2010,JPN,5,1.79997735783475,0.8034677244704863,3.338144992923019,0.9930314493877792,0.8979115375286464,2.1689114790981456,0.6173475963598621
2010,KOR,5,2.92029267301234,5.627146598200888,2.8062487384082004,7.327058172308648,1.623606413175458,2.4159953095387237,0.16737738569326194
2010,MYS,5,5.09153242155011,5.001907076679087,3.4603433275894795,0.008032702443249834,0.8095908921028725,2.160641768336722,0.510331732651054
2010,NLD,5,2.12064007193544,2.5038099360199984,2.7490924141581172,0.14681914474257882,0.663720736744539,1.9399228205206012,0.4445747419470989
2010,PHL,5,6.34830971672761,4.27316666748615,2.082523153440308,4.306218674815146,1.2495660921967815,2.1489811974974944,0.8404857239827819
2010,SGP,5,2.97679931634806,5.3395843567432815,5.348853183400849,5.582753147115449,1.659746743973156,2.693386392605578,0.32933985518522524
2010,THA,5,3.13404724911635,3.5959766489798524,3.167768085563443,0.21337877045825543,0.7671164628501288,2.082597786591835,0.44203106342092824
2010,USA,5,2.94555045227337,2.6524216402531895,2.4188074563627695,0.08592450043636243,0.5794176596201244,1.8095563494927664,0.5482286694428462
2010,VNM,5,6.98715430598611,6.852610296740747,0.9151033576313966,0.018102090423816244,0.2217325381741372,0.8410285983097567,0.5584442607662481
2011,BGD,1,6.52145877906443,5.254084118764827,0.9748355917943542,1.6062385295695336,0.8061300182617499,1.738569965810933,0.9032150529501016
2011,CHN,1,7.8578201481217,10.663026978387903,1.5670343769315525,7.869185360572155,1.966965734380684,2.9704193727366692,0.03671591359722214
2011,DEU,1,0.463512036709204,1.4714353741896142,3.0137631215931866,1.0159094542376488,0.8375411815359012,2.078053138705333,0.36902372989361454
2011,FRA,1,0.183835264973013,1.682438530940854,1.8191660120804782,2.2458117487694795,0.8915646821555305,1.8566282784995147,0.20503061726289246
2011,GBR,1,1.52826034721852,1.9122689859429904,2.5792891264807,0.14746263461502077,0.625533130124019,1.8775352241337184,0.4408235383815605
2011,IDN,1,6.03005065305615,4.888510546764639,2.152869654015543,1.3031138142720335,0.7390886739095407,1.826318052961549,0.7020276322318454
2011,IND,1,5.45638755164772,6.229812000289616,1.749710384062813,0.5981853777570214,0.5431095210440713,1.5760840648814285,0.32923375527191945
2011,JPN,1,1.64893452981225,0.5735073246347577,2.8973046397495574,1.156543673635872,0.8345314796650962,2.0516074259050847,0.6447489943888142
2011,KOR,1,2.54766550568242,5.650010275512953,2.7712212099087523,9.624543070894862,1.9047455968852,2.564851652969328,0.13146632068015757
2011,MYS,1,5.47345419253853,5.8231546585469,3.2824475800571853,0.12229041592647115,0.7819404093789384,2.113202903325923,0.45757834996706487
2011,NLD,1,-0.977826121310997,2.0949474074887484,2.29762831316162,9.44193715929244,1.9696072290070383,2.645091926659762,0.09055134701112788
2011,PHL,1,6.89695171050985,3.8320938018509936,2.0198122204738578,9.393354000268737,2.039072672702346,2.7731905876380205,0.935416816055106
2011,SGP,1,4.43549759378537,6.547247107945086,4.615806746424355,4.459486010553798,1.457537641642982,2.5530800974335133,0.3236544556264599
2011,THA,1,7.24279620249642,3.8612753135398936,3.291979112403794,11.434683522449335,2.0449375809977632,2.6379973737862734,0.847836846986834
2011,USA,1,2.28911339009767,2.3492238231924496,2.0499408906330587,0.00361326416684196,0.47976402255717504,1.6371794115002547,0.4883034885379265
2011,VNM,1,5.5045447041189,7.008260042752887,0.9442184626431094,2.261159819643127,1.0156648821939231,2.129648948233082,0.05563056207866805
2011,BGD,2,6.01360565834344,5.396608645677854,0.8193617143976553,0.38068531363825775,0.36854808574612286,1.003229607414557,0.7742815121433902
2011,CHN,2,7.77842954757257,10.516372115034008,1.6112315448258576,7.496329502717327,1.8879369159685495,2.8397231349961,0.04463269193338345
2011,DEU,2,0.396995583779145,1.4443817533424395,2.9355656421566225,1.09701778819247,0.8335496202904366,2.0594889362983047,0.36062378415378205
2011,FRA,2,0.781756446231,1.9025504191228608,1.7967373839113139,1.2561791296707212,0.6901025189195975,1.699470456855104,0.26638144516372697
2011,GBR,2,1.71846961308464,2.4155344932888396,2.7248568673419316,0.4858994472140952,0.707539746954532,1.954075618990037,0.3990460490189591
2011,IDN,2,5.5572636889101,4.785278403396321,2.102063812240183,0.5959612810497918,0.6030925640948602,1.72929485496666,0.6432841438148814
2011,IND,2,6.38610640091713,6.461418402176255,1.9022870863055465,0.005671897533654389,0.44574427637210023,1.562779118639967,0.48420990456307655
2011,JPN,2,1.99727653399265,0.869631447112736,2.9129416687692182,1.2715834419644088,0.852747043053529,2.063031220444543,0.6506646759008877
2011,KOR,2,3.2913959543442,5.607641034840865,2.705368621360889,5.364991272925003,1.3783662189847092,2.280686962295036,0.19595293712567757
2011,MYS,2,4.69372252557893,5.750161919158415,3.152298445503068,1.1160641923065893,0.8766136520545639,2.123227465915445,0.3687623612227342
2011,NLD,2,-0.0302410184270769,2.337881035011894,2.374089481192013,5.608002059984009,1.4261794224414543,2.2810421150471285,0.1592642274130298
2011,PHL,2,6.75053130142255,4.251277347496961,1.8951594512589236,6.246270326212689,1.5958216891980812,2.4278009403669607,0.9063747440081511
2011,SGP,2,4.81763099120676,6.580906930342734,4.526850654344563,3.109142037535853,1.3284922310762872,2.5048259534897097,0.34844763231907183
2011,THA,2,2.68749556320556,4.2009640767967635,3.27384139326399,2.2905869416319664,1.0393387740164626,2.211759206609674,0.3219362057273054
2011,USA,2,2.11783009443471,2.698203439073179,2.192211869214694,0.3368332191668433,0.5732508304213098,1.7388940534948165,0.39560361985982273
2011,VNM,2,5.55351081026072,7.104100442915123,1.065608722729691,2.4043282088953166,1.0185176182809366,2.0411733053549743,0.0728178828922366
2011,BGD,3,6.0610593588495,5.4680645236087715,0.8768553536452764,0.35164287462217836,0.35907382598405435,1.0161988373605533,0.7505667809634262
2011,CHN,3,7.46100735778161,10.507043545809173,1.5900287229700794,9.278336458773488,2.18270274364729,3.217665742786448,0.027700918796648107
2011,DEU,3,2.18018602168017,1.4831380757962598,3.081122128208556,0.48587583886097874,0.7826867937571482,2.0698228151833455,0.5894894483432408
2011,FRA,3,0.997832947295251,1.894632954617693,1.867703500223604,0.804250253133532,0.6050351299135892,1.658925845850546,0.31555614831166257
2011,GBR,3,3.16017351468152,2.347550466291979,2.774972423379842,0.6603562187739105,0.7427601782355021,1.9824569887108046,0.6151777909560553
2011,IDN,3,5.006668425755,4.894696162591702,2.1711524165040883,0.012537787717910863,0.5096906823138534,1.6955265006815519,0.5205654267031065
2011,IND,3,7.41022760516977,6.546998278599969,1.893435354969502,0.7451648702501521,0.5968268154634894,1.6612566905497488,0.6757713621907238
2011,JPN,3,0.905915486065865,0.737489675649601,2.9724712081636993,0.028367253614375313,0.6984578082374892,2.009937481062428,0.5225927301921901
2011,KOR,3,3.21468019683108,5.639395205319067,2.6980105294430134,5.879242872386899,1.4457416913824754,2.315288350848849,0.1844049602815898
2011,MYS,3,6.00672194558203,5.760506894013116,3.147832526466325,0.06062185161908292,0.7433116796700284,2.0687116376240313,0.5311724110507761
2011,NLD,3,1.61255885112396,2.3366024437339,2.402146568414795,0.5242391239995088,0.6477806464041375,1.8407268488022912,0.38154893596794404
2011,PHL,3,6.34798748260867,4.434685119206979,1.9396357083844569,3.6607259337984956,1.1506261707203607,2.067954430766707,0.838037346102126
2011,SGP,3,3.93554027709007,6.619611851351613,4.720686468529115,7.204240215758838,1.6961401548254664,2.632532400859183,0.28482177498704964
2011,THA,3,0.984468863619426,4.022025062904393,3.2652867957320977,9.226747663814535,1.8156069473882435,2.534975260151695,0.17611899407327852
2011,USA,3,2.52381981757846,2.580794750646989,2.1887848473116027,0.0032461429981633554,0.512099655013905,1.7026238495167947,0.4896165476742523
2011,VNM,3,6.42224312118567,7.154477614594481,1.003991176197721,0.5361673533376577,0.4387129699105355,1.1888782475470407,0.23290185922967582
2011,BGD,4,6.55263987816197,5.405053151667444,0.9577234025887537,1.3169552948264227,0.7150979387158504,1.5936371160267364,0.8845890621497831
2011,CHN,4,6.98162255562367,10.370335997063416,1.4233172224299435,11.483378788194402,2.593895393740891,4.10616655369823,0.008636229689920434
2011,DEU,4,1.66300602334775,1.4895321319896457,3.1173632709107384,0.03009319098292334,0.7323622992555349,2.057474401848772,0.5221887417174838
2011,FRA,4,1.06675474783462,1.991063484995183,1.9135916969141606,0.8543466415913546,0.6219256433407407,1.6845760718250262,0.3145397147811182
2011,GBR,4,2.14040560033371,2.422440507047825,2.780756584192432,0.07954368860523943,0.6612508391656913,1.9468049703287247,0.45960702110099855
2011,IDN,4,4.87632230022123,4.798863366296157,2.304253859870422,0.005999886444808872,0.5395312336356559,1.7542604573300906,0.5134081688652318
2011,IND,4,7.99625378567987,6.6250270176502495,1.852829015802475,1.8802628493609583,0.8203324294019891,1.8095054417057956,0.7703718287041962
2011,JPN,4,1.79997735783475,0.8896300261446446,2.994762045640315,0.8287322643152948,0.809416738418594,2.062005187129806,0.6194283805266447
2011,KOR,4,2.92029267301234,5.609646583201702,2.653547304330716,7.23262445425081,1.623167821124444,2.408420789437074,0.1554121628115268
2011,MYS,4,5.09153242155011,5.491640835650434,3.1417738424007746,0.16008674303387577,0.7545171439527991,2.071835245320884,0.44933125131016916
2011,NLD,4,2.12064007193544,2.4095746904831485,2.4407070965122983,0.08348321379530976,0.5840107047421367,1.8182334164445655,0.4528826834360826
2011,PHL,4,6.34830971672761,4.595149965498087,1.8978729704090773,3.0735691133311636,1.0473008027859663,1.9863291370567988,0.8221916978803396
2011,SGP,4,2.97679931634806,6.398848257245708,4.758092067547153,11.710418953898717,2.0535715513672,2.7374140174394244,0.236006964159459
2011,THA,4,3.13404724911635,4.019439857379227,3.1659638117270514,0.783920070766541,0.8380126010950654,2.1105008486825114,0.3898692855271498
2011,USA,4,2.94555045227337,2.661220168928478,2.2041182651222964,0.08084371002698668,0.5297037068105583,1.717586525429069,0.5513210009589951
2011,VNM,4,6.98715430598611,7.090422457488044,0.9000544851324352,0.01066431111462649,0.21505990828142676,0.8202206658724724,0.4543274093602827
2011,BGD,5,7.11347821270093,5.358263580073129,0.9129514349249553,3.0807784065907473,1.2591676824980653,2.6760069963775304,0.9727330722977194
2011,CHN,5,6.7736886867727,10.047250340901673,1.4831258860695902,10.716205903383619,2.4509991829929563,3.748965623358886,0.01364989896631688
2011,DEU,5,2.22222216259371,1.4035709371750202,3.118365740569631,0.6701898288795224,0.813996835685555,2.0907074747170666,0.603541922336267
2011,FRA,5,0.860031075424033,1.9509461262819863,1.9071981674960674,1.1900956481884108,0.6880717714584539,1.728165080166567,0.2836613959981235
2011,GBR,5,2.20652020635357,2.302996900293648,2.714965121160593,0.009307752473607454,0.6358412676720858,1.9183490132473913,0.4858265090455249
2011,IDN,5,5.03306918280177,4.232195118501846,2.415741417019853,0.6413992668682801,0.6695095195486718,1.855898558469884,0.6298752993604729
2011,IND,5,8.25630550176662,6.579553752670061,1.8582403877459082,2.811496428098371,1.0000090097750032,1.9456710273577502,0.8165600176166612
2011,JPN,5,0.704986495111257,0.8787460994625994,2.992178224348637,0.030192400104335052,0.7032813950510717,2.016626294991189,0.4768459275204455
2011,KOR,5,3.17152748983935,5.116284093931172,2.580972152380907,3.7820782491587535,1.1615930730044912,2.1509840632299673,0.2255754437134337
2011,MYS,5,4.44978139761541,5.0135673933666665,3.076352699131515,0.31785464900523613,0.7600326744128835,2.0594761638667687,0.42729527480962753
2011,NLD,5,2.42428065449427,2.3957752766866416,2.4417279024708614,0.0008125565639556277,0.5707523048662189,1.8117126228633569,0.5046572519845434
2011,PHL,5,7.14945675000752,4.510338453308464,1.8638316692071735,6.964945383971728,1.7195153043429847,2.5440497746838693,0.9216069579632401
2011,SGP,5,3.91095306322606,5.969347505096749,4.751184830461406,4.236987678324146,1.4606328442642154,2.5711801977515205,0.33242088948562054
2011,THA,5,3.43515771692182,3.787212445825391,3.085148831152259,0.12394253214336698,0.7369934934055815,2.0520492894710385,0.45457421895886185
2011,USA,5,1.81945147909089,2.6131079510558557,2.17271698586951,0.6298905954918764,0.6221410069835882,1.7616328018871341,0.35745010183900155
2011,VNM,5,6.69000892660424,6.850413427325978,0.8256595147810377,0.025729603851789924,0.20534556083864117,0.7462370028620099,0.42298051769117095
2012,BGD,1,6.01360565834344,5.302777041620465,1.0011837128965508,0.5052773223522983,0.42726003879124685,1.1721631642590664,0.7611442714905992
2012,CHN,1,7.77842954757257,10.394945821194716,1.833297822383802,6.846157410129517,1.7087773714108039,2.543531061086947,0.07675848495944361
2012,DEU,1,0.396995583779145,1.2492139831786269,2.706287046251246,0.7262762002750147,0.7386323133929094,1.9640981417084582,0.37641758317583923
2012,FRA,1,0.781756446231,1.4806984591148158,1.732707752045236,0.48851993737408006,0.5159022512606833,1.549982154282735,0.3433338478717408
2012,GBR,1,1.71846961308464,1.9267817230651025,2.289382490427866,0.043393935164512336,0.5425736988708058,1.7513602972035516,0.46375006071405545
2012,IDN,1,5.5572636889101,4.936386836526438,1.9640631590535218,0.385488065825844,0.536646782097587,1.6439193785859099,0.624043746869895
2012,IND,1,6.38610640091713,6.246207569348385,1.6062236873025173,0.019571683074300097,0.3802244111644266,1.3966174499651758,0.5347031827561364
2012,JPN,1,1.99727653399265,0.700966526104406,2.6224025052458355,1.680419636551219,0.863401020473209,2.00520630301585,0.6894604374169414
2012,KOR,1,3.2913959543442,5.413306393956694,2.746292740923032,4.502503913736488,1.26515957413765,2.2276808943888264,0.21986613553801032
2012,MYS,1,4.69372252557893,5.77207611425991,2.9138103261420603,1.162846462221149,0.8383605801945144,2.0568811058371614,0.35566007846379094
2012,NLD,1,-0.0302410184270769,1.7434445754645913,2.3968852992998264,3.1459605859788398,1.0611127202637058,2.0669056942556763,0.229651203135314
2012,PHL,1,6.75053130142255,4.178824211890182,2.210232816818509,6.613677354351039,1.5918372731505464,2.388955793193419,0.8776959344544832
2012,SGP,1,4.81763099120676,6.3406837796720765,4.214953847736147,2.319689796451977,1.2022123417204018,2.422862304474193,0.35892075315911165
2012,THA,1,2.68749556320556,4.737937350900317,3.3103459151474715,4.204311524724871,1.264690117659867,2.3078219344297333,0.2678250948539373
2012,USA,1,2.11783009443471,2.390693265069209,1.8210268008105008,0.07445430988871174,0.4418454789768225,1.5295651066348266,0.4404453135585584
2012,VNM,1,5.55351081026072,6.840167383749561,1.0246021014513211,1.6554851381020457,0.8110082611981674,1.731712209133263,0.10460110287387941
2012,BGD,2,6.0610593588495,5.495327197076575,0.9318902851017339,0.3200528788642664,0.35073483652109533,1.0326715405022697,0.728101162753364
2012,CHN,2,7.46100735778161,10.437767309264109,1.7926969439537352,8.861099808750087,2.0374897425299925,2.8812774753738317,0.048407700927954676
2012,DEU,2,2.18018602168017,1.5209805758372408,2.6276533987475656,0.43455181982897517,0.6797011737643267,1.916498192175675,0.5990435785952348
2012,FRA,2,0.997832947295251,1.8773329524130258,1.7062169043425481,0.7735202590021659,0.5756956384703639,1.586070682274697,0.30311305568210856
2012,GBR,2,3.16017351468152,2.414098210265271,2.429535036316951,0.5566283598597985,0.6584598478965503,1.8537892221532668,0.6206109035161838
2012,IDN,2,5.006668425755,4.926035024223943,1.9962348562745944,0.006501745442468669,0.46780923940450025,1.6110171544801817,0.516109992114588
2012,IND,2,7.41022760516977,6.447820548292738,1.7304004028258075,0.9262273431267103,0.6125878785108159,1.6219571953557073,0.710954704631807
2012,JPN,2,0.905915486065865,0.9282391103895783,2.651554565664107,0.0004983442029462826,0.6197299623435709,1.8941200701284875,0.4966413165686895
2012,KOR,2,3.21468019683108,5.498410114255398,2.6542815271341227,5.215422335738882,1.3591759880747194,2.2652521115174573,0.1947857366712662
2012,MYS,2,6.00672194558203,5.782574085412275,2.811585939386997,0.050242263218680173,0.6641787269452791,1.9558651211149407,0.5317711877492184
2012,NLD,2,1.61255885112396,2.2044350208539507,2.475815307797196,0.35031740029424485,0.6347669347313809,1.8540838835839228,0.4055283134295487
2012,PHL,2,6.34798748260867,4.4295390651016,2.1290472773499496,3.6804443306353827,1.1440592263284692,2.0805884581031653,0.8162279182240264
2012,SGP,2,3.93554027709007,6.616358623895556,4.051790127749233,7.1867870085688965,1.6297726249960256,2.5369797499821276,0.2541016215936519
2012,THA,2,0.984468863619426,4.532147822845232,3.2907866635906657,12.5860259977335,2.162609960213308,2.6911762775660835,0.1405025758801019
2012,USA,2,2.52381981757846,2.710047054778781,1.9480739848501236,0.03468058387526457,0.4623518711975841,1.590348973824326,0.4619208930368379
2012,VNM,2,6.42224312118567,7.056357202904684,1.1045067979516674,0.40210066863434846,0.399492871686601,1.183141532355062,0.2829449423103588
2012,BGD,3,6.55263987816197,5.490168971061265,0.8489513455411409,1.128844428435395,0.6691225061125439,1.5383234888847426,0.8946257251324885
2012,CHN,3,6.98162255562367,10.209937311145506,1.73030132064102,10.422016160720009,2.2938909317130354,3.207751094729397,0.031037970413524095
2012,DEU,3,1.66300602334775,1.3384463260739072,2.7616325991004174,0.10533899709448842,0.6605793274229875,1.9416665723212794,0.5467778144904571
2012,FRA,3,1.06675474783462,1.7171599963396937,1.729834671904674,0.42302698728294674,0.500680766126891,1.537649635622165,0.35346115301347447
2012,GBR,3,2.14040560033371,2.3131527687733633,2.4547652241523514,0.02984158420391788,0.5785140821088122,1.819445779689814,0.4719487186494699
2012,IDN,3,4.87632230022123,4.876290606104032,1.95205856295415,1.0045170649781583e-09,0.4561862816755043,1.5878230223907415,0.5000064773278987
2012,IND,3,7.99625378567987,6.4266907763577095,1.735246942346417,2.463528040232436,0.9362234779483456,1.8791651497485264,0.8171397427228069
2012,JPN,3,1.79997735783475,0.8026955648047668,2.7170319175684603,0.9945709747090983,0.7793720530174953,1.985840817485589,0.6432084837745777
2012,KOR,3,2.92029267301234,5.341381256513407,2.5952701047038853,5.861669929159204,1.4474780884887026,2.307766354066917,0.17543967078074413
2012,MYS,3,5.09153242155011,5.713114682849229,2.8214829418752183,0.3863645075617255,0.7137763426851467,1.9804679380133603,0.4128174394858085
2012,NLD,3,2.12064007193544,2.053806567300452,2.356579625992107,0.004466717341794955,0.5514769361498847,1.7765519456633656,0.5113126400212937
2012,PHL,3,6.34830971672761,4.624001147947934,1.9993117234816482,2.973240040367016,1.0262980278666816,1.9836524548422554,0.8057803307991518
2012,SGP,3,2.97679931634806,6.3425964611867744,4.242465446851513,11.328590420204442,2.004184847989975,2.6787921712817075,0.2137844141621954
2012,THA,3,3.13404724911635,4.381134602967742,3.23859837162912,1.5552268681360666,0.9460900397919503,2.168218653670778,0.3500927450843417
2012,USA,3,2.94555045227337,2.571226685553302,1.9447435834591555,0.1401182823315001,0.4831320829505285,1.6025928957552042,0.5763167873543058
2012,VNM,3,6.98715430598611,6.959545059895623,1.0872390262531415,0.0007622704696850524,0.2543619855520488,1.002902437769053,0.5101296142432926
2012,BGD,4,7.11347821270093,5.484038901970371,0.9331873858524244,2.6550724673540795,1.1334238163046595,2.374223409568182,0.9596032875763141
2012,CHN,4,6.7736886867727,10.19919383365392,1.7582683517797646,11.73408551130973,2.4677716996982526,3.381061380553167,0.02569392854943587
2012,DEU,4,2.22222216259371,1.4084223760874794,2.799765873439011,0.6622700925175864,0.7480001135729967,1.9907180075564754,0.6143470264220703
2012,FRA,4,0.860031075424033,1.85962741195325,1.8325315457749207,0.9991928360026319,0.6405405703832889,1.6734072566443232,0.29271414955841707
2012,GBR,4,2.20652020635357,2.3223064662506987,2.475252899832984,0.013406457980965422,0.5806145262986743,1.8263751752271178,0.481345262001965
2012,IDN,4,5.03306918280177,4.937534579301811,2.0545512542221016,0.009126860465894402,0.48191019657871403,1.640077068592215,0.5185437392415744
2012,IND,4,8.25630550176662,6.536518695852133,1.7307161877306252,2.957666657797554,1.0352103712868073,1.96117882920273,0.8398118889630957
2012,JPN,4,0.704986495111257,0.9010050696756361,2.6896820421904697,0.038423281574251046,0.634261727154678,1.9110171193588,0.4709516112633856
2012,KOR,4,3.17152748983935,5.3648901394126485,2.650985397435834,4.810839712543199,1.304860368610715,2.2361457730382215,0.20401188756149424
2012,MYS,4,4.44978139761541,5.49429297215454,2.793276420453999,1.0910044293462127,0.8068038690821965,2.0160685147277455,0.35422530505578975
2012,NLD,4,2.42428065449427,2.1995749172861325,2.529501912720486,0.050492668334252484,0.599090147954152,1.8509066826437013,0.5353930761877429
2012,PHL,4,7.14945675000752,4.747449149877765,1.9204274674705046,5.769640511081105,1.5125081557715283,2.353695571952777,0.8944902793408038
2012,SGP,4,3.91095306322606,6.247484696679713,4.321747661130565,5.459380074129596,1.5020025182407348,2.5287469590387115,0.2943761179008526
2012,THA,4,3.43515771692182,4.14817476144193,3.129911200516504,0.5083933057761926,0.7959661607639636,2.0858912807895944,0.40989797291740765
2012,USA,4,1.81945147909089,2.591182633731554,1.9529706877858848,0.5955689750430128,0.5765003355437515,1.6663649294192195,0.3463633013864893
2012,VNM,4,6.69000892660424,6.972884221822127,1.0452977762682647,0.08001843264460685,0.2746351909941197,0.9998570979935096,0.39334282926098246
2012,BGD,5,6.59024999794057,5.44150453662054,0.9417347988642529,1.3196161349033688,0.7188717636052163,1.6028854571304654,0.8887331428844114
2012,CHN,5,6.89123916636191,10.072220910075817,1.5041789289927534,10.118644853841172,2.351019536198692,3.5632967113171823,0.017225081612129944
2012,DEU,5,2.797906720551,1.4702588208703107,2.8050090521123576,1.7626489455265457,0.9016318481701048,2.0623580070066523,0.6820051383005795
2012,FRA,5,2.08361485997399,1.9367926612317514,1.8401493341318698,0.02155675804350543,0.43470465961983074,1.5319683396271617,0.5317971443389261
2012,GBR,5,3.02322219840339,2.246517146705336,2.4153540979065466,0.6032707373332761,0.6632480681116089,1.8524880177329854,0.6261107056087722
2012,IDN,5,5.06978590134916,4.375481899672215,2.248975537576198,0.48205804674461994,0.610413072314155,1.7770673858735486,0.6212327819434562
2012,IND,5,6.79538341902422,6.559149620363742,1.705413756634532,0.0558064076295591,0.4115804190517239,1.46234017287957,0.5550852412427192
2012,JPN,5,1.62345062245441,0.8739512247586462,2.693441310229925,0.5617493471463129,0.712115113259955,1.9484748366143751,0.6095968047944688
2012,KOR,5,3.433191763972,4.907334120336194,2.558006244509809,2.1730956868269775,0.9276284513292689,2.0242192673784123,0.2822110517575176
2012,MYS,5,5.81272240983328,5.032191439925857,2.7430859935521936,0.6092285949846231,0.7290559126447902,1.9685049783314987,0.6120035626115198
2012,NLD,5,2.78150834679987,2.333638068485098,2.5512954538217896,0.20058778619775103,0.6275102466232045,1.8709480225249067,0.569674772674526
2012,PHL,5,6.9309883258402,4.568849320865862,1.9956540169020665,5.5797006788211565,1.4677514266717202,2.3104140120347294,0.8817225063996512
2012,SGP,5,4.32679370770501,6.030044743814409,4.267641298536298,2.901064092007744,1.2649766872903059,2.449643533707686,0.34490670578069493
2012,THA,5,4.1776810321001,3.5022564552590856,3.20102248536241,0.45619835900086353,0.8047087042631562,2.104669900854431,0.5835574408714093
2012,USA,5,2.45762230126449,2.570120462865204,1.9287577522581907,0.01265583636354039,0.45335797741809497,1.5775156818007932,0.47674418216888037
2012,VNM,5,6.94019037359206,6.835300624685773,0.898864753880639,0.01100185942562398,0.21493758958162973,0.8191242732858384,0.546447680649543
2013,BGD,1,6.0610593588495,5.303477836760779,0.9235877986470271,0.5739297626102629,0.45072782414735674,1.1758618168957118,0.7939658610983382
2013,CHN,1,7.46100735778161,10.251534683243936,1.9542943506354853,7.787042754151919,1.822675303493461,2.6084099225292197,0.076661027233741
2013,DEU,1,2.18018602168017,1.1823617950476328,2.424950247062918,0.995653187254821,0.7282265841844355,1.8894084029466804,0.6596405596903832
2013,FRA,1,0.997832947295251,1.4616691802540958,1.5567074705476807,0.21514405100545175,0.41852603506399544,1.40590154681742,0.382866926204785
2013,GBR,1,3.16017351468152,1.909838548137312,2.029285911159489,1.563337528563106,0.7722081475168634,1.8164400087997956,0.7311006851477537
2013,IDN,1,5.006668425755,4.918743848563662,1.7583207615608754,0.007730731274275467,0.41266437689500063,1.4845480168818503,0.519940740842147
2013,IND,1,7.41022760516977,6.321749368943825,1.434428796515196,1.184784870737544,0.6497845334688986,1.5676117809507228,0.776020917908889
2013,JPN,1,0.905915486065865,0.7629421942660247,2.4036042314004544,0.020441362168082285,0.565102025856486,1.7976770133761564,0.5237162477437642
2013,KOR,1,3.21468019683108,5.290887369048014,2.5528212382176396,4.310636221965038,1.2354124547842282,2.186865347969415,0.2080233013268718
2013,MYS,1,6.00672194558203,5.647480534046183,2.615733837565549,0.12905439176226785,0.6309358896859142,1.8899141729857474,0.5546184478991272
2013,NLD,1,1.61255885112396,1.682000936886362,2.216491391424124,0.004822203275032804,0.518850773971845,1.715354800657062,0.4875032888595194
2013,PHL,1,6.34798748260867,4.304729097614119,2.219157216318676,4.174904827850543,1.2202905368344925,2.1399436007284476,0.8214059145021368
2013,SGP,1,3.93554027709007,6.258366622938737,3.8082048727893207,5.39552223296867,1.4382926630433663,2.4421178379311006,0.27094643986494954
2013,THA,1,0.984468863619426,4.133470227801657,3.0829044327071924,9.91620959162155,1.902733260330129,2.5664803415095623,0.15352305257383697
2013,USA,1,2.52381981757846,2.350527278962217,1.6161027494977205,0.030030303940062127,0.3850811169374987,1.404705067077299,0.5426962120065747
2013,VNM,1,6.42224312118567,6.756845707184853,1.0283422377952158,0.11195889055734053,0.2833733434401489,0.9998228194376225,0.37244652859701466
2013,BGD,2,6.55263987816197,5.5206554039414195,0.8495551441516163,1.0649919550322657,0.6451532173444835,1.493686818832155,0.8877664343792041
2013,CHN,2,6.98162255562367,10.276843375711623,1.9227949284980104,10.858480253141119,2.2784020501304636,3.041215523897483,0.04328584324262731
2013,DEU,2,1.66300602334775,1.4694415013294049,2.3763820486490776,0.03746722418419039,0.5616349963824044,1.7878350491166288,0.5324593292785209
2013,FRA,2,1.06675474783462,1.819712676572008,1.5721130898428852,0.5669456424484974,0.5085757332751991,1.4860539990649642,0.31598837483274406
2013,GBR,2,2.14040560033371,2.372294686473246,2.168111260407851,0.05377254827062902,0.5165616825796049,1.698514559007184,0.45741256922248297
2013,IDN,2,4.87632230022123,4.961441849017509,1.7908218644402165,0.007245337587282165,0.42011981854609276,1.5027427876705652,0.48104501307744696
2013,IND,2,7.99625378567987,6.423989807257938,1.534389129258684,2.4720140178431627,0.9504605895129928,1.8720595154864061,0.847243840655679
2013,JPN,2,1.79997735783475,0.9806236760759446,2.4137680705139473,0.6713404558117098,0.673989863329951,1.8577407411774236,0.6328646384403219
2013,KOR,2,2.92029267301234,5.339705944712848,2.493948802805631,5.853560579280556,1.4521176644542146,2.3033659028976254,0.16599497329296758
2013,MYS,2,5.09153242155011,5.706383661336938,2.5375423982176066,0.3780420470673989,0.6521560889199823,1.879489681471016,0.40427313679777444
2013,NLD,2,2.12064007193544,2.08167072685571,2.3609748183480535,0.0015186098559430716,0.552004555536263,1.7781493432681743,0.5065844893373036
2013,PHL,2,6.34830971672761,4.538840597682918,2.1317483474594527,3.274178492776375,1.0766188407721657,2.0361280902963745,0.8020090727010436
2013,SGP,2,2.97679931634806,6.496017188723826,3.6894562855202135,12.384894433249015,2.1083910143389626,2.6793402981673013,0.17007773004446614
2013,THA,2,3.13404724911635,4.298439995869271,3.0018832588947775,1.3558104686908112,0.8794830232876893,2.093406702446301,0.34904967475027027
2013,USA,2,2.94555045227337,2.6649459648238176,1.7367121560855079,0.07873887837682611,0.4239088665677018,1.4839850891683706,0.5641786435557339
2013,VNM,2,6.98715430598611,6.956442465969414,1.1238344053404383,0.0009432171172110972,0.2629692611446351,1.0360583499492446,0.5109008289813364
2013,BGD,3,7.11347821270093,5.5216520148407735,0.8043479675674211,2.533910644193923,1.1524673611537148,2.6594887960750992,0.9760935064657157
2013,CHN,3,6.7736886867727,10.094246586560843,1.8699327478812429,11.02610476584544,2.322294876612164,3.121508603555932,0.0378859716372217
2013,DEU,3,2.22222216259371,1.310281264105923,2.483460237813169,0.8316362023347122,0.7124848155473994,1.8960114123627207,0.6432672275954869
2013,FRA,3,0.860031075424033,1.693424805918848,1.5871733763897244,0.6945451100280642,0.5415879819126168,1.518747962698317,0.29976362865144696
2013,GBR,3,2.20652020635357,2.288848730591912,2.189171168638536,0.006777985903263271,0.5128333430576114,1.7031686930686978,0.4850004470348514
2013,IDN,3,5.03306918280177,4.941841885932538,1.795778555046656,0.008322419694067034,0.4215129032822588,1.5056675659109702,0.520257942004685
2013,IND,3,8.25630550176662,6.444503244805176,1.5474160739714093,3.2826274183305832,1.12303069410219,2.040977562808508,0.8791717801375022
2013,JPN,3,0.704986495111257,0.873018202601646,2.4829884922933965,0.028234654722135644,0.5847966766141804,1.830691234231161,0.47302290296228716
2013,KOR,3,3.17152748983935,5.26166480308807,2.4456646480457467,4.368673988234579,1.2437652499310352,2.1784513052016563,0.1963781275633958
2013,MYS,3,4.44978139761541,5.625060733359341,2.5258515406778512,1.3812815170266959,0.8045909664243089,1.9537689409944035,0.32085823038724004
2013,NLD,3,2.42428065449427,1.970294188474591,2.275005337557186,0.20610371132903701,0.5676799657685037,1.7608318357055701,0.5790853053725518
2013,PHL,3,7.14945675000752,4.733892838448511,2.0471968833611998,5.834949010826262,1.4998759424663708,2.331536002922621,0.8809874183568316
2013,SGP,3,3.91095306322606,6.2877584574184775,3.849191149307735,5.649203881862173,1.4671202633473734,2.4574434413369963,0.2684584983927091
2013,THA,3,3.43515771692182,4.194816021490527,2.9215363349594785,0.5770807397002026,0.7611090240391807,2.0248533914115088,0.3974241168139434
2013,USA,3,1.81945147909089,2.543394243601508,1.7329556645777777,0.5240931262872761,0.5239096056023953,1.556024620933813,0.3380648426057412
2013,VNM,3,6.69000892660424,6.892081531707924,1.1067898872284203,0.04083333773338936,0.27332886011907775,1.0370692532803796,0.4275655943680681
2013,BGD,4,6.59024999794057,5.466477399739676,0.8491843879443166,1.2628648524671877,0.7182337911651467,1.631094127445527,0.907141363065516
2013,CHN,4,6.89123916636191,9.894036775422277,1.8141535004470082,9.016793480978661,2.0532190446598513,2.884410815731407,0.04894136765818061
2013,DEU,4,2.797906720551,1.335040939131829,2.4951555167851085,2.1399762944471217,0.9157853222229865,2.0051531220330956,0.721157124090308
2013,FRA,4,2.08361485997399,1.776278967612306,1.6335385283095423,0.09445535073375262,0.404749801599954,1.4273856261481703,0.5746170160105476
2013,GBR,4,3.02322219840339,2.260455148240389,2.1906403378442647,0.5818135728143655,0.616839327842404,1.7637518341746845,0.6361526209922396
2013,IDN,4,5.06978590134916,4.799702781885874,1.8458501585433227,0.07294489141901962,0.44710337098348746,1.5425831334695996,0.5581652526528397
2013,IND,4,6.79538341902422,6.486659537190212,1.5369321754640435,0.09531043521465861,0.383830258117931,1.368901288634531,0.5795999672657521
2013,JPN,4,1.62345062245441,0.910433420156416,2.4551935079026284,0.5083935307728585,0.6557990855264669,1.8593136243868154,0.614249396947214
2013,KOR,4,3.433191763972,5.168725298320597,2.4262657399466065,3.0120766488485318,1.0421866114198002,2.061126483272414,0.2372085786851943
2013,MYS,4,5.81272240983328,5.341752571935983,2.4875229284271057,0.2218125882090067,0.6167894367292105,1.848149407182917,0.5750840299396313
2013,NLD,4,2.78150834679987,2.0355394987998086,2.3205094357406533,0.5564695221865384,0.6371442722271139,1.812396022556643,0.6260720097628716
2013,PHL,4,6.9309883258402,4.775607191939424,1.8910827817547624,4.645667832375395,1.3282226035097124,2.205614902654006,0.8728069173245507
2013,SGP,4,4.32679370770501,6.08483893080117,3.8646114529596316,3.090723006451228,1.2168040278680952,2.374270625687149,0.32458747569013635
2013,THA,4,4.1776810321001,3.990467762054271,2.9139397070957167,0.03504880848125253,0.685769893449447,1.9905084190498488,0.5256134122798701
2013,USA,4,2.45762230126449,2.5444049045190607,1.730323327217708,0.007531220227640217,0.4061039002057575,1.468504529501704,0.47999984161090786
2013,VNM,4,6.94019037359206,6.80457834508599,1.0335834109867004,0.018390622275531027,0.2486314940406033,0.960577804418735,0.5521937040387638
2013,BGD,5,7.31941263014136,5.4767168418422445,0.8569603177661747,3.3955277682152993,1.368846677004308,3.0764047165639408,0.9842330553744975
2013,CHN,5,6.757806142324,9.844041432102161,1.7059755742577853,9.524848263872089,2.1713479151419106,3.0894492208048483,0.035219788750921334
2013,DEU,5,1.13569604599849,1.3690728039983513,2.5342570450782773,0.05446471117452585,0.6008109134237866,1.853079224434623,0.4633137328403061
2013,FRA,5,1.64590872395887,1.8044598417340343,1.6844649327788213,0.025138456947754052,0.3996002991413517,1.4448163049110718,0.46250472887498806
2013,GBR,5,1.55133095078786,2.1660949639565352,2.1491552328922947,0.377934791887255,0.5719273890850779,1.724925439387949,0.38742024121664054
2013,IDN,5,5.17429153955024,4.459224571679351,2.032494459885434,0.5113207685400676,0.5743243258821319,1.6900901202594727,0.6375124052564436
2013,IND,5,6.45385134495295,6.490243219399369,1.524558818998815,0.0013243685257239488,0.35662827912066253,1.3409285011041048,0.49047798053286923
2013,JPN,5,0.834143845965585,0.898623199285893,2.442402466714845,0.00415758700460511,0.5714562501738673,1.8122691848219037,0.48946915879937564
2013,KOR,5,3.17611568177327,4.743000581804555,2.3251406559950105,2.45512828994605,0.9493730363499079,1.9897817347561044,0.2501911906865711
2013,MYS,5,4.84308697634881,5.002406590761573,2.4467619771316245,0.0253827395366313,0.575933155170361,1.8158239888713958,0.47404142892189205
2013,NLD,5,2.25873158164956,2.1049325795589198,2.4053343471136395,0.023654133044076795,0.5660364302766703,1.798671661712167,0.5254913174317409
2013,PHL,5,6.34148557153473,4.701103379331046,1.9594694348172257,2.6908537364989638,0.9758816727152134,1.9420276129483147,0.7987476426683288
2013,SGP,5,3.18660848474074,5.873956672664792,3.8510747403073657,7.221840283138685,1.619162969697566,2.5107655797963906,0.24264559849274214
2013,THA,5,4.22287028746071,3.7602196615031764,2.906876833134551,0.21404560169889744,0.708636464896829,1.9986833055801565,0.5632275219615349
2013,USA,5,2.96650506701943,2.5057476312778286,1.7159860324734992,0.21229741459117607,0.4500790266381869,1.4949748958462428,0.6058461680993589
2013,VNM,5,7.46500685572751,6.701410571204443,0.9416651508391063,0.5830792857374327,0.45439182049208043,1.187612416209402,0.7912884540324567
2014,BGD,1,6.55263987816197,5.356360645061306,0.8660843931115043,1.4310840035479122,0.7738276423767438,1.7290916542463854,0.91639897631228
2014,CHN,1,6.98162255562367,10.14494853481347,2.076951139595213,10.006631250617101,2.1070107377909983,2.8096989378093395,0.06387155985796672
2014,DEU,1,1.66300602334775,1.3001046765481912,2.2013869594247253,0.13169738750893362,0.5382657876427083,1.721614094958557,0.5654694598384157
2014,FRA,1,1.06675474783462,1.435949923187759,1.3897452291456769,0.1363050775040351,0.3636759104566781,1.2833457246898266,0.3952517946995236
2014,GBR,1,2.14040560033371,2.0590631096933434,1.9002569075507874,0.006616600783578161,0.445469380052002,1.5618438036600506,0.5170719290687369
2014,IDN,1,4.87632230022123,4.867537358439928,1.5613061413197928,7.717520210086872e-05,0.36488912280788394,1.3644771038899177,0.5022447014855739
2014,IND,1,7.99625378567987,6.405461701248347,1.3543168496945472,2.5306194558899886,0.9867469591572575,1.9120882555117626,0.8799243096140001
2014,JPN,1,1.79997735783475,0.7076911853114618,2.1390845599804176,1.1930890826855745,0.7176943669289346,1.809689288164562,0.6951958054032105
2014,KOR,1,2.92029267301234,5.1702888793771296,2.3858078493577586,5.062482928655945,1.346498310832073,2.2331717342315747,0.1728212207932341
2014,MYS,1,5.09153242155011,5.759706254739308,2.337959776663348,0.44645627135874616,0.6220370572328705,1.8090561696358103,0.387518122818563
2014,NLD,1,2.12064007193544,1.7820576253526357,1.9608247225376483,0.11463807313399763,0.48150095525572995,1.6072117616894095,0.568545958357926
2014,PHL,1,6.34830971672761,4.367939165465531,2.1188777701160584,3.9218675203060718,1.1841806880565344,2.10659343188526,0.8250109583838949
2014,SGP,1,2.97679931634806,6.040795449317301,3.525192398150963,9.388072302850462,1.8241033922605066,2.5566029415136504,0.19237671568186687
2014,THA,1,3.13404724911635,3.7357280617213195,3.054854947065108,0.36201980025697644,0.7610292189676805,2.0550670446405315,0.4219298577403158
2014,USA,1,2.94555045227337,2.369211288688923,1.43963657598839,0.3321668314812203,0.4272737005620363,1.3634639203218246,0.6555456805921173
2014,VNM,1,6.98715430598611,6.83122392981301,0.9146846570273749,0.024314282213484303,0.2243363444792803,0.8442933943202957,0.567681492211723
2014,BGD,2,7.11347821270093,5.499893500518392,0.7795381292924716,2.6036556233892045,1.1847313637336443,2.8121776176619626,0.980770270741154
2014,CHN,2,6.7736886867727,10.107139510702305,2.055961592601156,11.111894395556966,2.2643580267761743,2.954083908587732,0.05247038673940854
2014,DEU,2,2.22222216259371,1.4088396623208852,2.1389686608842813,0.6615910917500718,0.621794870316469,1.751564395026868,0.6481269588209868
2014,FRA,2,0.860031075424033,1.7319419027362648,1.429723033157961,0.7602284907843005,0.539911333336703,1.4623753280326368,0.27098192379663794
2014,GBR,2,2.20652020635357,2.3692315548258085,1.9753009864984716,0.026474982921654212,0.46696192591987756,1.6030519687467106,0.4671750770644892
2014,IDN,2,5.03306918280177,4.8914841162161675,1.5927080896211887,0.020046331080049603,0.3772257912761306,1.3883255336623304,0.5354176409680658
2014,IND,2,8.25630550176662,6.422118779797312,1.4296213626236267,3.364240931048516,1.1625647424376864,2.099376968216786,0.9002518193367528
2014,JPN,2,0.704986495111257,0.937259514132068,2.1520132791539024,0.05395075536504202,0.5129064389399673,1.6911671007927667,0.45702446233744026
2014,KOR,2,3.17152748983935,5.177434474143986,2.351679365956736,4.023662829682119,1.19359702560209,2.1378453397535244,0.19683855583257598
2014,MYS,2,4.44978139761541,5.636811709935011,2.2688804780691147,1.4090409623655702,0.7724805399255741,1.8750831237334302,0.30042489402147554
2014,NLD,2,2.42428065449427,2.0190636696710142,2.096947857143592,0.1642008047892506,0.521188374972554,1.6780925244315286,0.5766150124831335
2014,PHL,2,7.14945675000752,4.563594644885338,2.022849790903648,6.686682826706921,1.6374361290669723,2.440504913006019,0.8994328022861237
2014,SGP,2,3.91095306322606,6.2738825471841695,3.4681436392923057,5.583435746158537,1.4290152212338836,2.3946592036923944,0.2478332513827431
2014,THA,2,3.43515771692182,4.039904070252331,3.035656264127609,0.3657181518665513,0.7573215367761973,2.0492093491569046,0.4210475291339413
2014,USA,2,1.81945147909089,2.616593039680644,1.5416472725294852,0.6354346676194685,0.5211428626239684,1.4854714004991878,0.3025531933929658
2014,VNM,2,6.69000892660424,6.892755343007438,1.0050064355490962,0.04110610936433878,0.2511271146534483,0.9442812730192861,0.42006138820855576
2014,BGD,3,6.59024999794057,5.517063948192577,0.7442715909730987,1.1517282973737017,0.7030098265537411,1.6631674487099501,0.9253386574518121
2014,CHN,3,6.89123916636191,9.943337270584811,1.9677632281430735,9.31530283780103,2.044469653861722,2.7987132366810843,0.06044491503979614
2014,DEU,3,2.797906720551,1.3556548380935516,2.2432767530915085,2.0800904924520536,0.8819295535187345,1.9335504884167514,0.7398626296919952
2014,FRA,3,2.08361485997399,1.6583305235668881,1.436964841383859,0.18086676679322905,0.3856618777680522,1.3252678798378354,0.6163697444829211
2014,GBR,3,3.02322219840339,2.355099608568528,1.9997678818697697,0.44638779504764287,0.5555683308025131,1.667781076437743,0.6308479764725752
2014,IDN,3,5.06978590134916,4.86871127119129,1.5949569596113935,0.04043100689312424,0.3828329562873202,1.3937319809843958,0.5501613472682905
2014,IND,3,6.79538341902422,6.494517230225709,1.4389447903727774,0.09052046356214134,0.3612796117016775,1.3047075041822702,0.5828102561086419
2014,JPN,3,1.62345062245441,0.8501771460965918,2.2070367109339792,0.5979518692385054,0.6227664576540989,1.7719679139506574,0.6369684651942481
2014,KOR,3,3.433191763972,5.123114094430938,2.2957744843168406,2.855837482983767,1.0115263140401953,2.0209312668678368,0.23083455924217733
2014,MYS,3,5.81272240983328,5.6772334847370365,2.259519916884076,0.018357248823735527,0.5312786523452143,1.7358887138074497,0.5239076831318046
2014,NLD,3,2.78150834679987,1.9907483088404136,2.019988942428097,0.6253014376336405,0.594003326785679,1.6986539755601118,0.6522741495264994
2014,PHL,3,6.9309883258402,4.757753251856133,1.9441823895524504,4.722950686794532,1.3339014053345501,2.2085345746133838,0.8681768652672066
2014,SGP,3,4.32679370770501,6.0779517233062155,3.57382560267791,3.0665543956043533,1.1708131738863932,2.312622886289817,0.31206858587744746
2014,THA,3,4.1776810321001,3.9278576115792876,2.926822369737748,0.06241174144071873,0.6924855957522293,1.996498721437605,0.5340110270846867
2014,USA,3,2.45762230126449,2.541605622500469,1.5391792678477825,0.0070531982458256525,0.3615261400461828,1.3516764634805956,0.47824302802689816
2014,VNM,3,6.94019037359206,6.86371974844105,0.9842586607024774,0.005847756510986232,0.23238534164048918,0.9060901331288936,0.530964118107124
2014,BGD,4,7.31941263014136,5.487215393480709,0.7992951608143203,3.3569467140269253,1.387230553942264,3.3221555833485747,0.989054854914423
2014,CHN,4,6.757806142324,9.779138544141352,1.8965141909341567,9.128449482271408,2.040941032107849,2.827936244119993,0.05556913725452155
2014,DEU,4,1.13569604599849,1.3812459778334942,2.2465187685942647,0.06029476902417525,0.5356967973281453,1.7342938465011501,0.45648131469282843
2014,FRA,4,1.64590872395887,1.754294489942775,1.491023154943978,0.01174747426791785,0.3515864256371391,1.3210431772595705,0.47102552445128076
2014,GBR,4,1.55133095078786,2.29853761640524,1.9983074596745836,0.5583178011430426,0.5771762776766602,1.6811470824941068,0.3542320036649118
2014,IDN,4,5.17429153955024,4.780562684466005,1.6580769317793904,0.15502241132594238,0.424609196623776,1.4527908880812284,0.5938504724509106
2014,IND,4,6.45385134495295,6.520483589424567,1.4303055562882183,0.00443985600332539,0.3354933696800953,1.2779117590465738,0.4814215868385313
2014,JPN,4,0.834143845965585,0.922323125718405,2.18460837607939,0.007775585377726096,0.51195175060652,1.701189734350737,0.4839015114585551
2014,KOR,4,3.17611568177327,5.074742932017816,2.287242334828641,3.604785435371167,1.1295049170817006,2.090813832344111,0.20324268220986919
2014,MYS,4,4.84308697634881,5.3687613420699,2.2504104121409116,0.27633353877626965,0.5746751963182197,1.7573333857776618,0.4076514738414651
2014,NLD,4,2.25873158164956,2.019511194700304,2.0670437570309073,0.05722639353215186,0.4940902052925002,1.6517547785813291,0.5460670061629572
2014,PHL,4,6.34148557153473,4.8181896875787915,1.853859086412523,2.3204303500771046,0.9062767919533394,1.873794516150094,0.7943730800694511
2014,SGP,4,3.18660848474074,5.998432348779386,3.5258854206491557,7.906353442377221,1.6740008404042652,2.49705746791029,0.21258609441222337
2014,THA,4,4.22287028746071,3.8918790044093634,2.828457444202663,0.10955522945597651,0.6764310025795538,1.9655170785793334,0.5465786251143037
2014,USA,4,2.96650506701943,2.5481888195618008,1.5380246201558592,0.17498848288703264,0.4045404667002323,1.3864247346601972,0.607182378898793
2014,VNM,4,7.46500685572751,6.774719005012268,0.9274125160333401,0.4764973168450681,0.4127414369277305,1.1205847766746688,0.7716572978063432
2014,BGD,5,7.88191515117722,5.500771075082487,0.786530234091246,5.66984711112104,1.937937420154926,5.261399209809488,0.9987666761193004
2014,CHN,5,6.06737806333672,9.572747409303657,1.761177982918706,12.287614251644676,2.5424201487094247,3.4656778740548426,0.023275923464909927
2014,DEU,5,0.977734697038784,1.3438114953167328,2.2695673865644603,0.13401222223743403,0.5538920928034367,1.751536298715011,0.43592932873550483
2014,FRA,5,2.02744646419237,1.7396466851880956,1.5138603162618254,0.08282871279490928,0.3755436076033679,1.3516723027934752,0.5753884796992983
2014,GBR,5,1.25629899760824,2.153315651514881,1.9539301713698718,0.8046388773858664,0.6180845292135588,1.6941600746831877,0.3230871848082055
2014,IDN,5,5.01928768046282,4.467057617259529,1.8115644907884043,0.3049580427055101,0.4899960463719268,1.5595918564707216,0.6197544671250298
2014,IND,5,3.87143694070524,6.494061970758951,1.4009035545510025,6.878162048264228,1.8655400097553807,3.0084264572074693,0.03059670661655945
2014,JPN,5,-0.308496921143259,0.8776398205306213,2.182804996886097,1.4069203699487296,0.7611022611046374,1.8471911847989873,0.2934271330105588
2014,KOR,5,2.31380210595475,4.7510834595552565,2.099515648180246,5.940340396608716,1.5078692869915726,2.334463977378403,0.12284577514370898
2014,MYS,5,4.41318742129586,5.011718380932921,2.2030322871115957,0.3582393096440608,0.579314239861158,1.74567964287099,0.39293209477940105
2014,NLD,5,2.3001616053659,2.0124062138895233,2.1377383431366908,0.0828031653237229,0.5150080551494425,1.6877465298931262,0.5535388531232507
2014,PHL,5,6.11852566221303,4.734003448931964,1.8313288931980773,1.916901759068702,0.8267476405647778,1.8097639173486515,0.77518155213669
2014,SGP,5,1.15877947300108,5.743933240897791,3.5335135742374106,21.023635075257403,2.9149619320060878,3.0231385764909717,0.09720917330620676
2014,THA,5,2.11455779628278,3.6803921884174264,2.8703222750003756,2.451837343591677,1.003351256003434,2.122161958812597,0.2926960260156094
2014,USA,5,2.58382533052225,2.482099404950564,1.523406797187977,0.010348163933416204,0.3587214366000874,1.342117143458812,0.5266197010599925
2014,VNM,5,7.35926270105006,6.639971054409478,0.8327185738220478,0.51738047292692,0.4281366547146252,1.1089431576181195,0.8061476001218777
2015,BGD,1,7.11347821270093,5.447621331725532,0.9040194978775228,2.775079147893082,1.178980896938107,2.5158469052088757,0.9673152162068244
2015,CHN,1,6.7736886867727,9.992066596123024,2.2536830582095546,10.357956367394163,2.102201099044554,2.7511714137817376,0.07663836225157394
2015,DEU,1,2.22222216259371,1.2784813544951945,1.963224915340492,0.890646712870439,0.6363756983532699,1.7090678164514879,0.6846385001002723
2015,FRA,1,0.860031075424033,1.412441453350614,1.2388071517901293,0.305157225640988,0.38617845954648944,1.232510336012432,0.3278270821264354
2015,GBR,1,2.20652020635357,1.983923125068573,1.69094799385936,0.049549460596599613,0.40683931447580096,1.4528924462939004,0.5523656380727257
2015,IDN,1,5.03306918280177,4.8567915777872175,1.3873066098377904,0.031073794029666733,0.33313035154354664,1.2543754202909922,0.5505553782873686
2015,IND,1,8.25630550176662,6.526118754182759,1.3732868550515418,2.99354618151482,1.0914885284326323,2.029803641337441,0.8961450000678806
2015,JPN,1,0.704986495111257,0.7942576715558088,1.9604252567388554,0.007969342943794309,0.4597629995809929,1.593136743365012,0.4818397858925436
2015,KOR,1,3.17152748983935,5.026310594739677,2.272580073417962,3.4402203662236954,1.1035911001279566,2.0729107881350264,0.20720505132567257
2015,MYS,1,4.44978139761541,5.670761814426968,2.093958715319037,1.4907931782373272,0.7655925075521756,1.8279958105240626,0.27991410256355825
2015,NLD,1,2.42428065449427,1.821794780670703,1.7504002814162194,0.36298922815694684,0.49098319939045876,1.5380194730081298,0.634651650064363
2015,PHL,1,7.14945675000752,4.462876134829795,2.026699452022555,7.217715401848723,1.7178635411154144,2.5039468318651767,0.9075128911587926
2015,SGP,1,3.91095306322606,5.813275498261428,3.381386348388527,3.6188306468388904,1.2062548932188202,2.2954761264976895,0.2868582309328269
2015,THA,1,3.43515771692182,3.9316464043310972,2.722613484742969,0.24650101672538707,0.6722809223475654,1.9371579009138273,0.42765113169946106
2015,USA,1,1.81945147909089,2.416656639708356,1.309780022525991,0.3566540038681336,0.4128776471762291,1.2927467509453352,0.3242099582129915
2015,VNM,1,6.69000892660424,6.885709275608378,0.8218785618179832,0.038298626600341425,0.21057181779461356,0.7511249135419749,0.4058965472390642
2015,BGD,2,6.59024999794057,5.540624904587771,0.8017745852852757,1.1017128365958722,0.668873153741402,1.5549180562766507,0.9047544035640422
2015,CHN,2,6.89123916636191,9.953821779424471,2.22264858622154,9.379412261833107,1.9796868856381231,2.6669392583195886,0.08411742104320202
2015,DEU,2,2.797906720551,1.4165965308752737,1.9057089104953,1.908017840101991,0.8281702287736509,1.8264800428734005,0.7657210628913218
2015,FRA,2,2.08361485997399,1.6844025804981555,1.294586870594312,0.15937044408429188,0.3512648289592117,1.224676312401204,0.621099751149929
2015,GBR,2,3.02322219840339,2.339202644563836,1.758070564551102,0.4678827500348624,0.5157051102151279,1.5588447610584613,0.6513892983948436
2015,IDN,2,5.06978590134916,4.876832960633394,1.418554039253488,0.037230837330861806,0.3419633297725716,1.2778274410106067,0.5540976049301906
2015,IND,2,6.79538341902422,6.478591969001725,1.4349948313174603,0.100356822807355,0.36313847948212763,1.3044675756467172,0.5873608849453089
2015,JPN,2,1.62345062245441,0.9577741295492143,1.951697169396253,0.44312519320656124,0.5458121159981795,1.6458041896595028,0.6334767057508227
2015,KOR,2,3.433191763972,5.03765484281172,2.253655924364313,2.574301771359832,0.9640562509613106,1.984920076793067,0.23825161407019596
2015,MYS,2,5.81272240983328,5.5934069475181225,2.034728320815809,0.04809927201051133,0.4849273300369105,1.6351097632769143,0.5429173216282149
2015,NLD,2,2.78150834679987,2.0052792517368894,1.8657068495507474,0.6025316080222936,0.563018265098459,1.629127716093661,0.6613136370943493
2015,PHL,2,6.9309883258402,4.639558114966461,1.9145562974514256,5.250652411304868,1.4274732238254133,2.284645332350348,0.8843168260483367
2015,SGP,2,4.32679370770501,6.08973435176658,3.3932783957355834,3.1079597144842257,1.1503875121402825,2.2756954794278035,0.3016924433958169
2015,THA,2,4.1776810321001,4.014626756344838,2.716303928645238,0.02658669684207302,0.6386901883793143,1.9200123197041974,0.5239333305248913
2015,USA,2,2.45762230126449,2.616196496435772,1.381450968136395,0.02514577537421984,0.3300919115681385,1.248661065408414,0.45430652260584253
2015,VNM,2,6.94019037359206,6.88713544988336,0.8959029066804991,0.0028148249297359914,0.2106210744413556,0.8107687729369928,0.5236113616064318
2015,BGD,3,7.31941263014136,5.574424293326256,0.7691552537054052,3.044984295620743,1.3172096949687537,3.229993084000393,0.9883569421348746
2015,CHN,3,6.757806142324,9.788484698204709,2.107489722049836,9.185012509075177,1.9837068733170566,2.698431988996801,0.07520973462933035
2015,DEU,3,1.13569604599849,1.3556610379175276,2.003952568490588,0.048384597669942284,0.4779362850575102,1.6200842876881505,0.45629764937631184
2015,FRA,3,1.64590872395887,1.620801884750198,1.2910022984927543,0.0006303533750501077,0.3018955368566818,1.1745465291776265,0.5077579632270989
2015,GBR,3,1.55133095078786,2.3150911996161363,1.7775233470090932,0.5833297176902303,0.5443414831834136,1.5864705555167298,0.33371544133588493
2015,IDN,3,5.17429153955024,4.855355038906726,1.420045300967841,0.10172049144273027,0.3603149100215509,1.2948489889919337,0.5888532132381306
2015,IND,3,6.45385134495295,6.568699429132518,1.4400084113960225,0.013190082439717046,0.34017499914907817,1.2867679298504995,0.4682159986144377
2015,JPN,3,0.834143845965585,0.8995289439434739,2.003412726236088,0.004275211037578136,0.46903874447594,1.614323204970625,0.4869820882595707
2015,KOR,3,3.17611568177327,4.971165301917838,2.182026426101842,3.222203138781159,1.067942779115008,2.0375711467445576,0.20535280078994594
2015,MYS,3,4.84308697634881,5.578845594488487,2.0283660012926474,0.5413407441668069,0.5793384637315871,1.691957287417305,0.3584015590427128
2015,NLD,3,2.25873158164956,1.9966955546903642,1.8020315920417744,0.06866287942456045,0.43629991694842396,1.5184254688047114,0.5578069875695768
2015,PHL,3,6.34148557153473,4.83083036778786,1.8223129527823243,2.282079144607497,0.898701460890043,1.8626463679006493,0.7964412391304536
2015,SGP,3,3.18660848474074,5.830298195082867,3.427954510152753,6.989095284568839,1.5764416537744164,2.4482885007646225,0.22028977195995192
2015,THA,3,4.22287028746071,3.9237495291750197,2.6338903647936074,0.08947322803740622,0.6290644673487511,1.8938491464951652,0.5452091344474334
2015,USA,3,2.96650506701943,2.555756774966205,1.386810607720551,0.16871415942464146,0.372272780696655,1.289806995513865,0.6164544397610946
2015,VNM,3,7.46500685572751,6.872870563531186,0.8778084391361602,0.35062538853601044,0.3587116843705499,1.0161286496224191,0.7500229862021741
2015,BGD,4,7.88191515117722,5.534400163685952,0.8306693431105947,5.510826616496131,1.8800181850494733,4.726700800128274,0.9976437213720424
2015,CHN,4,6.06737806333672,9.628718143854115,2.0176692434725467,12.683143169099651,2.4858609542904184,3.178628638915471,0.03877547503488283
2015,DEU,4,0.977734697038784,1.3846604075753388,2.0016795841427917,0.16558853389567998,0.5006716919004206,1.633588998904492,0.4194533523856048
2015,FRA,4,2.02744646419237,1.711498788080886,1.3426555037174628,0.09982293404024727,0.3432960533132367,1.2412746019832785,0.5930180744042262
2015,GBR,4,1.25629899760824,2.290075532550192,1.7757710506539324,1.0686939241965887,0.6485224082393442,1.6626263109072814,0.2802306591081945
2015,IDN,4,5.01928768046282,4.7820111611900105,1.4734923888768963,0.056300146598219816,0.3595579606880989,1.319539225860177,0.5639651244670292
2015,IND,4,3.87143694070524,6.578372821436023,1.4198243912257278,7.327501862387741,1.936747799522056,3.0868974768500728,0.028290826071953105
2015,JPN,4,-0.308496921143259,0.948623768620253,1.9775165953386737,1.5803524286314885,0.7706363496606117,1.8028418953668877,0.26248378111276444
2015,KOR,4,2.31380210595475,4.936213066517629,2.1798602010211297,6.877039246080321,1.6356373691941326,2.421825379641888,0.11448468630568676
2015,MYS,4,4.41318742129586,5.331284014994805,2.005108028459482,0.8429013553616047,0.6334201334501475,1.7194630007884668,0.32351973497187464
2015,NLD,4,2.3001616053659,2.0074195986259804,1.8359459126873268,0.08569788251011524,0.44763372521409583,1.5392105543270331,0.5633429182346583
2015,PHL,4,6.11852566221303,4.883704274870047,1.7503519917724764,1.5247838586396487,0.742852163447085,1.7275996283316515,0.7597412033349061
2015,SGP,4,1.15877947300108,5.81516504408115,3.3853372561683193,21.681926586562668,3.008410040000673,3.0843329428576474,0.0844949156826924
2015,THA,4,2.11455779628278,3.7986728890416743,2.5385852404867877,2.8362436456582985,1.023319363535705,2.070599858052361,0.2535349778333599
2015,USA,4,2.58382533052225,2.5513887256602383,1.383885214802284,0.0010521333349742823,0.32371031575506864,1.2441081382855619,0.509349871085652
2015,VNM,4,7.35926270105006,6.768371483752987,0.8287437835171113,0.34915243067881657,0.35497480105793583,0.9852761273159912,0.7620759639604991
2015,BGD,5,3.44801755122445,5.543626368265838,0.8180566206708918,4.391576314061605,1.6367738749684597,3.9992468699655666,0.005208187610367523
2015,CHN,5,2.33950385203023,9.462754430145997,1.8925362889770927,50.74069879862661,6.055576406760328,8.640195247066321,8.365370650000335e-05
2015,DEU,5,-4.13191443239947,1.3704823004464,2.0257019833749528,30.276369805632907,4.363588381744841,5.313974124505272,0.0033008898617930106
2015,FRA,5,-7.44064589948231,1.7037618087321298,1.3710636177679727,83.62019233405165,8.370867896693506,23.476121605271786,1.282751250276987e-11
2015,GBR,5,-10.047896637362,2.1798304553274157,1.7390025348851768,149.51730985329073,11.246599976744543,26.192966421290084,1.021915925909311e-12
2015,IDN,5,-2.06551182934165,4.499568563933476,1.6139436213932774,43.10028057016549,5.654527260716598,9.67081648122221,2.3737080913657573e-05
2015,IND,5,-5.77772470687303,6.550505015522758,1.4317819103409173,151.98524808816296,11.520433282669336,38.34744114572203,3.639976888444561e-18
2015,JPN,5,-4.28327942675573,0.8988564490111356,1.986617590197515,26.854532234910014,4.066967382083308,5.0075657790532215,0.004546707066891773
2015,KOR,5,-0.700242317542106,4.630942191492419,2.067651000555351,28.42152826936969,4.171121104981588,4.96936659515279,0.004963276578305985
2015,MYS,5,-5.45684658426701,5.044344900240988,1.960540347287886,110.27502259430331,9.39507507167511,15.936994773897109,4.2477799464069774e-08
2015,NLD,5,-3.86799714191608,1.9958612831569222,1.9017263101340558,34.38483562929963,4.792003398383033,6.315500818374994,0.00102311282985007
2015,PHL,5,-9.51829474045297,4.812270280292435,1.7795651416158647,205.3650938138117,13.326552904601044,33.91947638749092,4.044514592220684e-16
2015,SGP,5,-3.61084281729929,5.695073885262915,3.281127650696846,86.60008567502624,7.459159113656451,6.12912575063741,0.0022827305505820636
2015,THA,5,-6.09306312966953,3.5347427031017795,2.5577987020937694,92.69464515354525,8.18482383302468,8.942303673084735,8.357555197531874e-05
2015,USA,5,-2.081375977796,2.489455522327465,1.373464209057368,20.892500602520922,3.7962515665960113,6.773927647865291,0.0004374249330383026
2015,VNM,5,2.86541320912272,6.635712249641278,0.7597454433624873,14.215154854935161,3.341658674442704,12.957776602723683,3.4781096340696777e-07
2016,BGD,1,6.59024999794057,5.555965933021545,1.0506204124732892,1.0697435269454225,0.6218463182592374,1.4528910426349577,0.8375530350035671
2016,CHN,1,6.89123916636191,9.834789789946301,2.3902936976149705,8.66449027360406,1.8463220516303738,2.548601409903137,0.10907546956099262
2016,DEU,1,2.797906720551,1.3253630894996518,1.7942459518225182,2.168384745349889,0.8760934691013963,1.8403003638964637,0.794092363784754
2016,FRA,1,2.08361485997399,1.3629846904832854,1.117131318007878,0.5193078411802018,0.4403467904093176,1.2377615728382012,0.7405597464384374
2016,GBR,1,3.02322219840339,1.9822407397782333,1.5085680615461672,1.0836423972013582,0.6282631237406332,1.568181218222551,0.754917391217335
2016,IDN,1,5.06978590134916,4.885898560037219,1.2338898541820662,0.03381455429477422,0.2992666205352652,1.1402152549184623,0.5592352550863853
2016,IND,1,6.79538341902422,6.670276001651408,1.408407855379766,0.015651865881694912,0.33356843931512237,1.2653437118528994,0.5353910825224516
2016,JPN,1,1.62345062245441,0.7199024410464974,1.7470791430103352,0.8163993161255463,0.5906601881686807,1.6106196035235212,0.6974835034802487
2016,KOR,1,3.433191763972,4.924963949251982,2.11930836653803,2.225384252775012,0.8977059694451747,1.9177629509001082,0.2407488443204182
2016,MYS,1,5.81272240983328,5.548882357231559,1.9232148935028848,0.06961157335687905,0.46386294039058135,1.582346877075664,0.5545585009160866
2016,NLD,1,2.78150834679987,1.8452401924594444,1.583180578996772,0.8765980568320267,0.5846539092939177,1.5532420825723057,0.7228685246392011
2016,PHL,1,6.9309883258402,4.673348156719982,2.092524010774073,5.0969391332251694,1.3764158204761519,2.239330392956208,0.8596855515370225
2016,SGP,1,4.32679370770501,5.788155274388717,3.095701361277155,2.135577628580259,0.9936621658369635,2.1603740757588756,0.31844142997145913
2016,THA,1,4.1776810321001,3.936808466558346,2.428465469194744,0.05801959283066672,0.5770436908271015,1.8111171421531695,0.5395051607936097
2016,USA,1,2.45762230126449,2.3048690783594354,1.1899603475814773,0.023333547107881283,0.28589976183266913,1.101097732520832,0.5510712537218245
2016,VNM,1,6.94019037359206,6.838652143073536,0.7337640912136701,0.01031001225683291,0.17707353457112876,0.6189453333824142,0.5550299247634204
2016,BGD,2,7.31941263014136,5.635891108348033,0.9615824734623791,2.834244714341321,1.172051367117676,2.412382826385495,0.960008286970781
2016,CHN,2,6.757806142324,9.811445747392947,2.3531601147341594,9.324714837645631,1.9413412443448643,2.616679298487525,0.09719933244246093
2016,DEU,2,1.13569604599849,1.453796036671842,1.7342356812235784,0.10118760406638673,0.4284942460211801,1.4863274537605224,0.4272327759200043
2016,FRA,2,1.64590872395887,1.654381161527739,1.1907293176854485,7.178219835838579e-05,0.2782915106396464,1.0935298385969077,0.4971614161222444
2016,GBR,2,1.55133095078786,2.3402800962237396,1.5646543610888666,0.6224407540840045,0.5210775557319388,1.493728544212767,0.3070490998933044
2016,IDN,2,5.17429153955024,4.916271044638794,1.2617028142772966,0.06657457579434763,0.3158310044563516,1.1723112745280901,0.5810193067213557
2016,IND,2,6.45385134495295,6.567609600077184,1.4789832010694006,0.01294094060891041,0.34911992673964537,1.3132514348263569,0.4693449739020543
2016,JPN,2,0.834143845965585,0.9631620050610197,1.7446454044497974,0.016645685376374893,0.4115194481016078,1.478224231992638,0.47052471320493033
2016,KOR,2,3.17611568177327,4.930573015056685,2.1101153108281405,3.0781205343119504,1.0437344696005322,2.0113364516809087,0.20285946952290979
2016,MYS,2,4.84308697634881,5.548613136006516,1.8704964194246971,0.4977671619613503,0.5420491602747036,1.6162772543234827,0.35301747388085875
2016,NLD,2,2.25873158164956,2.0225282684186814,1.676385360667891,0.05579200518124461,0.40501816759293247,1.4455048944019127,0.5560256740519022
2016,PHL,2,6.34148557153473,4.804824836669985,1.9758482032421791,2.3613262140750595,0.9158668455613749,1.9023621106601043,0.7816335578519176
2016,SGP,2,3.18660848474074,5.979769806604392,3.1416416048428513,7.801750169955104,1.6644496547941443,2.458912964702504,0.18698084699440431
2016,THA,2,4.22287028746071,3.997530227211697,2.4165831944278344,0.050778142753028804,0.5731200091236768,1.8056407098484937,0.5371464841824509
2016,USA,2,2.96650506701943,2.576678273958895,1.26715038483109,0.15196492858786137,0.34359664021560726,1.2030304634167566,0.6208220549181283
2016,VNM,2,7.46500685572751,6.886809989879196,0.797361028894313,0.33431161567681333,0.34664347241163884,0.9554034512414149,0.7658163452901054
2016,BGD,3,7.88191515117722,5.684551211495784,0.9228595409572742,4.828408283412322,1.682011816323552,3.673332063561946,0.9913680422376152
2016,CHN,3,6.06737806333672,9.628396322329689,2.2131653529705715,12.680851040881317,2.4130830189951604,3.0078284057950535,0.053806431651737915
2016,DEU,3,0.977734697038784,1.3993974463730003,1.8246074970790302,0.17779947417609016,0.46510457404572325,1.547006519910743,0.40861941830171106
2016,FRA,3,2.02744646419237,1.5640376099856275,1.1790001522615448,0.21474776615720612,0.34727009774654566,1.1608503833980781,0.6528596147203212
2016,GBR,3,1.25629899760824,2.293093729106594,1.5805258458125353,1.0749433152627441,0.6313620943369301,1.5918515946056548,0.2559182139859287
2016,IDN,3,5.01928768046282,4.900737379313679,1.261838729540677,0.014054173902552048,0.2993254680925918,1.1559218419575394,0.5374257363142584
2016,IND,3,3.87143694070524,6.654183281154221,1.4710791529196483,7.743677195282198,1.9860159051903328,3.0940782324712144,0.029269745412047944
2016,JPN,3,-0.308496921143259,0.8689719295552152,1.7857207982131853,1.3864328943651854,0.7162998118212336,1.7161517676335594,0.25482584225152677
2016,KOR,3,2.31380210595475,4.860993195642628,2.0334554697757303,6.488182447385318,1.604536523303911,2.413230678766383,0.10516806830948111
2016,MYS,3,4.41318742129586,5.48657023096782,1.8684015835666854,1.1521506560992716,0.6760948180894006,1.7090426814024307,0.28281726672911855
2016,NLD,3,2.3001616053659,2.0048036428074947,1.6266854050943864,0.08723632604665248,0.4014842090214887,1.4219668937249874,0.5720400703175657
2016,PHL,3,6.11852566221303,4.998561662967126,1.8495597104506525,1.2543193596068793,0.6948108665212205,1.717219475353934,0.7275865705739977
2016,SGP,3,1.15877947300108,5.741965976170069,3.1407358645821275,21.005598522830383,3.0130860600300857,3.1281323903751295,0.07224519085007466
2016,THA,3,2.11455779628278,3.918851196449399,2.349111070687755,3.2554746738848186,1.076185547757316,2.0679450968797912,0.22122132504868125
2016,USA,3,2.58382533052225,2.4880824983267984,1.264509709250698,0.009166689916806414,0.2984002012315637,1.1564894079621255,0.5301772298757609
2016,VNM,3,7.35926270105006,6.861887574545522,0.7771932787419356,0.24738201646540547,0.3044475255373458,0.8716487960569301,0.738901749930232
2016,BGD,4,3.44801755122445,5.625149469857809,0.9743561180381408,4.73990339113217,1.636040798805034,3.3893019873959616,0.012727350326702646
2016,CHN,4,2.33950385203023,9.48223235457866,2.1223742534420533,51.01857046111773,5.945727577131479,7.334575519235678,0.00038210497409049276
2016,DEU,4,-4.13191443239947,1.40240769871414,1.820104015580848,30.62872145093389,4.508642523111764,6.140646578672827,0.0011802911317046285
2016,FRA,4,-7.44064589948231,1.6440292318868095,1.2256399006174508,82.53132224251652,8.393181866260266,28.592677772640183,6.211556059269316e-14
2016,GBR,4,-10.047896637362,2.2657596817722023,1.577877220150757,151.62613194575366,11.423434427407855,31.825744689185832,3.0002291567615777e-15
2016,IDN,4,-2.06551182934165,4.831037650601474,1.3088321349414185,47.56239472930377,6.158120054725407,15.07051419642498,6.849520882410631e-08
2016,IND,4,-5.77772470687303,6.654286440365067,1.4461435931159334,154.55490116505229,11.616111995687763,38.23915837669561,4.103326378786875e-18
2016,JPN,4,-4.28327942675573,0.935011616384504,1.7645864834715523,27.230561410917584,4.224297101940082,5.859464500544641,0.0015520739442773613
2016,KOR,4,-0.700242317542106,4.813591627719049,2.0273322823518503,30.40236477591419,4.374063043318011,5.324175282215723,0.0032665792051658287
2016,MYS,4,-5.45684658426701,5.277066458483797,1.8244793632079859,115.21688920933587,9.704560791814952,18.82669303758945,2.0111391000790324e-09
2016,NLD,4,-3.86799714191608,1.992765155641372,1.64842150104136,34.3485347084709,4.930894526699225,7.739114693570301,0.00018871769713303015
2016,PHL,4,-9.51829474045297,5.027409884190427,1.7876137526356832,211.57752302737225,13.537151565999626,34.60471087618459,2.026978924680664e-16
2016,SGP,4,-3.61084281729929,5.688063979138465,3.1033910484615608,86.46966760883628,7.550408440563239,6.540549518292653,0.001366075022259677
2016,THA,4,-6.09306312966953,3.783606651255742,2.265042393454509,97.54860596144248,8.598762625509863,11.243420544493295,6.4889019908249276e-06
2016,USA,4,-2.081375977796,2.5091784301523314,1.2610824881615457,21.073189772333862,3.8791485155636143,7.7763271448615745,0.0001362291455384397
2016,VNM,4,2.86541320912272,6.76500997583981,0.7313253224332612,15.206854942990383,3.486990650117166,14.822394203389534,4.850626645774345e-08
2016,BGD,5,6.93867912442445,5.615546980006028,0.9731901567526796,1.7506786715932927,0.8520340791532369,1.8159948117780131,0.91301893411406
2016,CHN,5,8.57038414981781,9.320686281996508,1.9831997103300305,0.5629532895519,0.5753763551730912,1.675216537235856,0.3525930707254045
2016,DEU,5,3.90999994204108,1.38480154103632,1.8461227032657295,6.376626964436995,1.628902796839564,2.467517730463308,0.9143187418295078
2016,FRA,5,6.88233783360239,1.6495017786640427,1.2518183564674845,27.38257317786273,4.526581107302166,9.880521513745194,0.9999854365895369
2016,GBR,5,8.5431118453255,2.1671853179668843,1.5466119065413335,40.65243908227529,5.503356952546882,9.852558821654704,0.9999812618660919
2016,IDN,5,3.70288562827751,4.530516275305263,1.445092569977044,0.684972487899576,0.521805049907091,1.4511149165176167,0.2834177956928181
2016,IND,5,9.68959249191741,6.632122552848733,1.4479670123866804,9.348122428308615,2.2586842106591023,3.5184429040028053,0.9826379179335377
2016,JPN,5,3.56419531474475,0.8900081065230347,1.772429887793429,7.151277224616652,1.7760300917388487,2.6294818519229053,0.9343210828706185
2016,KOR,5,4.61296795454287,4.503378840161281,1.9070985295359708,0.012009773990941051,0.4481909579578254,1.5661725695159228,0.522912126128888
2016,MYS,5,3.31534954399166,5.020220786537537,1.764406879730604,2.906585953659921,1.0227988803961106,1.9535798241897013,0.16695769300832458
2016,NLD,5,6.27683593745216,1.9840150741019371,1.7084232586315258,18.428310964814948,3.3355286153300074,4.6114367436638375,0.9940100947670615
2016,PHL,5,5.71473313185116,4.918744501904344,1.8294696968659905,0.6335978990046092,0.5635640036221681,1.617617437127895,0.6682523734708352
2016,SGP,5,10.1410845197192,5.542090525785121,2.994416021952665,21.150745756241733,3.0712327198286076,3.195115706004576,0.9377132385077188
2016,THA,5,1.55858232076893,3.494122602274579,2.2782517132884856,3.7463161813309673,1.151645969334404,2.103233709595947,0.19778136934123464
2016,USA,5,6.15202247867526,2.469958975918258,1.251045631718124,13.557591638335163,2.9774036083261595,5.474098422778332,0.9983757488448063
2016,VNM,5,2.55372852648131,6.638430512487257,0.6758104358344914,16.68479031448092,3.703416777815055,18.792991412057127,7.509825018274569e-10
2017,BGD,1,7.31941263014136,5.599081105771982,1.0078428275189626,2.9595405537390675,1.1879602873206234,2.3835801104426526,0.9560837929353688
2017,CHN,1,6.757806142324,9.831514478586858,2.4294318452955856,9.447682936411782,1.9411438476688427,2.6069568739226776,0.10290047285023429
2017,DEU,1,1.13569604599849,1.4518792820596569,1.718266682810805,0.09997183876611161,0.4246961965228936,1.477184947131398,0.42700166731700545
2017,FRA,1,1.64590872395887,1.4705571857595379,1.0509169045916005,0.030748161948871797,0.2572394149221572,0.982521981013149,0.5662582280359861
2017,GBR,1,1.55133095078786,2.1063066623679516,1.4213556287322016,0.30799804044382895,0.41752996426830774,1.3467772533377367,0.34809998438893686
2017,IDN,1,5.17429153955024,4.899968880168116,1.0968392103561198,0.07525292145048117,0.2835550145065443,1.0426468600880536,0.5987461105136577
2017,IND,1,6.45385134495295,6.481749096165307,1.2433614784685998,0.0007782845227065444,0.29081704064685776,1.137008832374052,0.4910495387609661
2017,JPN,1,0.834143845965585,0.8069401787989319,1.6006774058281459,0.0007400395073140411,0.3742547080748277,1.389509868148082,0.5067797362300033
2017,KOR,1,3.17611568177327,4.899132200616728,1.9462902725511069,2.9687859242074297,1.026533486304499,1.9767261312601319,0.18800217064529107
2017,MYS,1,4.84308697634881,5.725643606733965,1.7203048406615415,0.7789062058367988,0.5787967306027417,1.5930365433547031,0.303967477761808
2017,NLD,1,2.25873158164956,1.948466633375716,1.4736554742189028,0.09626433812737123,0.3703503491615857,1.3288483280239118,0.5833772858597362
2017,PHL,1,6.34148557153473,4.719622014537789,2.0434401059045606,2.6304413975147707,0.9657330975380514,1.9485473223514043,0.7863128333170699
2017,SGP,1,3.18660848474074,5.688815903432298,2.8042797430824673,6.2610419661550685,1.4913482830875526,2.3481685544631983,0.1861209876791955
2017,THA,1,4.22287028746071,4.026120838090048,2.1665599924124006,0.03871034582765872,0.5134372723736379,1.6962025873838382,0.5361789765209994
2017,USA,1,2.96650506701943,2.345461306303427,1.0616689440705844,0.38569535272427635,0.38904341504080797,1.1498752315917369,0.7207158270685067
2017,VNM,1,7.46500685572751,6.9849466299791425,0.6582923059507804,0.23045782034557355,0.2876277046752438,0.7667357242958482,0.7670758852965909
2017,BGD,2,7.88191515117722,5.597143779871296,0.933641877199775,5.220180219139152,1.7624230897488944,3.844573048501093,0.992800661540488
2017,CHN,2,6.06737806333672,9.700020282399098,2.392253885518679,13.196089491714442,2.417367206340703,2.944098607580995,0.06444395262128991
2017,DEU,2,0.977734697038784,1.412820644566626,1.6493989849011423,0.1892997817362001,0.43097878665713646,1.45414064416132,0.39597297519567043
2017,FRA,2,2.02744646419237,1.6006859203200754,1.0843309399799672,0.18212456180617684,0.31955744956428217,1.0773505081916732,0.6530508747127503
2017,GBR,2,1.25629899760824,2.3113376246786337,1.4315718897840062,1.1131065046105815,0.6314325502984135,1.5492807273419014,0.23056751600559933
2017,IDN,2,5.01928768046282,4.799225922794874,1.123248463452345,0.048427177187905596,0.27964251937314366,1.0543548711415722,0.5776618381461484
2017,IND,2,3.87143694070524,6.552014053256132,1.3175952494928542,7.185493656331676,1.9575956100673655,3.264233214573021,0.020953296143019336
2017,JPN,2,-0.308496921143259,0.9132386546652916,1.5802405820438832,1.4926378171962509,0.728415253725025,1.6753826766442055,0.21972194243165255
2017,KOR,2,2.31380210595475,4.833318136075639,1.9424670177944179,6.347961026036123,1.6015741639151566,2.4240928734418103,0.09730352162548128
2017,MYS,2,4.41318742129586,5.469549740977928,1.6736367253917335,1.1159013504440787,0.6486251633074079,1.6331301693565496,0.26396214310217847
2017,NLD,2,2.3001616053659,2.006301158787778,1.538243383469472,0.08635396206309333,0.38180772513152716,1.3678270876202805,0.5757514543139048
2017,PHL,2,6.11852566221303,4.77504696298954,1.9505500461622491,1.8049350152672405,0.8110635274924018,1.8242514126249847,0.7545157241330929
2017,SGP,2,1.15877947300108,5.780343721334724,2.864317348431708,21.358856101475716,3.1345117364523665,3.272953063865793,0.05331840852797744
2017,THA,2,2.11455779628278,3.96261758776217,2.1552582496102697,3.4153249928828453,1.0997929007738205,2.054472707943128,0.1955938113281705
2017,USA,2,2.58382533052225,2.5307515989322162,1.1256272553491933,0.002816820984890953,0.2640515822824375,1.0383905520699046,0.5188033052186486
2017,VNM,2,7.35926270105006,6.880853957277165,0.7119649342228838,0.22887492611835927,0.29001417937311597,0.8049740026782137,0.7491939825618876
2017,BGD,3,3.44801755122445,5.642320497845856,0.8961936355276195,4.814965421551384,1.6928891145171678,3.806841649034811,0.007173225145916999
2017,CHN,3,2.33950385203023,9.560060447582549,2.2431364866454935,52.13643754957409,5.955776872252125,6.907650985147008,0.0006432921845179499
2017,DEU,3,-4.13191443239947,1.434959960645887,1.7285370211233149,30.990090507944107,4.5922450651914035,6.652249342813933,0.0006396798287516766
2017,FRA,3,-7.44064589948231,1.616972188072843,1.080525576403249,82.04044542000625,8.447996812591503,36.130411544121806,2.588469440770334e-17
2017,GBR,3,-10.047896637362,2.3593997403248377,1.4461835724608751,153.9410034037609,11.59137467020653,38.09037914481549,4.771072480362545e-18
2017,IDN,3,-2.06551182934165,4.775251195089517,1.1233385097610353,46.79603875642465,6.206987138624657,19.577295886926688,5.657113950100587e-10
2017,IND,3,-5.77772470687303,6.639153967853006,1.3089333667073688,154.17887602286618,11.678392103671642,46.18268967534205,1.1973924878137404e-21
2017,JPN,3,-4.28327942675573,0.9088160922842309,1.6204425929492832,26.957855878834838,4.278449937226048,6.534836266077287,0.0006773756347879047
2017,KOR,3,-0.700242317542106,4.822136921497274,1.8673502406842453,30.496672459773155,4.470497739318927,5.916372566779433,0.0015515565469139123
2017,MYS,3,-5.45684658426701,5.524376166898177,1.6705270059327986,120.58725311070793,10.03872881539465,23.03758184172193,2.4571704634064306e-11
2017,NLD,3,-3.86799714191608,2.060793208610581,1.496229333667181,35.150555020498054,5.084658579361239,9.17254113685856,3.708641276078031e-05
2017,PHL,3,-9.51829474045297,4.988818929228894,1.8137744426644886,210.45634702507041,13.483801022225423,33.5007567923557,6.307392217351837e-16
2017,SGP,3,-3.61084281729929,5.7270151902910955,2.8401241399145247,87.19559216991989,7.736246612965404,7.36771400191986,0.0005048059360277939
2017,THA,3,-6.09306312966953,3.8663773066641047,2.097965254485997,99.1904538048775,8.775791137494316,12.927814649284821,1.0313090336812136e-06
2017,USA,3,-2.081375977796,2.519890878532174,1.124660072235875,21.171656683144153,3.966756042957064,9.405587505742975,2.1452605232202047e-05
2017,VNM,3,2.86541320912272,6.8734908532415995,0.6952385832565326,16.064686401285545,3.615831278297684,17.173276469062145,4.081944637010793e-09
2017,BGD,4,6.93867912442445,5.6307844671610034,0.9387829582240427,1.710588434498268,0.8481304275599324,1.8262443285797838,0.9182174804594323
2017,CHN,4,8.57038414981781,9.363012103131558,2.1364455947979417,0.6282590723743402,0.6152651877481187,1.7469036969939842,0.35531760882796526
2017,DEU,4,3.90999994204108,1.4934304909385685,1.729373814011517,5.839807912001893,1.5684379221138178,2.4430148239221214,0.9188483424362666
2017,FRA,4,6.88233783360239,1.6920945989918923,1.1159680863123007,26.938624834420043,4.5606263973106875,11.844043118454241,0.9999983474607133
2017,GBR,4,8.5431118453255,2.31569687404616,1.45111905327497,38.780697224514064,5.408714196311566,10.499575003129996,0.9999911247697402
2017,IDN,4,3.70288562827751,4.70264727267974,1.1652657162044802,0.9995233456178504,0.5949730453092911,1.439942919600963,0.19545484206846025
2017,IND,4,9.68959249191741,6.680143020385464,1.287068102833392,9.056786121703903,2.291721100725589,3.904943744639567,0.9903121027365606
2017,JPN,4,3.56419531474475,0.9509900195424213,1.5978294113799696,6.82884191487349,1.7800069535850118,2.724968987786215,0.9490249322510182
2017,KOR,4,4.61296795454287,4.766137031181638,1.8548263058238181,0.023460766038372886,0.4385067462734525,1.5401392070061184,0.4670932838439368
2017,MYS,4,3.31534954399166,5.27671055686766,1.6433000557796151,3.8469370228299686,1.2210671281531038,2.1279259515997926,0.11632699370230609
2017,NLD,4,6.27683593745216,2.0806154331357574,1.5177224393044477,17.6082665208454,3.3425358220008694,5.158248042825614,0.997152238395828
2017,PHL,4,5.71473313185116,5.022894240581533,1.7406123534892437,0.47864105147318636,0.5150534719725233,1.5521661868571606,0.6544890602404303
2017,SGP,4,10.1410845197192,5.613232574527963,2.8063917358140706,20.501443237572072,3.070898983017843,3.252379112953366,0.9466719384475026
2017,THA,4,1.55858232076893,3.7259427202890674,2.025378887149624,4.697451101408089,1.3194533972211457,2.1972536217320955,0.14228687708739957
2017,USA,4,6.15202247867526,2.5297384303717627,1.12151190915741,13.120941726593973,2.9899105642941777,6.2494919101313,0.9993806638567123
2017,VNM,4,2.55372852648131,6.776869064033268,0.6583811065574138,17.834915999914635,3.8516887752414948,21.073433220358375,7.067464377092987e-11
2017,BGD,5,7.09982877575158,5.670331790915577,0.9388353381984437,2.0434616296552246,0.9520674314515896,2.0150213912246238,0.9360741012837721
2017,CHN,5,3.13385438394069,9.192518195293244,2.0041036272017143,36.70740717899306,4.9293806739388835,6.183789926165744,0.0012508778359198983
2017,DEU,5,1.8092581243061,1.4453195935710959,1.7428556563369824,0.1324512541535535,0.4375052144104341,1.4962658295290452,0.5827045936937607
2017,FRA,5,2.71676264185913,1.6629172422299074,1.1369006314472268,1.1105901263196758,0.6297189214387622,1.4768587163294624,0.8230226927068058
2017,GBR,5,5.14970388522993,2.190148555747913,1.4303967868362375,8.75896774826541,2.1726884762728886,3.417364032288992,0.9807290682523435
2017,IDN,5,5.30719722664799,4.53697428892901,1.2967456930178454,0.5932433737884547,0.4803713296421381,1.3551941897859725,0.7237325951355632
2017,IND,5,7.6093649776932,6.653906596262802,1.286642606817922,0.9129007186455969,0.5714157868944316,1.4467007126739138,0.7711374865773168
2017,JPN,5,1.33164750653741,0.911009963921346,1.6088079315369082,0.17693594225808107,0.4195975690265555,1.4286124644255436,0.6031307733539821
2017,KOR,5,2.72756456708991,4.537705301941413,1.7247007228827032,3.2766094799687404,1.0983673045000601,2.01475816916681,0.14696504930962656
2017,MYS,5,9.03173723044451,5.037122612579963,1.6135715991068886,15.956945945257116,3.091227360734576,4.461773414541448,0.9933500298984204
2017,NLD,5,5.00723453395074,2.043406395738555,1.561281941255339,8.784277232858308,2.1176370933375535,3.166273914152235,0.971173678968734
2017,PHL,5,7.58098212785563,4.982217560273376,1.7989466599396755,6.75357727772098,1.7033107590331364,2.5495794148336612,0.9257153496813039
2017,SGP,5,4.01027884472296,5.467447101777976,2.7057951540677325,2.123339329368755,0.9380433578427717,2.059344902535342,0.29510350903833416
2017,THA,5,2.63784213566305,3.539064313261456,2.075556297752315,0.8122014133952128,0.6387528896762826,1.7434358366863836,0.33206887202565183
2017,USA,5,2.52421385073222,2.4721672027083272,1.1129254608214316,0.0027088535705229616,0.2610559363220382,1.0270241434041094,0.5186499844306787
2017,VNM,5,8.53750041218142,6.662053729532813,0.6181470572145615,3.517300259457662,1.527113354744686,5.04043124998921,0.9987932535077148
2018,BGD,1,7.88191515117722,5.706714476797388,1.1349554562007553,4.731497973822477,1.558904310676896,2.8821169197789756,0.9723525378830925
2018,CHN,1,6.06737806333672,9.654436509263691,2.489904075641721,12.866988294496021,2.3491410155015493,2.8689062818937794,0.0748430344058085
2018,DEU,1,0.977734697038784,1.3039003920584071,1.538916340857392,0.10638406060763379,0.3871128058166321,1.372477378479429,0.4160749534973026
2018,FRA,1,2.02744646419237,1.433680543276025,0.9387327617939139,0.3525579688416356,0.3644046811961351,1.05575397622328,0.7364759668655411
2018,GBR,1,1.25629899760824,1.9449242034219338,1.2902843080658442,0.47420467408195227,0.4447685009990289,1.316219160798391,0.2967744283952518
2018,IDN,1,5.01928768046282,4.93148219726816,0.9798308826695382,0.007709802879047676,0.23211853562535922,0.9025784778747219,0.5357025820270869
2018,IND,1,3.87143694070524,6.555769695967679,1.101044060631364,7.205642340974836,2.0684745884017826,3.9870913663027348,0.007384621973407161
2018,JPN,1,-0.308496921143259,0.7512029863758037,1.4266236804319392,1.1229638939959101,0.6337415965532747,1.550127041313433,0.2288005733024997
2018,KOR,1,2.31380210595475,4.760167661430512,1.833026296854782,5.984704431018233,1.5671892853430158,2.4154917333156924,0.0910028755023422
2018,MYS,1,4.41318742129586,5.548131898836512,1.5701800152690577,1.2880989671000223,0.6806781914863856,1.6313571782676717,0.23489779077704065
2018,NLD,1,2.3001616053659,1.8702044447034372,1.319038292952574,0.18486316000492706,0.3636745184504922,1.248967248895724,0.6277736766899558
2018,PHL,1,6.11852566221303,4.783353924827499,1.9072923994857063,1.782683568313098,0.8040902813462937,1.8096477892804934,0.758047326055425
2018,SGP,1,1.15877947300108,5.542290132390915,2.684408005984828,19.2151657009843,2.9844003061651283,3.2396656246671243,0.05123949768803042
2018,THA,1,2.11455779628278,4.038317096255889,1.9329130553043232,3.7008498442330247,1.1582280985564668,2.073242236330618,0.15980387542026941
2018,USA,1,2.58382533052225,2.4095750404106115,0.9868602860556127,0.030363163603990183,0.2428669334115922,0.921300278031945,0.5700770668638075
2018,VNM,1,7.35926270105006,6.957771625615787,0.6311515569790908,0.16119508365336915,0.24608449477062216,0.6610565707292597,0.7376524161975464
2018,BGD,2,3.44801755122445,5.744260819888473,1.0611184430268368,5.272733148884837,1.7090555287307974,3.3196752652982315,0.015232791009489818
2018,CHN,2,2.33950385203023,9.576721172632931,2.4216171976359835,52.37731454563174,5.8728930058350866,6.2692047400727535,0.0014013465725978276
2018,DEU,2,-4.13191443239947,1.4968956346400544,1.480445888727128,31.6835027708055,4.793607875978904,8.539281401234271,7.173607435221294e-05
2018,FRA,2,-7.44064589948231,1.645512911877654,0.9631368963986304,82.55828194525431,8.542767006881341,45.380825423907204,1.9751673950317615e-21
2018,GBR,2,-10.047896637362,2.3071110395343126,1.3184402159520192,152.6462146961668,11.611157440525728,45.10252902253771,3.594895406335662e-21
2018,IDN,2,-2.06551182934165,4.9130178543595555,1.0027122785872917,48.69987654629885,6.412809860827292,25.140033231850232,1.7055573879574012e-12
2018,IND,2,-5.77772470687303,6.583816752957915,1.1759776126551678,152.8077072631194,11.698067140285541,56.32911401234209,3.814669193338607e-26
2018,JPN,2,-4.28327942675573,0.9628811329859578,1.4110302394518148,27.522200618589213,4.450139871981535,8.17488923110328,0.00010041717964169182
2018,KOR,2,-0.700242317542106,4.750851442629125,1.825078823950089,29.71442318217773,4.422864836722827,5.980964269332814,0.0014097009667769901
2018,MYS,2,-5.45684658426701,5.4908263274377545,1.5167360463898887,119.85154218167426,10.09194623334029,27.384652698516305,2.6395212703056484e-13
2018,NLD,2,-3.86799714191608,2.0362999078050574,1.374039153476308,34.86072365134572,5.129083525870739,10.468956611516361,8.654816480965729e-06
2018,PHL,2,-9.51829474045297,4.937326679355732,1.8063268526577896,208.9649906328321,13.436510625056574,33.53241140519512,6.082468002094759e-16
2018,SGP,2,-3.61084281729929,5.7478856162496195,2.768979319581787,87.58579789291683,7.797018081979994,7.649102606115647,0.0003626300094809452
2018,THA,2,-6.09306312966953,4.012366080972369,1.9218613076492264,102.11969953129456,9.021135129736583,15.396287457221216,7.275710393131278e-08
2018,USA,2,-2.081375977796,2.5770866263453165,1.0212123672537436,21.701273834183098,4.082306270414634,11.344474224211075,2.537077490709053e-06
2018,VNM,2,2.86541320912272,6.9253354419230195,0.693315509909334,16.482968536386174,3.668760844530569,17.69790976087075,2.373487613693585e-09
2018,BGD,3,6.93867912442445,5.801558625576306,1.0346984860337431,1.293043028900651,0.6956399398819947,1.5569351459966565,0.8641131979744938
2018,CHN,3,8.57038414981781,9.4012985198285,2.268232410852604,0.6904186902902626,0.6501670884518433,1.8050370579000776,0.3570606088364934
2018,DEU,3,3.90999994204108,1.4260660789614552,1.5495618843024044,6.169927436153667,1.6812104866931223,2.6417009542773906,0.9455316871801386
2018,FRA,3,6.88233783360239,1.594797197598776,0.961648375180758,27.958085977389505,4.744988646009545,15.996108933869353,0.9999999808388534
2018,GBR,3,8.5431118453255,2.2659336027661454,1.3265722061339011,39.40296668886055,5.528740599473438,12.396873007763128,0.9999988877411514
2018,IDN,3,3.70288562827751,4.9070819724137165,1.0044181968831056,1.4500888352310044,0.7504693583146217,1.642026849010124,0.11528353824801124
2018,IND,3,9.68959249191741,6.630503755766471,1.1702145075328196,9.358023895645546,2.4021410336618176,4.492954242264466,0.9955272043546591
2018,JPN,3,3.56419531474475,0.8960317403875501,1.4440330424390788,7.119096859526588,1.8899847660667626,2.9934064542025585,0.967678311879903
2018,KOR,3,4.61296795454287,4.6903098380539285,1.7476900600939738,0.005981766945038164,0.40979161395899083,1.4782126818791679,0.4823510586900085
2018,MYS,3,3.31534954399166,5.481288683472094,1.5140539355778184,4.691292355933244,1.4154972374397592,2.3569747334271525,0.07627873400599507
2018,NLD,3,6.27683593745216,2.0328031749756375,1.337419761313956,18.011814088974095,3.4900213850691864,6.244593943300495,0.9992464138413477
2018,PHL,3,5.71473313185116,5.112975177252823,1.6784202024183923,0.36211263592237464,0.47739836975389427,1.5010621186244397,0.640025292960714
2018,SGP,3,10.1410845197192,5.484094570168536,2.696641893906797,21.6875553902159,3.227905752897633,3.402139458050166,0.9579124851547527
2018,THA,3,1.55858232076893,3.94933929774094,1.8746153613428052,5.7157189229403444,1.5129636195991782,2.3605778989764428,0.1010958761900958
2018,USA,3,6.15202247867526,2.516642308755943,1.025547215189709,13.215988979842601,3.0568773851479643,7.227038909771075,0.9998035592781677
2018,VNM,3,2.55372852648131,6.919748376757568,0.6821867666961386,19.062129333006318,3.981137182488007,21.016716983120254,7.767017203303105e-11
2018,BGD,4,7.09982877575158,5.741461300244592,1.0750667434219943,1.8451621985152273,0.8575591860357467,1.7895616687430305,0.896798675172944
2018,CHN,4,3.13385438394069,9.234153545961624,2.151195505811282,37.213649866153304,4.889519391366916,5.705762607215803,0.0022857561734440338
2018,DEU,4,1.8092581243061,1.4408483697860655,1.5506918638760303,0.13572574722551203,0.39714337707121605,1.385861302152028,0.5938956629313767
2018,FRA,4,2.71676264185913,1.648875390297407,0.9903319186543603,1.1403831820480508,0.6509943975124761,1.4906022977328575,0.8595528317309615
2018,GBR,4,5.14970388522993,2.2638930838188775,1.3279279316688273,8.3279039815407,2.1506122521229396,3.5638884064445455,0.985116171259111
2018,IDN,4,5.30719722664799,4.836997520824431,1.0435851224846742,0.2210877633565612,0.32699686036987347,1.0631035687082797,0.6738473377236707
2018,IND,4,7.6093649776932,6.668015140429222,1.1523579777463935,0.8861395161169194,0.5600929270098642,1.3944035191493849,0.7930043854260569
2018,JPN,4,1.33164750653741,0.9465473407290754,1.4245036798323913,0.14830213770560682,0.37418130006910166,1.3093038190277921,0.6065506095668942
2018,KOR,4,2.72756456708991,4.639134204566179,1.7336239479889688,3.654098478921157,1.170156957990074,2.0770641548545257,0.135090948269239
2018,MYS,4,9.03173723044451,5.270578646854295,1.4763819781049725,14.146313890914348,2.933301364466116,4.55354141064307,0.994575902340487
2018,NLD,4,5.00723453395074,2.0320094094230927,1.3549985926434542,8.851964541620555,2.2241541817725654,3.633376856781401,0.9859447344095336
2018,PHL,4,7.58098212785563,5.16824845422784,1.6098138048310868,5.821283779857448,1.599116270006119,2.518206330438231,0.9330327838627933
2018,SGP,4,4.01027884472296,5.4708027424473995,2.675761301144816,2.13313005582419,0.9356836051477272,2.0521403397300024,0.2925897160188988
2018,THA,4,2.63784213566305,3.7911142894726213,1.8140649820788324,1.330036660752567,0.7069673245048651,1.716590848643686,0.26247322290178
2018,USA,4,2.52421385073222,2.5077256173015896,1.02347085003008,0.0002718618416629519,0.2392859647048041,0.9422679461521876,0.5064267281516256
2018,VNM,4,8.53750041218142,6.7982762744894965,0.6677141228292706,3.0249006011302124,1.3644323673861574,3.9073881807700253,0.9954028492026559
2018,BGD,5,5.77511237007889,5.7468212808863,1.0664947381089132,0.0008003857277031105,0.24953384524302075,0.9836677037510919,0.5105815693894237
2018,CHN,5,5.41600334492955,9.067083919166553,2.0128428562705594,13.330389359570805,2.5709455615847703,3.2635896253755083,0.03484713829790097
2018,DEU,5,-0.869647578573321,1.4512877085958291,1.563066866107129,5.386740607226946,1.5338949433079403,2.467992803497123,0.06879047218823023
2018,FRA,5,1.43921494437743,1.6382443308336327,1.0104040592796768,0.03961269667313249,0.25171643225622387,0.9486894019462577,0.4219215964098951
2018,GBR,5,0.271650048355255,2.1829027098332934,1.3032312202824843,3.652886736006885,1.2583870993783657,2.2591684985545726,0.07124936833740578
2018,IDN,5,5.04883117855516,4.5833718653015625,1.172930089870382,0.21665237229451045,0.34684464256508823,1.1571823753046162,0.6542553050222883
2018,IND,5,7.210224629335,6.674673209556207,1.1530692284803128,0.2868153232270809,0.3669535616160248,1.1692261061779667,0.6788399270685579
2018,JPN,5,0.720785304749811,0.9009950818916821,1.4340800272904466,0.032475563777522864,0.3441597062299643,1.2873575861512117,0.4499996275627322
2018,KOR,5,1.58301467403629,4.362924897431867,1.5870314792327491,7.727900850139246,1.935651885080604,2.91492780740436,0.03991773470721583
2018,MYS,5,3.5370638041057,5.031343934999094,1.440916363448029,2.232873109582778,0.9049707991050295,1.8219381932314453,0.14985986514997202
2018,NLD,5,-0.598061017580278,2.0277568499955363,1.394038668349346,6.894919473680397,1.87147367072727,3.0251270251687377,0.02980922894311525
2018,PHL,5,5.51894967856043,5.108099639907829,1.6639531810252064,0.16879775426084379,0.4291233658846743,1.458617511249972,0.5975118425896093
2018,SGP,5,1.45026775889565,5.379931806762073,2.5719045963895057,15.442259529093922,2.6200324088708644,3.0308547576054865,0.06326622135461289
2018,THA,5,2.24883437970568,3.524658734195951,1.8713810227628949,1.6277277835105177,0.7714919353013253,1.7780105053189301,0.24769677509954524
2018,USA,5,2.93436322440155,2.4572451245320566,1.020895000412957,0.22764168122307596,0.3259506955576408,1.048827530010073,0.6798762439278483
2018,VNM,5,4.97865959483225,6.669881372177024,0.6532303687632321,2.8602311001652163,1.324656499623287,3.8446067112008993,0.004812576017635759
2019,BGD,1,3.44801755122445,5.81230237365319,1.3404069389127706,5.589842721566898,1.649934134428882,2.7675057822221696,0.03887811314505799
2019,CHN,1,2.33950385203023,9.404867699022141,2.64696208546098,49.91936629038033,5.578179029950388,5.454758880217872,0.0038012118888570545
2019,DEU,1,-4.13191443239947,1.2519015484037297,1.3798795801838124,28.98547451515192,4.605332653389563,8.852396058801787,4.776835386090561e-05
2019,FRA,1,-7.44064589948231,1.4559960654589659,0.8771608170725832,79.15023825235417,8.401756968852686,52.22347048501021,1.7883130144325357e-24
2019,GBR,1,-10.047896637362,1.8689791464400738,1.1862905398338532,142.01192844656828,11.24758301816657,51.54575550024703,4.808178618424607e-24
2019,IDN,1,-2.06551182934165,4.91585613450462,0.8722089115091531,48.739498646619005,6.489276781295277,32.81612750514806,6.010420936300185e-16
2019,IND,1,-5.77772470687303,6.349327924064513,1.5555689277746962,147.06540551352919,11.249416845396507,31.748772338120336,3.1976676811766856e-15
2019,JPN,1,-4.28327942675573,0.6386516267948488,1.3589780218189234,24.225405295905503,4.155307073536488,7.784347684824003,0.00014628660613090589
2019,KOR,1,-0.700242317542106,4.5679031177234215,1.8764742690453098,27.75335632710901,4.2122437080399955,5.489277388825165,0.002496615619440133
2019,MYS,1,-5.45684658426701,5.3935071397044085,1.4661220665923973,117.73017593530047,10.023182925790506,28.686861526428757,6.772583342594925e-14
2019,NLD,1,-3.86799714191608,1.8323160706799324,1.189628508509054,32.49357072169667,5.029137580645507,12.57265438383385,8.269732352195897e-07
2019,PHL,1,-9.51829474045297,4.872003088580393,1.7597166697546693,207.08067160828227,13.397484013962426,34.920842489989035,1.44750078787751e-16
2019,SGP,1,-3.61084281729929,5.251371406846571,2.9892065143515705,78.53884095465322,7.178321361899397,6.408782290429826,0.0015147039203889118
2019,THA,1,-6.09306312966953,3.70247815963564,1.905584136513455,95.9526291504824,8.72043066397988,14.775789824655554,1.370477793643646e-07
2019,USA,1,-2.081375977796,2.3763542795937296,0.8825798020534776,19.871359047647907,3.959787998203647,13.549301000645697,2.1998673697357492e-07
2019,VNM,1,2.86541320912272,6.863244421588946,0.5934607325671252,15.982654403369175,3.6630068489086054,23.087177316793454,8.113964568834782e-12
2019,BGD,2,6.93867912442445,5.912735101556321,1.312765034561958,1.0525611380588393,0.6113165889765197,1.496456088362575,0.7827498254858821
2019,CHN,2,8.57038414981781,9.426731953629405,2.5831351332380263,0.7333315610929413,0.7158962805373529,1.92289342916719,0.3701277913741536
2019,DEU,2,3.90999994204108,1.5495714113087626,1.3318167543675885,5.571622848695126,1.649785585287961,2.7760723034322945,0.9618307097371267
2019,FRA,2,6.88233783360239,1.7097696212661995,0.8814015175399563,26.75546191127082,4.675290657843428,18.012764826708203,0.9999999978021766
2019,GBR,2,8.5431118453255,2.298417322399789,1.2472051206568244,38.99620968465837,5.541034513777643,13.674621217411527,0.9999997235045505
2019,IDN,2,3.70288562827751,5.030546932179344,0.8941041378068089,1.7626845378783165,0.8774534072925334,1.9094795931987096,0.0687842587521329
2019,IND,2,9.68959249191741,6.538045221433943,1.5938807428223525,9.932250198091788,2.2810555523490654,3.339926849590689,0.9759949613422528
2019,JPN,2,3.56419531474475,0.9545876099848211,1.3647066775566077,6.810052372742385,1.8688824325568425,3.058154323295456,0.9720754595541965
2019,KOR,2,4.61296795454287,4.63419512016239,1.8748017804685324,0.00045059256023855003,0.4382276407824142,1.547505567782141,0.4954831315956873
2019,MYS,2,3.31534954399166,5.489310534001267,1.4123351207434125,4.72610638608355,1.452784782607235,2.4488545892006908,0.06186955079159279
2019,NLD,2,6.27683593745216,2.0676420411368883,1.2314730047987201,17.71731325677774,3.514608625240531,6.968564746796927,0.9996846025010179
2019,PHL,2,5.71473313185116,5.097950094491627,1.667953890845566,0.3804213151744512,0.4797590396546642,1.4989063800208986,0.644228365089697
2019,SGP,2,10.1410845197192,5.634053245156535,3.0810844384705685,20.313330909885966,2.9651829050558036,3.114122028827023,0.9282398743560342
2019,THA,2,1.55858232076893,3.9032256038943074,1.8818519539636025,5.497352125104949,1.4749427469975749,2.327357399098972,0.10639626911653804
2019,USA,2,6.15202247867526,2.5953943236599635,0.9086699304475148,12.649603833047513,3.0439849835134454,8.483268273590461,0.999954629644896
2019,VNM,2,2.55372852648131,6.953130443898435,0.6535775531549136,19.354737230973473,4.0306602698880605,23.14859025901841,8.409874089724908e-12
2019,BGD,3,7.09982877575158,5.9914293892346056,1.2493140817635822,1.228549200031205,0.6604278532873424,1.535100753082643,0.8125160928600008
2019,CHN,3,3.13385438394069,9.195120396021565,2.4083739438107123,36.73894566920679,4.711650732049375,4.96489610113497,0.005922205494655555
2019,DEU,3,1.8092581243061,1.4054896880781962,1.4011784046132911,0.16302895009392673,0.37354726012629524,1.2977712271241972,0.613389196386446
2019,FRA,3,2.71676264185913,1.5995993384446643,0.8831311584433544,1.2480538464959214,0.7054960790561402,1.5947729016636796,0.8970648207185212
2019,GBR,3,5.14970388522993,2.171146552028412,1.2525280740805793,8.871803787168538,2.2791737066041873,3.971631025185616,0.9912974457955834
2019,IDN,3,5.30719722664799,5.0302214452859015,0.8931418503765779,0.07671558346113924,0.2427175352158269,0.8540140123684881,0.621762862422252
2019,IND,3,7.6093649776932,6.4604096592544895,1.617048782336037,1.3200983237685995,0.6905378822741403,1.6519649307746473,0.761311015265832
2019,JPN,3,1.33164750653741,0.8019719391057719,1.391526676370812,0.2805562067340278,0.4046692863583361,1.3217847383446997,0.6482660961952877
2019,KOR,3,2.72756456708991,4.466278147771165,1.7910975446822652,3.023124915645432,1.0436435835792397,1.972947956222071,0.16583560920889578
2019,MYS,3,9.03173723044451,5.422729804481343,1.4142580942797611,13.024934600657279,2.81591926425407,4.521572201785911,0.9946427257961489
2019,NLD,3,5.00723453395074,2.0042345755883613,1.1999907252966389,9.018008749924448,2.330750170631269,4.232553802183785,0.9938343550274804
2019,PHL,3,7.58098212785563,5.23126405940556,1.5242979237799472,5.521175001200727,1.5709488383269352,2.5285965480519783,0.9384034511201846
2019,SGP,3,4.01027884472296,5.054830928794313,2.9797401331882245,1.0910890563378086,0.8409529214131602,2.0722177693413224,0.36296246017065126
2019,THA,3,2.63784213566305,3.8445873047030394,1.840099413601894,1.4562339030013522,0.734893646286879,1.743797794248358,0.2559750139899637
2019,USA,3,2.52421385073222,2.4700894506017494,0.9144684502598474,0.0029294506894832614,0.21498430096328972,0.8312777567057437,0.5235983117308366
2019,VNM,3,8.53750041218142,6.937094365123321,0.6449663549811149,2.561299515460128,1.239261085465733,3.559002578137876,0.993456245431806
2019,BGD,4,5.77511237007889,5.885630472876452,1.3003708824193208,0.012214251045972364,0.307635113968284,1.185199673849891,0.4661347983230747
2019,CHN,4,5.41600334492955,9.077558248995457,2.2923731594134122,13.406984315489096,2.4754663919833715,3.0241730225299257,0.05510198859048097
2019,DEU,4,-0.869647578573321,1.3680643380834983,1.3999525223523344,5.007354621947936,1.5131914225908274,2.5328498832036823,0.05497478367382837
2019,FRA,4,1.43921494437743,1.609718099265723,0.8982539376814366,0.02907132582686121,0.2227902783684198,0.8296511600494622,0.42472657792866486
2019,GBR,4,0.271650048355255,2.1763905230268747,1.2516587282657923,3.628036275852267,1.2683665742400163,2.3013047396368287,0.06403298280762637
2019,IDN,4,5.04883117855516,4.976287765972322,0.9287844160285428,0.005262546709163814,0.21931153477607115,0.848110160720653,0.5311280372656495
2019,IND,4,7.210224629335,6.549427827838201,1.6086052549179124,0.4366524128684001,0.48271746939954874,1.4786796981577397,0.6593862464553017
2019,JPN,4,0.720785304749811,0.8772076176216664,1.3814401599621906,0.024467939964180646,0.32989411543279656,1.2484757499420192,0.4549235770286749
2019,KOR,4,1.58301467403629,4.4542186016628635,1.7736895062915616,8.24381199401826,1.949373799783197,2.8022163509842333,0.052747859882303044
2019,MYS,4,3.5370638041057,5.235734038654764,1.362615965179559,2.885480565742971,1.068732208539139,2.005381017485462,0.10626763550263046
2019,NLD,4,-0.598061017580278,1.9644021074444642,1.2127697277108662,6.5662172671115675,1.893369986069004,3.3440219406677842,0.017304594502666994
2019,PHL,4,5.51894967856043,5.301742628074695,1.4675986974439845,0.04717890278071257,0.3557718848508357,1.3135183055540558,0.5588292728052625
2019,SGP,4,1.45026775889565,5.1867382531056965,2.961138602775788,13.961211754102269,2.3580863215251022,2.8006270970249867,0.1035039509639738
2019,THA,4,2.24883437970568,3.785124584930566,1.7751323313471066,2.360187594669923,0.9144821849005822,1.8673162979716516,0.19339562582543857
2019,USA,4,2.93436322440155,2.4652176709378195,0.9116365088456013,0.22009755033479006,0.3072913391167624,0.9588410055033009,0.6965903898432315
2019,VNM,4,4.97865959483225,6.815562744037254,0.6448623576869663,3.3742131795592623,1.4739117120037475,4.537252476290854,0.00219615648954344
2019,BGD,5,4.22325911250161,5.851169186433999,1.2895361833456733,2.6500912088105566,1.0274917657146925,1.97004762370816,0.10340250094296166
2019,CHN,5,4.95830378788091,8.926473342547155,2.1508186514323917,15.746369614580106,2.809493910646427,3.3867216333691843,0.03252184192020342
2019,DEU,5,-0.495851897260366,1.414087327425196,1.4086890341029257,3.6478678419924857,1.22894989729155,2.1807320442318607,0.08757704172737735
2019,FRA,5,1.19046798275883,1.6051802791120355,0.9171228635296799,0.17198628874654895,0.2878907075805452,0.934661864482429,0.3255666414593288
2019,GBR,5,1.08027716858781,2.1324958861101204,1.2155430500433064,1.1071642295042956,0.6263409810082236,1.4887929437083856,0.19334470183207336
2019,IDN,5,5.03257477088519,4.62975048611861,1.0514110946266615,0.16226740439770668,0.3065372168907847,1.0424649554774905,0.649187307444159
2019,IND,5,7.09927893176518,6.621750642459556,1.6072007710716567,0.22803326708715516,0.43178482061374124,1.4375721024067691,0.6168117912427143
2019,JPN,5,-0.240084236041696,0.830312565458614,1.3853982227853128,1.1457493126620941,0.6382100893269281,1.5434028040181471,0.21987142460247894
2019,KOR,5,2.00361101838986,4.118912203247419,1.6116836383703002,4.474499102659792,1.3489083955079995,2.257518674176743,0.09467925686720796
2019,MYS,5,5.10545921024041,4.979561845236494,1.3086877136573922,0.015850146514929286,0.31066180443222424,1.1925907611615236,0.5383196221953712
2019,NLD,5,1.07383137319854,1.9866120636001814,1.2478404158414906,0.833168588770097,0.5467122651718932,1.4078905047820611,0.23224046785307967
2019,PHL,5,5.71474526128652,5.216844204337384,1.5205899944291128,0.24790546251106654,0.4198198214986434,1.3916452233384873,0.6283322101534444
2019,SGP,5,5.3435120192366,5.21163872218351,2.869690053959128,0.017390566475652583,0.6730493507703225,1.9741984400251733,0.5183264820252602
2019,THA,5,2.94859986593323,3.537931678633609,1.80863576086733,0.3473119854607141,0.49860721219601084,1.5645982933034484,0.37227146488579516
2019,USA,5,2.79318715363841,2.4345840235835547,0.9103779851159146,0.12859620488513948,0.2683861881195775,0.9026240087406409,0.6531746903558516
2019,VNM,5,7.03955197123018,6.686200962277875,0.6487195249594679,0.1248569355276123,0.22654210068443467,0.6345272862032724,0.7070166127382402
