scenario,draw,year,horizon,EPI
Status_Quo,0,2029,5,26.9
Status_Quo,1,2029,5,25.15
Status_Quo,2,2029,5,26.91
Status_Quo,3,2029,5,28.29
Status_Quo,4,2029,5,25.13
Status_Quo,5,2029,5,24.98
Status_Quo,6,2029,5,27.04
Status_Quo,7,2029,5,25.98
Status_Quo,8,2029,5,26.34
Status_Quo,9,2029,5,25.0
Status_Quo,10,2029,5,24.9
Status_Quo,11,2029,5,26.72
Status_Quo,12,2029,5,26.1
Status_Quo,13,2029,5,26.13
Status_Quo,14,2029,5,25.28
Status_Quo,15,2029,5,27.0
Status_Quo,16,2029,5,26.96
Status_Quo,17,2029,5,24.62
Status_Quo,18,2029,5,27.4
Status_Quo,19,2029,5,26.2
Status_Quo,20,2029,5,28.34
Status_Quo,21,2029,5,25.63
Status_Quo,22,2029,5,25.02
Status_Quo,23,2029,5,25.61
Status_Quo,24,2029,5,24.62
Status_Quo,25,2029,5,25.48
Status_Quo,26,2029,5,25.88
Status_Quo,27,2029,5,24.3
Status_Quo,28,2029,5,25.66
Status_Quo,29,2029,5,28.05
Status_Quo,30,2029,5,26.46
Status_Quo,31,2029,5,27.28
Status_Quo,32,2029,5,27.99
Status_Quo,33,2029,5,25.72
Status_Quo,34,2029,5,28.61
Status_Quo,35,2029,5,26.33
Status_Quo,36,2029,5,25.9
Status_Quo,37,2029,5,25.34
Status_Quo,38,2029,5,24.49
Status_Quo,39,2029,5,27.24
Status_Quo,40,2029,5,26.64
Status_Quo,41,2029,5,26.32
Status_Quo,42,2029,5,24.69
Status_Quo,43,2029,5,26.26
Status_Quo,44,2029,5,26.69
Status_Quo,45,2029,5,24.39
Status_Quo,46,2029,5,27.14
Status_Quo,47,2029,5,26.2
Status_Quo,48,2029,5,24.76
Status_Quo,49,2029,5,26.44
Status_Quo,50,2029,5,27.48
Status_Quo,51,2029,5,25.45
Status_Quo,52,2029,5,27.14
Status_Quo,53,2029,5,25.14
Status_Quo,54,2029,5,27.51
Status_Quo,55,2029,5,25.84
Status_Quo,56,2029,5,25.5
Status_Quo,57,2029,5,26.92
Status_Quo,58,2029,5,27.54
Status_Quo,59,2029,5,24.61
Status_Quo,60,2029,5,25.61
Status_Quo,61,2029,5,27.15
Status_Quo,62,2029,5,24.17
Status_Quo,63,2029,5,25.82
Status_Quo,64,2029,5,26.74
Status_Quo,65,2029,5,27.9
Status_Quo,66,2029,5,27.13
Status_Quo,67,2029,5,28.4
Status_Quo,68,2029,5,25.11
Status_Quo,69,2029,5,25.77
Status_Quo,70,2029,5,26.68
Status_Quo,71,2029,5,27.4
Status_Quo,72,2029,5,25.75
Status_Quo,73,2029,5,24.68
Status_Quo,74,2029,5,25.04
Status_Quo,75,2029,5,26.86
Status_Quo,76,2029,5,25.86
Status_Quo,77,2029,5,22.74
Status_Quo,78,2029,5,25.92
Status_Quo,79,2029,5,25.69
Status_Quo,80,2029,5,27.17
Status_Quo,81,2029,5,26.49
Status_Quo,82,2029,5,28.21
Status_Quo,83,2029,5,26.09
Status_Quo,84,2029,5,27.84
Status_Quo,85,2029,5,24.46
Status_Quo,86,2029,5,26.59
Status_Quo,87,2029,5,25.42
Status_Quo,88,2029,5,26.7
Status_Quo,89,2029,5,25.77
Status_Quo,90,2029,5,26.1
Status_Quo,91,2029,5,25.8
Status_Quo,92,2029,5,26.29
Status_Quo,93,2029,5,24.34
Status_Quo,94,2029,5,27.55
Status_Quo,95,2029,5,23.25
Status_Quo,96,2029,5,26.59
Status_Quo,97,2029,5,24.4
Status_Quo,98,2029,5,26.76
Status_Quo,99,2029,5,23.67
Status_Quo,100,2029,5,28.33
Status_Quo,101,2029,5,27.43
Status_Quo,102,2029,5,27.87
Status_Quo,103,2029,5,26.8
Status_Quo,104,2029,5,26.82
Status_Quo,105,2029,5,25.38
Status_Quo,106,2029,5,28.79
Status_Quo,107,2029,5,26.36
Status_Quo,108,2029,5,25.89
Status_Quo,109,2029,5,26.91
Status_Quo,110,2029,5,25.2
Status_Quo,111,2029,5,26.17
Status_Quo,112,2029,5,26.73
Status_Quo,113,2029,5,28.34
Status_Quo,114,2029,5,25.98
Status_Quo,115,2029,5,26.42
Status_Quo,116,2029,5,25.2
Status_Quo,117,2029,5,26.85
Status_Quo,118,2029,5,26.02
Status_Quo,119,2029,5,25.49
Status_Quo,120,2029,5,25.18
Status_Quo,121,2029,5,27.62
Status_Quo,122,2029,5,26.42
Status_Quo,123,2029,5,25.24
Status_Quo,124,2029,5,25.7
Status_Quo,125,2029,5,28.61
Status_Quo,126,2029,5,27.26
Status_Quo,127,2029,5,29.09
Status_Quo,128,2029,5,25.84
Status_Quo,129,2029,5,25.66
Status_Quo,130,2029,5,26.36
Status_Quo,131,2029,5,24.43
Status_Quo,132,2029,5,26.8
Status_Quo,133,2029,5,26.62
Status_Quo,134,2029,5,23.77
Status_Quo,135,2029,5,24.54
Status_Quo,136,2029,5,25.18
Status_Quo,137,2029,5,25.97
Status_Quo,138,2029,5,25.76
Status_Quo,139,2029,5,25.14
Status_Quo,140,2029,5,29.06
Status_Quo,141,2029,5,26.08
Status_Quo,142,2029,5,24.27
Status_Quo,143,2029,5,26.86
Status_Quo,144,2029,5,25.46
Status_Quo,145,2029,5,23.57
Status_Quo,146,2029,5,26.56
Status_Quo,147,2029,5,25.98
Status_Quo,148,2029,5,26.31
Status_Quo,149,2029,5,24.77
Status_Quo,150,2029,5,26.04
Status_Quo,151,2029,5,26.5
Status_Quo,152,2029,5,27.23
Status_Quo,153,2029,5,25.98
Status_Quo,154,2029,5,25.86
Status_Quo,155,2029,5,24.44
Status_Quo,156,2029,5,25.91
Status_Quo,157,2029,5,26.86
Status_Quo,158,2029,5,27.23
Status_Quo,159,2029,5,25.83
Status_Quo,160,2029,5,26.27
Status_Quo,161,2029,5,27.03
Status_Quo,162,2029,5,25.36
Status_Quo,163,2029,5,25.05
Status_Quo,164,2029,5,27.32
Status_Quo,165,2029,5,25.6
Status_Quo,166,2029,5,25.25
Status_Quo,167,2029,5,24.71
Status_Quo,168,2029,5,26.96
Status_Quo,169,2029,5,25.36
Status_Quo,170,2029,5,25.66
Status_Quo,171,2029,5,26.93
Status_Quo,172,2029,5,25.94
Status_Quo,173,2029,5,25.04
Status_Quo,174,2029,5,25.3
Status_Quo,175,2029,5,24.07
Status_Quo,176,2029,5,25.42
Status_Quo,177,2029,5,26.42
Status_Quo,178,2029,5,26.22
Status_Quo,179,2029,5,25.78
Status_Quo,180,2029,5,26.34
Status_Quo,181,2029,5,25.13
Status_Quo,182,2029,5,25.82
Status_Quo,183,2029,5,23.95
Status_Quo,184,2029,5,25.94
Status_Quo,185,2029,5,25.38
Status_Quo,186,2029,5,25.27
Status_Quo,187,2029,5,26.38
Status_Quo,188,2029,5,26.71
Status_Quo,189,2029,5,25.89
Status_Quo,190,2029,5,23.9
Status_Quo,191,2029,5,26.09
Status_Quo,192,2029,5,22.83
Status_Quo,193,2029,5,26.33
Status_Quo,194,2029,5,27.87
Status_Quo,195,2029,5,26.15
Status_Quo,196,2029,5,24.66
Status_Quo,197,2029,5,25.3
Status_Quo,198,2029,5,27.58
Status_Quo,199,2029,5,24.37
Status_Quo,200,2029,5,26.56
Status_Quo,201,2029,5,25.05
Status_Quo,202,2029,5,27.61
Status_Quo,203,2029,5,25.98
Status_Quo,204,2029,5,24.13
Status_Quo,205,2029,5,23.91
Status_Quo,206,2029,5,25.25
Status_Quo,207,2029,5,28.07
Status_Quo,208,2029,5,20.37
Status_Quo,209,2029,5,27.77
Status_Quo,210,2029,5,22.53
Status_Quo,211,2029,5,26.0
Status_Quo,212,2029,5,24.86
Status_Quo,213,2029,5,25.21
Status_Quo,214,2029,5,26.03
Status_Quo,215,2029,5,26.98
Status_Quo,216,2029,5,24.61
Status_Quo,217,2029,5,26.09
Status_Quo,218,2029,5,25.72
Status_Quo,219,2029,5,24.64
Status_Quo,220,2029,5,26.38
Status_Quo,221,2029,5,24.82
Status_Quo,222,2029,5,23.78
Status_Quo,223,2029,5,26.08
Status_Quo,224,2029,5,25.89
Status_Quo,225,2029,5,26.91
Status_Quo,226,2029,5,26.16
Status_Quo,227,2029,5,27.95
Status_Quo,228,2029,5,26.34
Status_Quo,229,2029,5,25.63
Status_Quo,230,2029,5,26.68
Status_Quo,231,2029,5,25.5
Status_Quo,232,2029,5,26.73
Status_Quo,233,2029,5,27.37
Status_Quo,234,2029,5,26.41
Status_Quo,235,2029,5,26.35
Status_Quo,236,2029,5,26.87
Status_Quo,237,2029,5,24.71
Status_Quo,238,2029,5,25.78
Status_Quo,239,2029,5,24.01
Status_Quo,240,2029,5,26.23
Status_Quo,241,2029,5,26.41
Status_Quo,242,2029,5,26.93
Status_Quo,243,2029,5,25.04
Status_Quo,244,2029,5,24.39
Status_Quo,245,2029,5,29.06
Status_Quo,246,2029,5,25.75
Status_Quo,247,2029,5,25.29
Status_Quo,248,2029,5,25.35
Status_Quo,249,2029,5,24.49
Status_Quo,250,2029,5,25.63
Status_Quo,251,2029,5,27.17
Status_Quo,252,2029,5,23.86
Status_Quo,253,2029,5,27.41
Status_Quo,254,2029,5,25.25
Status_Quo,255,2029,5,26.48
Status_Quo,256,2029,5,27.52
Status_Quo,257,2029,5,25.55
Status_Quo,258,2029,5,23.41
Status_Quo,259,2029,5,25.79
Status_Quo,260,2029,5,25.73
Status_Quo,261,2029,5,26.56
Status_Quo,262,2029,5,28.49
Status_Quo,263,2029,5,26.28
Status_Quo,264,2029,5,26.21
Status_Quo,265,2029,5,26.07
Status_Quo,266,2029,5,26.5
Status_Quo,267,2029,5,26.9
Status_Quo,268,2029,5,26.39
Status_Quo,269,2029,5,26.72
Status_Quo,270,2029,5,22.7
Status_Quo,271,2029,5,26.32
Status_Quo,272,2029,5,26.2
Status_Quo,273,2029,5,19.31
Status_Quo,274,2029,5,26.01
Status_Quo,275,2029,5,25.25
Status_Quo,276,2029,5,28.1
Status_Quo,277,2029,5,26.9
Status_Quo,278,2029,5,26.11
Status_Quo,279,2029,5,26.88
Status_Quo,280,2029,5,25.06
Status_Quo,281,2029,5,25.08
Status_Quo,282,2029,5,24.33
Status_Quo,283,2029,5,22.78
Status_Quo,284,2029,5,26.27
Status_Quo,285,2029,5,26.85
Status_Quo,286,2029,5,25.52
Status_Quo,287,2029,5,26.78
Status_Quo,288,2029,5,24.9
Status_Quo,289,2029,5,24.97
Status_Quo,290,2029,5,24.55
Status_Quo,291,2029,5,27.12
Status_Quo,292,2029,5,24.91
Status_Quo,293,2029,5,26.15
Status_Quo,294,2029,5,27.3
Status_Quo,295,2029,5,25.81
Status_Quo,296,2029,5,25.99
Status_Quo,297,2029,5,26.32
Status_Quo,298,2029,5,25.24
Status_Quo,299,2029,5,26.09
Status_Quo,300,2029,5,27.85
Status_Quo,301,2029,5,26.71
Status_Quo,302,2029,5,24.88
Status_Quo,303,2029,5,24.13
Status_Quo,304,2029,5,25.85
Status_Quo,305,2029,5,28.82
Status_Quo,306,2029,5,24.41
Status_Quo,307,2029,5,24.42
Status_Quo,308,2029,5,27.66
Status_Quo,309,2029,5,26.35
Status_Quo,310,2029,5,26.99
Status_Quo,311,2029,5,25.07
Status_Quo,312,2029,5,22.87
Status_Quo,313,2029,5,24.54
Status_Quo,314,2029,5,27.98
Status_Quo,315,2029,5,26.79
Status_Quo,316,2029,5,25.71
Status_Quo,317,2029,5,24.9
Status_Quo,318,2029,5,26.73
Status_Quo,319,2029,5,24.27
Status_Quo,320,2029,5,24.64
Status_Quo,321,2029,5,26.75
Status_Quo,322,2029,5,25.88
Status_Quo,323,2029,5,25.19
Status_Quo,324,2029,5,26.02
Status_Quo,325,2029,5,25.74
Status_Quo,326,2029,5,26.5
Status_Quo,327,2029,5,28.04
Status_Quo,328,2029,5,26.27
Status_Quo,329,2029,5,24.85
Status_Quo,330,2029,5,26.87
Status_Quo,331,2029,5,26.47
Status_Quo,332,2029,5,25.26
Status_Quo,333,2029,5,26.07
Status_Quo,334,2029,5,28.25
Status_Quo,335,2029,5,26.18
Status_Quo,336,2029,5,24.34
Status_Quo,337,2029,5,26.02
Status_Quo,338,2029,5,26.49
Status_Quo,339,2029,5,25.72
Status_Quo,340,2029,5,27.26
Status_Quo,341,2029,5,27.01
Status_Quo,342,2029,5,25.45
Status_Quo,343,2029,5,26.26
Status_Quo,344,2029,5,26.24
Status_Quo,345,2029,5,25.11
Status_Quo,346,2029,5,24.96
Status_Quo,347,2029,5,26.32
Status_Quo,348,2029,5,25.47
Status_Quo,349,2029,5,26.7
Status_Quo,350,2029,5,25.46
Status_Quo,351,2029,5,27.79
Status_Quo,352,2029,5,26.73
Status_Quo,353,2029,5,25.58
Status_Quo,354,2029,5,25.8
Status_Quo,355,2029,5,27.93
Status_Quo,356,2029,5,26.08
Status_Quo,357,2029,5,27.52
Status_Quo,358,2029,5,24.95
Status_Quo,359,2029,5,24.22
Status_Quo,360,2029,5,27.22
Status_Quo,361,2029,5,25.16
Status_Quo,362,2029,5,25.55
Status_Quo,363,2029,5,25.45
Status_Quo,364,2029,5,26.65
Status_Quo,365,2029,5,27.35
Status_Quo,366,2029,5,23.75
Status_Quo,367,2029,5,27.11
Status_Quo,368,2029,5,27.97
Status_Quo,369,2029,5,29.57
Status_Quo,370,2029,5,25.52
Status_Quo,371,2029,5,26.25
Status_Quo,372,2029,5,27.37
Status_Quo,373,2029,5,25.08
Status_Quo,374,2029,5,24.49
Status_Quo,375,2029,5,25.42
Status_Quo,376,2029,5,24.26
Status_Quo,377,2029,5,24.74
Status_Quo,378,2029,5,26.81
Status_Quo,379,2029,5,27.59
Status_Quo,380,2029,5,25.26
Status_Quo,381,2029,5,23.39
Status_Quo,382,2029,5,27.53
Status_Quo,383,2029,5,26.75
Status_Quo,384,2029,5,26.82
Status_Quo,385,2029,5,26.6
Status_Quo,386,2029,5,26.77
Status_Quo,387,2029,5,27.31
Status_Quo,388,2029,5,26.52
Status_Quo,389,2029,5,25.23
Status_Quo,390,2029,5,26.32
Status_Quo,391,2029,5,25.49
Status_Quo,392,2029,5,27.31
Status_Quo,393,2029,5,27.97
Status_Quo,394,2029,5,27.3
Status_Quo,395,2029,5,24.9
Status_Quo,396,2029,5,27.03
Status_Quo,397,2029,5,25.62
Status_Quo,398,2029,5,27.95
Status_Quo,399,2029,5,26.89
Status_Quo,400,2029,5,26.6
Status_Quo,401,2029,5,27.8
Status_Quo,402,2029,5,25.68
Status_Quo,403,2029,5,27.53
Status_Quo,404,2029,5,24.49
Status_Quo,405,2029,5,26.01
Status_Quo,406,2029,5,26.69
Status_Quo,407,2029,5,26.18
Status_Quo,408,2029,5,25.41
Status_Quo,409,2029,5,24.71
Status_Quo,410,2029,5,23.86
Status_Quo,411,2029,5,25.52
Status_Quo,412,2029,5,26.18
Status_Quo,413,2029,5,27.32
Status_Quo,414,2029,5,24.56
Status_Quo,415,2029,5,23.41
Status_Quo,416,2029,5,24.22
Status_Quo,417,2029,5,27.19
Status_Quo,418,2029,5,26.68
Status_Quo,419,2029,5,26.62
Status_Quo,420,2029,5,23.77
Status_Quo,421,2029,5,26.88
Status_Quo,422,2029,5,26.97
Status_Quo,423,2029,5,25.11
Status_Quo,424,2029,5,25.6
Status_Quo,425,2029,5,26.95
Status_Quo,426,2029,5,26.02
Status_Quo,427,2029,5,24.51
Status_Quo,428,2029,5,25.17
Status_Quo,429,2029,5,26.47
Status_Quo,430,2029,5,23.9
Status_Quo,431,2029,5,24.54
Status_Quo,432,2029,5,23.9
Status_Quo,433,2029,5,27.05
Status_Quo,434,2029,5,25.04
Status_Quo,435,2029,5,24.87
Status_Quo,436,2029,5,27.04
Status_Quo,437,2029,5,28.43
Status_Quo,438,2029,5,26.53
Status_Quo,439,2029,5,26.02
Status_Quo,440,2029,5,26.47
Status_Quo,441,2029,5,24.38
Status_Quo,442,2029,5,25.96
Status_Quo,443,2029,5,25.44
Status_Quo,444,2029,5,25.61
Status_Quo,445,2029,5,21.6
Status_Quo,446,2029,5,25.97
Status_Quo,447,2029,5,25.81
Status_Quo,448,2029,5,25.43
Status_Quo,449,2029,5,25.89
Status_Quo,450,2029,5,25.63
Status_Quo,451,2029,5,26.38
Status_Quo,452,2029,5,23.72
Status_Quo,453,2029,5,26.33
Status_Quo,454,2029,5,27.84
Status_Quo,455,2029,5,26.6
Status_Quo,456,2029,5,26.36
Status_Quo,457,2029,5,25.24
Status_Quo,458,2029,5,26.49
Status_Quo,459,2029,5,23.76
Status_Quo,460,2029,5,22.13
Status_Quo,461,2029,5,26.02
Status_Quo,462,2029,5,24.89
Status_Quo,463,2029,5,25.83
Status_Quo,464,2029,5,24.88
Status_Quo,465,2029,5,24.94
Status_Quo,466,2029,5,25.18
Status_Quo,467,2029,5,26.62
Status_Quo,468,2029,5,27.45
Status_Quo,469,2029,5,27.03
Status_Quo,470,2029,5,25.58
Status_Quo,471,2029,5,25.87
Status_Quo,472,2029,5,24.74
Status_Quo,473,2029,5,23.51
Status_Quo,474,2029,5,25.22
Status_Quo,475,2029,5,24.19
Status_Quo,476,2029,5,25.99
Status_Quo,477,2029,5,22.92
Status_Quo,478,2029,5,26.92
Status_Quo,479,2029,5,28.38
Status_Quo,480,2029,5,27.63
Status_Quo,481,2029,5,26.38
Status_Quo,482,2029,5,25.98
Status_Quo,483,2029,5,26.46
Status_Quo,484,2029,5,25.0
Status_Quo,485,2029,5,26.41
Status_Quo,486,2029,5,28.71
Status_Quo,487,2029,5,26.18
Status_Quo,488,2029,5,25.76
Status_Quo,489,2029,5,25.15
Status_Quo,490,2029,5,25.68
Status_Quo,491,2029,5,24.55
Status_Quo,492,2029,5,25.39
Status_Quo,493,2029,5,25.33
Status_Quo,494,2029,5,26.56
Status_Quo,495,2029,5,27.69
Status_Quo,496,2029,5,25.96
Status_Quo,497,2029,5,26.05
Status_Quo,498,2029,5,26.79
Status_Quo,499,2029,5,25.35
Status_Quo,0,2034,10,30.25
Status_Quo,1,2034,10,28.84
Status_Quo,2,2034,10,29.2
Status_Quo,3,2034,10,32.84
Status_Quo,4,2034,10,29.57
Status_Quo,5,2034,10,29.58
Status_Quo,6,2034,10,32.54
Status_Quo,7,2034,10,30.46
Status_Quo,8,2034,10,30.05
Status_Quo,9,2034,10,30.11
Status_Quo,10,2034,10,29.79
Status_Quo,11,2034,10,32.21
Status_Quo,12,2034,10,31.05
Status_Quo,13,2034,10,29.86
Status_Quo,14,2034,10,28.71
Status_Quo,15,2034,10,30.73
Status_Quo,16,2034,10,30.34
Status_Quo,17,2034,10,25.69
Status_Quo,18,2034,10,30.07
Status_Quo,19,2034,10,31.43
Status_Quo,20,2034,10,30.53
Status_Quo,21,2034,10,29.83
Status_Quo,22,2034,10,28.43
Status_Quo,23,2034,10,28.64
Status_Quo,24,2034,10,26.64
Status_Quo,25,2034,10,30.37
Status_Quo,26,2034,10,30.23
Status_Quo,27,2034,10,29.62
Status_Quo,28,2034,10,29.52
Status_Quo,29,2034,10,30.84
Status_Quo,30,2034,10,28.58
Status_Quo,31,2034,10,29.49
Status_Quo,32,2034,10,30.92
Status_Quo,33,2034,10,28.7
Status_Quo,34,2034,10,32.47
Status_Quo,35,2034,10,29.42
Status_Quo,36,2034,10,30.5
Status_Quo,37,2034,10,29.17
Status_Quo,38,2034,10,27.88
Status_Quo,39,2034,10,30.7
Status_Quo,40,2034,10,29.81
Status_Quo,41,2034,10,28.79
Status_Quo,42,2034,10,27.88
Status_Quo,43,2034,10,28.81
Status_Quo,44,2034,10,30.87
Status_Quo,45,2034,10,27.9
Status_Quo,46,2034,10,29.93
Status_Quo,47,2034,10,30.82
Status_Quo,48,2034,10,29.1
Status_Quo,49,2034,10,30.64
Status_Quo,50,2034,10,28.62
Status_Quo,51,2034,10,29.44
Status_Quo,52,2034,10,30.31
Status_Quo,53,2034,10,28.05
Status_Quo,54,2034,10,31.55
Status_Quo,55,2034,10,29.63
Status_Quo,56,2034,10,27.6
Status_Quo,57,2034,10,30.18
Status_Quo,58,2034,10,31.88
Status_Quo,59,2034,10,29.06
Status_Quo,60,2034,10,30.36
Status_Quo,61,2034,10,32.52
Status_Quo,62,2034,10,27.31
Status_Quo,63,2034,10,29.38
Status_Quo,64,2034,10,30.84
Status_Quo,65,2034,10,31.3
Status_Quo,66,2034,10,30.49
Status_Quo,67,2034,10,32.57
Status_Quo,68,2034,10,28.83
Status_Quo,69,2034,10,30.23
Status_Quo,70,2034,10,27.75
Status_Quo,71,2034,10,30.28
Status_Quo,72,2034,10,30.48
Status_Quo,73,2034,10,28.34
Status_Quo,74,2034,10,28.91
Status_Quo,75,2034,10,29.39
Status_Quo,76,2034,10,29.61
Status_Quo,77,2034,10,28.5
Status_Quo,78,2034,10,28.97
Status_Quo,79,2034,10,29.48
Status_Quo,80,2034,10,30.75
Status_Quo,81,2034,10,30.93
Status_Quo,82,2034,10,32.11
Status_Quo,83,2034,10,31.43
Status_Quo,84,2034,10,31.02
Status_Quo,85,2034,10,27.76
Status_Quo,86,2034,10,29.34
Status_Quo,87,2034,10,29.01
Status_Quo,88,2034,10,28.51
Status_Quo,89,2034,10,28.29
Status_Quo,90,2034,10,27.54
Status_Quo,91,2034,10,28.35
Status_Quo,92,2034,10,30.92
Status_Quo,93,2034,10,30.77
Status_Quo,94,2034,10,30.53
Status_Quo,95,2034,10,28.53
Status_Quo,96,2034,10,30.91
Status_Quo,97,2034,10,28.03
Status_Quo,98,2034,10,30.97
Status_Quo,99,2034,10,26.9
Status_Quo,100,2034,10,34.14
Status_Quo,101,2034,10,30.07
Status_Quo,102,2034,10,30.1
Status_Quo,103,2034,10,31.55
Status_Quo,104,2034,10,30.07
Status_Quo,105,2034,10,30.49
Status_Quo,106,2034,10,32.15
Status_Quo,107,2034,10,28.5
Status_Quo,108,2034,10,31.07
Status_Quo,109,2034,10,30.8
Status_Quo,110,2034,10,28.89
Status_Quo,111,2034,10,30.78
Status_Quo,112,2034,10,30.18
Status_Quo,113,2034,10,32.25
Status_Quo,114,2034,10,27.98
Status_Quo,115,2034,10,30.16
Status_Quo,116,2034,10,30.59
Status_Quo,117,2034,10,29.92
Status_Quo,118,2034,10,31.15
Status_Quo,119,2034,10,29.73
Status_Quo,120,2034,10,28.04
Status_Quo,121,2034,10,31.46
Status_Quo,122,2034,10,30.0
Status_Quo,123,2034,10,28.93
Status_Quo,124,2034,10,29.64
Status_Quo,125,2034,10,32.21
Status_Quo,126,2034,10,30.56
Status_Quo,127,2034,10,32.45
Status_Quo,128,2034,10,30.84
Status_Quo,129,2034,10,30.41
Status_Quo,130,2034,10,30.26
Status_Quo,131,2034,10,29.02
Status_Quo,132,2034,10,30.82
Status_Quo,133,2034,10,29.99
Status_Quo,134,2034,10,29.77
Status_Quo,135,2034,10,29.66
Status_Quo,136,2034,10,29.94
Status_Quo,137,2034,10,30.31
Status_Quo,138,2034,10,28.25
Status_Quo,139,2034,10,29.85
Status_Quo,140,2034,10,33.43
Status_Quo,141,2034,10,30.65
Status_Quo,142,2034,10,28.1
Status_Quo,143,2034,10,30.99
Status_Quo,144,2034,10,29.53
Status_Quo,145,2034,10,30.44
Status_Quo,146,2034,10,30.41
Status_Quo,147,2034,10,30.28
Status_Quo,148,2034,10,30.56
Status_Quo,149,2034,10,31.48
Status_Quo,150,2034,10,26.22
Status_Quo,151,2034,10,29.49
Status_Quo,152,2034,10,30.23
Status_Quo,153,2034,10,29.4
Status_Quo,154,2034,10,28.49
Status_Quo,155,2034,10,27.83
Status_Quo,156,2034,10,31.82
Status_Quo,157,2034,10,31.88
Status_Quo,158,2034,10,29.27
Status_Quo,159,2034,10,31.01
Status_Quo,160,2034,10,28.71
Status_Quo,161,2034,10,30.26
Status_Quo,162,2034,10,30.15
Status_Quo,163,2034,10,26.85
Status_Quo,164,2034,10,31.68
Status_Quo,165,2034,10,30.83
Status_Quo,166,2034,10,28.33
Status_Quo,167,2034,10,29.54
Status_Quo,168,2034,10,30.76
Status_Quo,169,2034,10,27.44
Status_Quo,170,2034,10,30.35
Status_Quo,171,2034,10,30.2
Status_Quo,172,2034,10,29.02
Status_Quo,173,2034,10,27.45
Status_Quo,174,2034,10,28.41
Status_Quo,175,2034,10,29.65
Status_Quo,176,2034,10,27.23
Status_Quo,177,2034,10,29.94
Status_Quo,178,2034,10,28.39
Status_Quo,179,2034,10,30.75
Status_Quo,180,2034,10,31.89
Status_Quo,181,2034,10,30.16
Status_Quo,182,2034,10,28.24
Status_Quo,183,2034,10,28.47
Status_Quo,184,2034,10,28.64
Status_Quo,185,2034,10,30.33
Status_Quo,186,2034,10,28.02
Status_Quo,187,2034,10,31.43
Status_Quo,188,2034,10,29.29
Status_Quo,189,2034,10,32.33
Status_Quo,190,2034,10,27.16
Status_Quo,191,2034,10,30.27
Status_Quo,192,2034,10,27.18
Status_Quo,193,2034,10,29.87
Status_Quo,194,2034,10,31.46
Status_Quo,195,2034,10,31.04
Status_Quo,196,2034,10,28.8
Status_Quo,197,2034,10,28.66
Status_Quo,198,2034,10,31.46
Status_Quo,199,2034,10,29.4
Status_Quo,200,2034,10,31.79
Status_Quo,201,2034,10,29.1
Status_Quo,202,2034,10,30.07
Status_Quo,203,2034,10,29.03
Status_Quo,204,2034,10,28.53
Status_Quo,205,2034,10,27.82
Status_Quo,206,2034,10,29.3
Status_Quo,207,2034,10,31.24
Status_Quo,208,2034,10,25.8
Status_Quo,209,2034,10,30.32
Status_Quo,210,2034,10,26.58
Status_Quo,211,2034,10,31.05
Status_Quo,212,2034,10,28.36
Status_Quo,213,2034,10,29.99
Status_Quo,214,2034,10,31.4
Status_Quo,215,2034,10,30.41
Status_Quo,216,2034,10,26.84
Status_Quo,217,2034,10,29.25
Status_Quo,218,2034,10,29.55
Status_Quo,219,2034,10,28.78
Status_Quo,220,2034,10,29.49
Status_Quo,221,2034,10,29.07
Status_Quo,222,2034,10,28.02
Status_Quo,223,2034,10,30.81
Status_Quo,224,2034,10,29.17
Status_Quo,225,2034,10,30.17
Status_Quo,226,2034,10,29.33
Status_Quo,227,2034,10,28.75
Status_Quo,228,2034,10,30.62
Status_Quo,229,2034,10,28.19
Status_Quo,230,2034,10,30.31
Status_Quo,231,2034,10,28.02
Status_Quo,232,2034,10,30.16
Status_Quo,233,2034,10,30.88
Status_Quo,234,2034,10,30.94
Status_Quo,235,2034,10,29.14
Status_Quo,236,2034,10,30.63
Status_Quo,237,2034,10,29.11
Status_Quo,238,2034,10,31.06
Status_Quo,239,2034,10,26.34
Status_Quo,240,2034,10,29.27
Status_Quo,241,2034,10,29.64
Status_Quo,242,2034,10,30.68
Status_Quo,243,2034,10,29.83
Status_Quo,244,2034,10,29.32
Status_Quo,245,2034,10,33.55
Status_Quo,246,2034,10,28.18
Status_Quo,247,2034,10,30.19
Status_Quo,248,2034,10,27.72
Status_Quo,249,2034,10,26.89
Status_Quo,250,2034,10,29.83
Status_Quo,251,2034,10,32.97
Status_Quo,252,2034,10,27.83
Status_Quo,253,2034,10,31.13
Status_Quo,254,2034,10,30.68
Status_Quo,255,2034,10,30.12
Status_Quo,256,2034,10,31.0
Status_Quo,257,2034,10,30.48
Status_Quo,258,2034,10,28.98
Status_Quo,259,2034,10,30.16
Status_Quo,260,2034,10,29.4
Status_Quo,261,2034,10,31.58
Status_Quo,262,2034,10,30.87
Status_Quo,263,2034,10,29.56
Status_Quo,264,2034,10,29.02
Status_Quo,265,2034,10,28.81
Status_Quo,266,2034,10,30.27
Status_Quo,267,2034,10,29.49
Status_Quo,268,2034,10,29.76
Status_Quo,269,2034,10,30.92
Status_Quo,270,2034,10,27.75
Status_Quo,271,2034,10,30.51
Status_Quo,272,2034,10,30.77
Status_Quo,273,2034,10,26.75
Status_Quo,274,2034,10,29.67
Status_Quo,275,2034,10,28.26
Status_Quo,276,2034,10,31.11
Status_Quo,277,2034,10,31.97
Status_Quo,278,2034,10,28.95
Status_Quo,279,2034,10,31.66
Status_Quo,280,2034,10,29.97
Status_Quo,281,2034,10,28.21
Status_Quo,282,2034,10,27.87
Status_Quo,283,2034,10,26.94
Status_Quo,284,2034,10,30.79
Status_Quo,285,2034,10,28.26
Status_Quo,286,2034,10,30.28
Status_Quo,287,2034,10,30.99
Status_Quo,288,2034,10,27.84
Status_Quo,289,2034,10,28.38
Status_Quo,290,2034,10,27.95
Status_Quo,291,2034,10,30.6
Status_Quo,292,2034,10,29.7
Status_Quo,293,2034,10,30.94
Status_Quo,294,2034,10,29.68
Status_Quo,295,2034,10,29.87
Status_Quo,296,2034,10,30.81
Status_Quo,297,2034,10,28.62
Status_Quo,298,2034,10,29.67
Status_Quo,299,2034,10,30.06
Status_Quo,300,2034,10,31.04
Status_Quo,301,2034,10,29.61
Status_Quo,302,2034,10,27.46
Status_Quo,303,2034,10,27.15
Status_Quo,304,2034,10,29.49
Status_Quo,305,2034,10,31.6
Status_Quo,306,2034,10,29.45
Status_Quo,307,2034,10,29.59
Status_Quo,308,2034,10,31.85
Status_Quo,309,2034,10,29.55
Status_Quo,310,2034,10,32.26
Status_Quo,311,2034,10,28.79
Status_Quo,312,2034,10,24.45
Status_Quo,313,2034,10,28.88
Status_Quo,314,2034,10,32.04
Status_Quo,315,2034,10,31.64
Status_Quo,316,2034,10,28.04
Status_Quo,317,2034,10,29.15
Status_Quo,318,2034,10,29.97
Status_Quo,319,2034,10,30.47
Status_Quo,320,2034,10,28.11
Status_Quo,321,2034,10,29.44
Status_Quo,322,2034,10,29.55
Status_Quo,323,2034,10,29.46
Status_Quo,324,2034,10,30.57
Status_Quo,325,2034,10,30.51
Status_Quo,326,2034,10,31.39
Status_Quo,327,2034,10,30.58
Status_Quo,328,2034,10,29.15
Status_Quo,329,2034,10,30.45
Status_Quo,330,2034,10,28.75
Status_Quo,331,2034,10,30.03
Status_Quo,332,2034,10,29.33
Status_Quo,333,2034,10,28.8
Status_Quo,334,2034,10,29.99
Status_Quo,335,2034,10,30.44
Status_Quo,336,2034,10,27.84
Status_Quo,337,2034,10,29.33
Status_Quo,338,2034,10,31.18
Status_Quo,339,2034,10,29.69
Status_Quo,340,2034,10,30.57
Status_Quo,341,2034,10,30.59
Status_Quo,342,2034,10,30.52
Status_Quo,343,2034,10,31.27
Status_Quo,344,2034,10,28.27
Status_Quo,345,2034,10,31.38
Status_Quo,346,2034,10,28.94
Status_Quo,347,2034,10,30.75
Status_Quo,348,2034,10,27.99
Status_Quo,349,2034,10,30.78
Status_Quo,350,2034,10,28.62
Status_Quo,351,2034,10,30.3
Status_Quo,352,2034,10,31.01
Status_Quo,353,2034,10,28.62
Status_Quo,354,2034,10,28.72
Status_Quo,355,2034,10,31.39
Status_Quo,356,2034,10,27.54
Status_Quo,357,2034,10,30.71
Status_Quo,358,2034,10,30.71
Status_Quo,359,2034,10,28.11
Status_Quo,360,2034,10,31.26
Status_Quo,361,2034,10,29.89
Status_Quo,362,2034,10,27.76
Status_Quo,363,2034,10,30.4
Status_Quo,364,2034,10,30.52
Status_Quo,365,2034,10,33.01
Status_Quo,366,2034,10,27.02
Status_Quo,367,2034,10,29.95
Status_Quo,368,2034,10,30.8
Status_Quo,369,2034,10,33.53
Status_Quo,370,2034,10,29.01
Status_Quo,371,2034,10,29.73
Status_Quo,372,2034,10,30.71
Status_Quo,373,2034,10,30.91
Status_Quo,374,2034,10,28.47
Status_Quo,375,2034,10,28.59
Status_Quo,376,2034,10,24.84
Status_Quo,377,2034,10,30.97
Status_Quo,378,2034,10,30.6
Status_Quo,379,2034,10,29.42
Status_Quo,380,2034,10,27.72
Status_Quo,381,2034,10,27.23
Status_Quo,382,2034,10,29.33
Status_Quo,383,2034,10,30.74
Status_Quo,384,2034,10,30.57
Status_Quo,385,2034,10,29.32
Status_Quo,386,2034,10,31.44
Status_Quo,387,2034,10,29.74
Status_Quo,388,2034,10,29.36
Status_Quo,389,2034,10,28.99
Status_Quo,390,2034,10,30.62
Status_Quo,391,2034,10,29.79
Status_Quo,392,2034,10,29.53
Status_Quo,393,2034,10,32.43
Status_Quo,394,2034,10,30.53
Status_Quo,395,2034,10,29.42
Status_Quo,396,2034,10,30.69
Status_Quo,397,2034,10,30.9
Status_Quo,398,2034,10,30.65
Status_Quo,399,2034,10,30.36
Status_Quo,400,2034,10,28.84
Status_Quo,401,2034,10,29.26
Status_Quo,402,2034,10,29.51
Status_Quo,403,2034,10,31.79
Status_Quo,404,2034,10,28.67
Status_Quo,405,2034,10,30.21
Status_Quo,406,2034,10,30.18
Status_Quo,407,2034,10,29.35
Status_Quo,408,2034,10,29.19
Status_Quo,409,2034,10,26.55
Status_Quo,410,2034,10,27.87
Status_Quo,411,2034,10,28.19
Status_Quo,412,2034,10,30.5
Status_Quo,413,2034,10,31.27
Status_Quo,414,2034,10,28.09
Status_Quo,415,2034,10,28.27
Status_Quo,416,2034,10,27.85
Status_Quo,417,2034,10,30.1
Status_Quo,418,2034,10,31.04
Status_Quo,419,2034,10,32.54
Status_Quo,420,2034,10,29.21
Status_Quo,421,2034,10,30.49
Status_Quo,422,2034,10,31.91
Status_Quo,423,2034,10,29.28
Status_Quo,424,2034,10,32.08
Status_Quo,425,2034,10,31.05
Status_Quo,426,2034,10,30.34
Status_Quo,427,2034,10,28.59
Status_Quo,428,2034,10,29.23
Status_Quo,429,2034,10,27.7
Status_Quo,430,2034,10,29.48
Status_Quo,431,2034,10,27.18
Status_Quo,432,2034,10,27.18
Status_Quo,433,2034,10,29.56
Status_Quo,434,2034,10,28.8
Status_Quo,435,2034,10,30.01
Status_Quo,436,2034,10,29.94
Status_Quo,437,2034,10,30.67
Status_Quo,438,2034,10,31.25
Status_Quo,439,2034,10,31.48
Status_Quo,440,2034,10,29.54
Status_Quo,441,2034,10,28.46
Status_Quo,442,2034,10,28.73
Status_Quo,443,2034,10,29.72
Status_Quo,444,2034,10,30.28
Status_Quo,445,2034,10,27.91
Status_Quo,446,2034,10,28.61
Status_Quo,447,2034,10,28.32
Status_Quo,448,2034,10,28.25
Status_Quo,449,2034,10,30.13
Status_Quo,450,2034,10,30.46
Status_Quo,451,2034,10,30.65
Status_Quo,452,2034,10,28.28
Status_Quo,453,2034,10,29.98
Status_Quo,454,2034,10,31.49
Status_Quo,455,2034,10,27.58
Status_Quo,456,2034,10,31.18
Status_Quo,457,2034,10,30.23
Status_Quo,458,2034,10,30.91
Status_Quo,459,2034,10,29.88
Status_Quo,460,2034,10,26.88
Status_Quo,461,2034,10,28.91
Status_Quo,462,2034,10,28.78
Status_Quo,463,2034,10,29.85
Status_Quo,464,2034,10,28.2
Status_Quo,465,2034,10,27.84
Status_Quo,466,2034,10,28.64
Status_Quo,467,2034,10,29.26
Status_Quo,468,2034,10,30.85
Status_Quo,469,2034,10,29.38
Status_Quo,470,2034,10,31.83
Status_Quo,471,2034,10,30.32
Status_Quo,472,2034,10,29.07
Status_Quo,473,2034,10,27.13
Status_Quo,474,2034,10,27.15
Status_Quo,475,2034,10,27.67
Status_Quo,476,2034,10,29.6
Status_Quo,477,2034,10,28.11
Status_Quo,478,2034,10,31.13
Status_Quo,479,2034,10,28.23
Status_Quo,480,2034,10,30.56
Status_Quo,481,2034,10,29.15
Status_Quo,482,2034,10,31.9
Status_Quo,483,2034,10,30.43
Status_Quo,484,2034,10,29.49
Status_Quo,485,2034,10,29.04
Status_Quo,486,2034,10,33.33
Status_Quo,487,2034,10,29.5
Status_Quo,488,2034,10,28.05
Status_Quo,489,2034,10,28.87
Status_Quo,490,2034,10,31.37
Status_Quo,491,2034,10,29.51
Status_Quo,492,2034,10,29.9
Status_Quo,493,2034,10,29.8
Status_Quo,494,2034,10,30.3
Status_Quo,495,2034,10,30.76
Status_Quo,496,2034,10,30.22
Status_Quo,497,2034,10,30.62
Status_Quo,498,2034,10,30.1
Status_Quo,499,2034,10,27.0
Status_Quo,0,2039,15,35.25
Status_Quo,1,2039,15,31.99
Status_Quo,2,2039,15,33.27
Status_Quo,3,2039,15,34.68
Status_Quo,4,2039,15,34.42
Status_Quo,5,2039,15,33.52
Status_Quo,6,2039,15,35.98
Status_Quo,7,2039,15,34.59
Status_Quo,8,2039,15,32.33
Status_Quo,9,2039,15,32.82
Status_Quo,10,2039,15,32.94
Status_Quo,11,2039,15,35.23
Status_Quo,12,2039,15,35.13
Status_Quo,13,2039,15,34.17
Status_Quo,14,2039,15,31.51
Status_Quo,15,2039,15,33.54
Status_Quo,16,2039,15,33.43
Status_Quo,17,2039,15,32.58
Status_Quo,18,2039,15,33.73
Status_Quo,19,2039,15,33.93
Status_Quo,20,2039,15,34.55
Status_Quo,21,2039,15,33.78
Status_Quo,22,2039,15,31.27
Status_Quo,23,2039,15,32.56
Status_Quo,24,2039,15,30.3
Status_Quo,25,2039,15,34.5
Status_Quo,26,2039,15,32.54
Status_Quo,27,2039,15,33.39
Status_Quo,28,2039,15,34.8
Status_Quo,29,2039,15,32.68
Status_Quo,30,2039,15,30.84
Status_Quo,31,2039,15,31.34
Status_Quo,32,2039,15,33.71
Status_Quo,33,2039,15,31.04
Status_Quo,34,2039,15,34.14
Status_Quo,35,2039,15,34.43
Status_Quo,36,2039,15,34.1
Status_Quo,37,2039,15,32.28
Status_Quo,38,2039,15,30.93
Status_Quo,39,2039,15,33.33
Status_Quo,40,2039,15,35.66
Status_Quo,41,2039,15,32.95
Status_Quo,42,2039,15,31.92
Status_Quo,43,2039,15,33.48
Status_Quo,44,2039,15,33.61
Status_Quo,45,2039,15,30.64
Status_Quo,46,2039,15,34.02
Status_Quo,47,2039,15,34.11
Status_Quo,48,2039,15,32.53
Status_Quo,49,2039,15,33.62
Status_Quo,50,2039,15,31.93
Status_Quo,51,2039,15,34.11
Status_Quo,52,2039,15,34.54
Status_Quo,53,2039,15,31.1
Status_Quo,54,2039,15,34.44
Status_Quo,55,2039,15,33.3
Status_Quo,56,2039,15,32.06
Status_Quo,57,2039,15,34.19
Status_Quo,58,2039,15,34.21
Status_Quo,59,2039,15,32.29
Status_Quo,60,2039,15,33.07
Status_Quo,61,2039,15,34.69
Status_Quo,62,2039,15,30.95
Status_Quo,63,2039,15,33.01
Status_Quo,64,2039,15,32.43
Status_Quo,65,2039,15,35.66
Status_Quo,66,2039,15,35.01
Status_Quo,67,2039,15,36.17
Status_Quo,68,2039,15,32.65
Status_Quo,69,2039,15,32.41
Status_Quo,70,2039,15,30.61
Status_Quo,71,2039,15,33.58
Status_Quo,72,2039,15,33.65
Status_Quo,73,2039,15,32.4
Status_Quo,74,2039,15,32.28
Status_Quo,75,2039,15,33.18
Status_Quo,76,2039,15,32.2
Status_Quo,77,2039,15,32.77
Status_Quo,78,2039,15,33.43
Status_Quo,79,2039,15,33.44
Status_Quo,80,2039,15,33.98
Status_Quo,81,2039,15,32.97
Status_Quo,82,2039,15,33.57
Status_Quo,83,2039,15,34.88
Status_Quo,84,2039,15,34.7
Status_Quo,85,2039,15,31.14
Status_Quo,86,2039,15,30.97
Status_Quo,87,2039,15,32.67
Status_Quo,88,2039,15,33.45
Status_Quo,89,2039,15,31.09
Status_Quo,90,2039,15,30.45
Status_Quo,91,2039,15,33.04
Status_Quo,92,2039,15,34.15
Status_Quo,93,2039,15,33.01
Status_Quo,94,2039,15,34.12
Status_Quo,95,2039,15,31.71
Status_Quo,96,2039,15,33.23
Status_Quo,97,2039,15,31.41
Status_Quo,98,2039,15,34.9
Status_Quo,99,2039,15,29.51
Status_Quo,100,2039,15,36.97
Status_Quo,101,2039,15,31.13
Status_Quo,102,2039,15,33.74
Status_Quo,103,2039,15,34.14
Status_Quo,104,2039,15,30.76
Status_Quo,105,2039,15,32.85
Status_Quo,106,2039,15,36.17
Status_Quo,107,2039,15,31.19
Status_Quo,108,2039,15,34.23
Status_Quo,109,2039,15,34.27
Status_Quo,110,2039,15,32.95
Status_Quo,111,2039,15,33.96
Status_Quo,112,2039,15,34.59
Status_Quo,113,2039,15,36.3
Status_Quo,114,2039,15,31.06
Status_Quo,115,2039,15,33.44
Status_Quo,116,2039,15,33.31
Status_Quo,117,2039,15,33.38
Status_Quo,118,2039,15,35.68
Status_Quo,119,2039,15,34.87
Status_Quo,120,2039,15,29.55
Status_Quo,121,2039,15,35.23
Status_Quo,122,2039,15,34.02
Status_Quo,123,2039,15,30.71
Status_Quo,124,2039,15,32.52
Status_Quo,125,2039,15,34.3
Status_Quo,126,2039,15,31.35
Status_Quo,127,2039,15,34.2
Status_Quo,128,2039,15,33.68
Status_Quo,129,2039,15,34.43
Status_Quo,130,2039,15,34.74
Status_Quo,131,2039,15,32.95
Status_Quo,132,2039,15,34.48
Status_Quo,133,2039,15,32.37
Status_Quo,134,2039,15,33.95
Status_Quo,135,2039,15,34.21
Status_Quo,136,2039,15,34.01
Status_Quo,137,2039,15,33.73
Status_Quo,138,2039,15,32.56
Status_Quo,139,2039,15,32.84
Status_Quo,140,2039,15,36.48
Status_Quo,141,2039,15,33.58
Status_Quo,142,2039,15,29.81
Status_Quo,143,2039,15,34.47
Status_Quo,144,2039,15,31.66
Status_Quo,145,2039,15,34.05
Status_Quo,146,2039,15,34.62
Status_Quo,147,2039,15,31.83
Status_Quo,148,2039,15,33.34
Status_Quo,149,2039,15,33.89
Status_Quo,150,2039,15,29.38
Status_Quo,151,2039,15,32.44
Status_Quo,152,2039,15,34.82
Status_Quo,153,2039,15,32.85
Status_Quo,154,2039,15,33.64
Status_Quo,155,2039,15,30.67
Status_Quo,156,2039,15,34.16
Status_Quo,157,2039,15,36.73
Status_Quo,158,2039,15,33.7
Status_Quo,159,2039,15,35.05
Status_Quo,160,2039,15,32.32
Status_Quo,161,2039,15,33.43
Status_Quo,162,2039,15,33.38
Status_Quo,163,2039,15,31.73
Status_Quo,164,2039,15,35.6
Status_Quo,165,2039,15,34.64
Status_Quo,166,2039,15,29.56
Status_Quo,167,2039,15,33.06
Status_Quo,168,2039,15,33.46
Status_Quo,169,2039,15,30.17
Status_Quo,170,2039,15,33.06
Status_Quo,171,2039,15,32.58
Status_Quo,172,2039,15,31.91
Status_Quo,173,2039,15,31.3
Status_Quo,174,2039,15,31.51
Status_Quo,175,2039,15,30.22
Status_Quo,176,2039,15,29.32
Status_Quo,177,2039,15,32.91
Status_Quo,178,2039,15,32.75
Status_Quo,179,2039,15,33.38
Status_Quo,180,2039,15,33.6
Status_Quo,181,2039,15,32.73
Status_Quo,182,2039,15,31.74
Status_Quo,183,2039,15,33.6
Status_Quo,184,2039,15,32.54
Status_Quo,185,2039,15,32.79
Status_Quo,186,2039,15,31.87
Status_Quo,187,2039,15,32.92
Status_Quo,188,2039,15,34.06
Status_Quo,189,2039,15,34.15
Status_Quo,190,2039,15,31.6
Status_Quo,191,2039,15,32.77
Status_Quo,192,2039,15,29.22
Status_Quo,193,2039,15,33.83
Status_Quo,194,2039,15,34.01
Status_Quo,195,2039,15,33.62
Status_Quo,196,2039,15,31.56
Status_Quo,197,2039,15,31.79
Status_Quo,198,2039,15,33.93
Status_Quo,199,2039,15,32.06
Status_Quo,200,2039,15,34.14
Status_Quo,201,2039,15,31.75
Status_Quo,202,2039,15,33.2
Status_Quo,203,2039,15,31.77
Status_Quo,204,2039,15,33.45
Status_Quo,205,2039,15,30.49
Status_Quo,206,2039,15,31.07
Status_Quo,207,2039,15,34.79
Status_Quo,208,2039,15,31.6
Status_Quo,209,2039,15,33.6
Status_Quo,210,2039,15,30.81
Status_Quo,211,2039,15,35.4
Status_Quo,212,2039,15,33.01
Status_Quo,213,2039,15,33.04
Status_Quo,214,2039,15,35.22
Status_Quo,215,2039,15,33.82
Status_Quo,216,2039,15,31.29
Status_Quo,217,2039,15,31.98
Status_Quo,218,2039,15,32.51
Status_Quo,219,2039,15,32.76
Status_Quo,220,2039,15,34.33
Status_Quo,221,2039,15,31.38
Status_Quo,222,2039,15,30.0
Status_Quo,223,2039,15,32.15
Status_Quo,224,2039,15,33.49
Status_Quo,225,2039,15,33.18
Status_Quo,226,2039,15,32.39
Status_Quo,227,2039,15,31.31
Status_Quo,228,2039,15,33.54
Status_Quo,229,2039,15,32.37
Status_Quo,230,2039,15,31.17
Status_Quo,231,2039,15,28.84
Status_Quo,232,2039,15,29.74
Status_Quo,233,2039,15,32.74
Status_Quo,234,2039,15,33.24
Status_Quo,235,2039,15,30.62
Status_Quo,236,2039,15,34.14
Status_Quo,237,2039,15,30.24
Status_Quo,238,2039,15,34.1
Status_Quo,239,2039,15,29.11
Status_Quo,240,2039,15,32.73
Status_Quo,241,2039,15,33.38
Status_Quo,242,2039,15,34.64
Status_Quo,243,2039,15,33.17
Status_Quo,244,2039,15,33.5
Status_Quo,245,2039,15,35.29
Status_Quo,246,2039,15,30.34
Status_Quo,247,2039,15,33.35
Status_Quo,248,2039,15,31.85
Status_Quo,249,2039,15,29.68
Status_Quo,250,2039,15,33.19
Status_Quo,251,2039,15,34.33
Status_Quo,252,2039,15,32.97
Status_Quo,253,2039,15,34.21
Status_Quo,254,2039,15,31.61
Status_Quo,255,2039,15,32.0
Status_Quo,256,2039,15,34.86
Status_Quo,257,2039,15,33.59
Status_Quo,258,2039,15,30.99
Status_Quo,259,2039,15,33.82
Status_Quo,260,2039,15,32.2
Status_Quo,261,2039,15,34.92
Status_Quo,262,2039,15,33.91
Status_Quo,263,2039,15,33.24
Status_Quo,264,2039,15,32.56
Status_Quo,265,2039,15,31.36
Status_Quo,266,2039,15,31.92
Status_Quo,267,2039,15,33.2
Status_Quo,268,2039,15,32.75
Status_Quo,269,2039,15,33.55
Status_Quo,270,2039,15,29.56
Status_Quo,271,2039,15,33.09
Status_Quo,272,2039,15,34.42
Status_Quo,273,2039,15,28.57
Status_Quo,274,2039,15,32.44
Status_Quo,275,2039,15,30.74
Status_Quo,276,2039,15,32.5
Status_Quo,277,2039,15,34.67
Status_Quo,278,2039,15,31.97
Status_Quo,279,2039,15,35.91
Status_Quo,280,2039,15,33.15
Status_Quo,281,2039,15,32.31
Status_Quo,282,2039,15,32.56
Status_Quo,283,2039,15,30.05
Status_Quo,284,2039,15,33.03
Status_Quo,285,2039,15,31.8
Status_Quo,286,2039,15,33.51
Status_Quo,287,2039,15,32.97
Status_Quo,288,2039,15,30.74
Status_Quo,289,2039,15,32.1
Status_Quo,290,2039,15,30.2
Status_Quo,291,2039,15,32.08
Status_Quo,292,2039,15,32.08
Status_Quo,293,2039,15,34.96
Status_Quo,294,2039,15,33.82
Status_Quo,295,2039,15,30.73
Status_Quo,296,2039,15,34.78
Status_Quo,297,2039,15,33.78
Status_Quo,298,2039,15,33.23
Status_Quo,299,2039,15,32.26
Status_Quo,300,2039,15,34.44
Status_Quo,301,2039,15,32.5
Status_Quo,302,2039,15,30.72
Status_Quo,303,2039,15,30.91
Status_Quo,304,2039,15,33.1
Status_Quo,305,2039,15,35.5
Status_Quo,306,2039,15,29.88
Status_Quo,307,2039,15,34.25
Status_Quo,308,2039,15,35.18
Status_Quo,309,2039,15,32.5
Status_Quo,310,2039,15,34.88
Status_Quo,311,2039,15,34.07
Status_Quo,312,2039,15,28.27
Status_Quo,313,2039,15,31.84
Status_Quo,314,2039,15,35.13
Status_Quo,315,2039,15,35.27
Status_Quo,316,2039,15,31.39
Status_Quo,317,2039,15,33.22
Status_Quo,318,2039,15,33.1
Status_Quo,319,2039,15,34.54
Status_Quo,320,2039,15,31.54
Status_Quo,321,2039,15,32.42
Status_Quo,322,2039,15,32.67
Status_Quo,323,2039,15,32.34
Status_Quo,324,2039,15,33.79
Status_Quo,325,2039,15,33.36
Status_Quo,326,2039,15,32.9
Status_Quo,327,2039,15,32.61
Status_Quo,328,2039,15,31.57
Status_Quo,329,2039,15,34.23
Status_Quo,330,2039,15,31.88
Status_Quo,331,2039,15,33.6
Status_Quo,332,2039,15,33.23
Status_Quo,333,2039,15,32.42
Status_Quo,334,2039,15,33.05
Status_Quo,335,2039,15,32.81
Status_Quo,336,2039,15,30.39
Status_Quo,337,2039,15,33.4
Status_Quo,338,2039,15,33.05
Status_Quo,339,2039,15,33.08
Status_Quo,340,2039,15,34.41
Status_Quo,341,2039,15,35.27
Status_Quo,342,2039,15,34.01
Status_Quo,343,2039,15,35.08
Status_Quo,344,2039,15,31.79
Status_Quo,345,2039,15,35.47
Status_Quo,346,2039,15,32.32
Status_Quo,347,2039,15,33.26
Status_Quo,348,2039,15,30.02
Status_Quo,349,2039,15,34.3
Status_Quo,350,2039,15,31.01
Status_Quo,351,2039,15,33.3
Status_Quo,352,2039,15,34.27
Status_Quo,353,2039,15,31.23
Status_Quo,354,2039,15,32.58
Status_Quo,355,2039,15,33.43
Status_Quo,356,2039,15,29.43
Status_Quo,357,2039,15,31.47
Status_Quo,358,2039,15,32.52
Status_Quo,359,2039,15,32.65
Status_Quo,360,2039,15,34.53
Status_Quo,361,2039,15,33.66
Status_Quo,362,2039,15,30.28
Status_Quo,363,2039,15,33.08
Status_Quo,364,2039,15,33.82
Status_Quo,365,2039,15,37.46
Status_Quo,366,2039,15,29.52
Status_Quo,367,2039,15,32.87
Status_Quo,368,2039,15,33.1
Status_Quo,369,2039,15,36.92
Status_Quo,370,2039,15,33.36
Status_Quo,371,2039,15,33.2
Status_Quo,372,2039,15,32.66
Status_Quo,373,2039,15,33.86
Status_Quo,374,2039,15,31.73
Status_Quo,375,2039,15,32.44
Status_Quo,376,2039,15,27.03
Status_Quo,377,2039,15,35.09
Status_Quo,378,2039,15,35.35
Status_Quo,379,2039,15,31.88
Status_Quo,380,2039,15,33.43
Status_Quo,381,2039,15,31.98
Status_Quo,382,2039,15,33.2
Status_Quo,383,2039,15,34.01
Status_Quo,384,2039,15,34.71
Status_Quo,385,2039,15,33.47
Status_Quo,386,2039,15,33.33
Status_Quo,387,2039,15,35.52
Status_Quo,388,2039,15,32.25
Status_Quo,389,2039,15,34.45
Status_Quo,390,2039,15,35.0
Status_Quo,391,2039,15,34.85
Status_Quo,392,2039,15,33.83
Status_Quo,393,2039,15,35.61
Status_Quo,394,2039,15,33.02
Status_Quo,395,2039,15,33.66
Status_Quo,396,2039,15,33.9
Status_Quo,397,2039,15,33.97
Status_Quo,398,2039,15,33.63
Status_Quo,399,2039,15,34.46
Status_Quo,400,2039,15,31.15
Status_Quo,401,2039,15,31.89
Status_Quo,402,2039,15,33.68
Status_Quo,403,2039,15,33.09
Status_Quo,404,2039,15,32.84
Status_Quo,405,2039,15,34.29
Status_Quo,406,2039,15,31.74
Status_Quo,407,2039,15,32.83
Status_Quo,408,2039,15,30.2
Status_Quo,409,2039,15,31.18
Status_Quo,410,2039,15,32.14
Status_Quo,411,2039,15,32.29
Status_Quo,412,2039,15,32.68
Status_Quo,413,2039,15,34.6
Status_Quo,414,2039,15,31.34
Status_Quo,415,2039,15,31.39
Status_Quo,416,2039,15,30.73
Status_Quo,417,2039,15,33.08
Status_Quo,418,2039,15,35.32
Status_Quo,419,2039,15,34.57
Status_Quo,420,2039,15,31.9
Status_Quo,421,2039,15,35.64
Status_Quo,422,2039,15,35.05
Status_Quo,423,2039,15,31.96
Status_Quo,424,2039,15,34.81
Status_Quo,425,2039,15,33.18
Status_Quo,426,2039,15,33.37
Status_Quo,427,2039,15,31.96
Status_Quo,428,2039,15,33.24
Status_Quo,429,2039,15,32.21
Status_Quo,430,2039,15,33.07
Status_Quo,431,2039,15,31.99
Status_Quo,432,2039,15,31.39
Status_Quo,433,2039,15,32.3
Status_Quo,434,2039,15,32.64
Status_Quo,435,2039,15,34.23
Status_Quo,436,2039,15,33.28
Status_Quo,437,2039,15,33.47
Status_Quo,438,2039,15,32.97
Status_Quo,439,2039,15,35.22
Status_Quo,440,2039,15,33.02
Status_Quo,441,2039,15,31.74
Status_Quo,442,2039,15,31.57
Status_Quo,443,2039,15,32.64
Status_Quo,444,2039,15,32.68
Status_Quo,445,2039,15,30.4
Status_Quo,446,2039,15,30.63
Status_Quo,447,2039,15,29.36
Status_Quo,448,2039,15,32.17
Status_Quo,449,2039,15,33.35
Status_Quo,450,2039,15,32.19
Status_Quo,451,2039,15,32.91
Status_Quo,452,2039,15,31.13
Status_Quo,453,2039,15,35.24
Status_Quo,454,2039,15,35.16
Status_Quo,455,2039,15,31.56
Status_Quo,456,2039,15,34.01
Status_Quo,457,2039,15,33.81
Status_Quo,458,2039,15,34.0
Status_Quo,459,2039,15,33.59
Status_Quo,460,2039,15,33.41
Status_Quo,461,2039,15,31.56
Status_Quo,462,2039,15,32.52
Status_Quo,463,2039,15,32.06
Status_Quo,464,2039,15,30.84
Status_Quo,465,2039,15,31.16
Status_Quo,466,2039,15,33.33
Status_Quo,467,2039,15,30.66
Status_Quo,468,2039,15,31.99
Status_Quo,469,2039,15,33.98
Status_Quo,470,2039,15,36.5
Status_Quo,471,2039,15,32.23
Status_Quo,472,2039,15,32.85
Status_Quo,473,2039,15,31.31
Status_Quo,474,2039,15,30.65
Status_Quo,475,2039,15,31.08
Status_Quo,476,2039,15,34.17
Status_Quo,477,2039,15,33.0
Status_Quo,478,2039,15,35.11
Status_Quo,479,2039,15,32.17
Status_Quo,480,2039,15,33.31
Status_Quo,481,2039,15,31.37
Status_Quo,482,2039,15,35.32
Status_Quo,483,2039,15,34.16
Status_Quo,484,2039,15,32.88
Status_Quo,485,2039,15,32.09
Status_Quo,486,2039,15,36.11
Status_Quo,487,2039,15,30.06
Status_Quo,488,2039,15,31.27
Status_Quo,489,2039,15,30.9
Status_Quo,490,2039,15,34.03
Status_Quo,491,2039,15,28.28
Status_Quo,492,2039,15,31.51
Status_Quo,493,2039,15,33.04
Status_Quo,494,2039,15,34.84
Status_Quo,495,2039,15,34.86
Status_Quo,496,2039,15,33.0
Status_Quo,497,2039,15,35.55
Status_Quo,498,2039,15,34.09
Status_Quo,499,2039,15,29.2
Status_Quo,0,2044,20,40.04
Status_Quo,1,2044,20,35.56
Status_Quo,2,2044,20,36.37
Status_Quo,3,2044,20,37.69
Status_Quo,4,2044,20,37.15
Status_Quo,5,2044,20,35.93
Status_Quo,6,2044,20,38.5
Status_Quo,7,2044,20,37.03
Status_Quo,8,2044,20,34.71
Status_Quo,9,2044,20,35.35
Status_Quo,10,2044,20,35.93
Status_Quo,11,2044,20,38.09
Status_Quo,12,2044,20,37.62
Status_Quo,13,2044,20,36.93
Status_Quo,14,2044,20,36.38
Status_Quo,15,2044,20,36.55
Status_Quo,16,2044,20,35.81
Status_Quo,17,2044,20,37.17
Status_Quo,18,2044,20,37.99
Status_Quo,19,2044,20,35.83
Status_Quo,20,2044,20,37.96
Status_Quo,21,2044,20,37.7
Status_Quo,22,2044,20,34.01
Status_Quo,23,2044,20,34.89
Status_Quo,24,2044,20,34.1
Status_Quo,25,2044,20,36.13
Status_Quo,26,2044,20,34.3
Status_Quo,27,2044,20,36.25
Status_Quo,28,2044,20,37.78
Status_Quo,29,2044,20,34.51
Status_Quo,30,2044,20,35.28
Status_Quo,31,2044,20,36.32
Status_Quo,32,2044,20,37.06
Status_Quo,33,2044,20,35.14
Status_Quo,34,2044,20,36.91
Status_Quo,35,2044,20,36.87
Status_Quo,36,2044,20,36.77
Status_Quo,37,2044,20,37.03
Status_Quo,38,2044,20,34.12
Status_Quo,39,2044,20,36.38
Status_Quo,40,2044,20,38.67
Status_Quo,41,2044,20,34.81
Status_Quo,42,2044,20,35.06
Status_Quo,43,2044,20,37.68
Status_Quo,44,2044,20,35.95
Status_Quo,45,2044,20,34.28
Status_Quo,46,2044,20,37.25
Status_Quo,47,2044,20,36.67
Status_Quo,48,2044,20,34.54
Status_Quo,49,2044,20,34.54
Status_Quo,50,2044,20,34.07
Status_Quo,51,2044,20,35.96
Status_Quo,52,2044,20,36.96
Status_Quo,53,2044,20,33.9
Status_Quo,54,2044,20,35.95
Status_Quo,55,2044,20,37.43
Status_Quo,56,2044,20,34.94
Status_Quo,57,2044,20,36.07
Status_Quo,58,2044,20,36.44
Status_Quo,59,2044,20,32.26
Status_Quo,60,2044,20,34.04
Status_Quo,61,2044,20,38.63
Status_Quo,62,2044,20,32.88
Status_Quo,63,2044,20,36.78
Status_Quo,64,2044,20,35.17
Status_Quo,65,2044,20,39.58
Status_Quo,66,2044,20,36.23
Status_Quo,67,2044,20,39.58
Status_Quo,68,2044,20,35.22
Status_Quo,69,2044,20,33.98
Status_Quo,70,2044,20,33.11
Status_Quo,71,2044,20,37.34
Status_Quo,72,2044,20,35.68
Status_Quo,73,2044,20,36.16
Status_Quo,74,2044,20,33.62
Status_Quo,75,2044,20,35.64
Status_Quo,76,2044,20,34.58
Status_Quo,77,2044,20,36.1
Status_Quo,78,2044,20,38.04
Status_Quo,79,2044,20,34.22
Status_Quo,80,2044,20,36.22
Status_Quo,81,2044,20,36.41
Status_Quo,82,2044,20,37.05
Status_Quo,83,2044,20,37.89
Status_Quo,84,2044,20,37.87
Status_Quo,85,2044,20,33.48
Status_Quo,86,2044,20,34.03
Status_Quo,87,2044,20,34.7
Status_Quo,88,2044,20,35.44
Status_Quo,89,2044,20,33.91
Status_Quo,90,2044,20,32.39
Status_Quo,91,2044,20,36.15
Status_Quo,92,2044,20,37.31
Status_Quo,93,2044,20,35.32
Status_Quo,94,2044,20,37.6
Status_Quo,95,2044,20,35.15
Status_Quo,96,2044,20,36.62
Status_Quo,97,2044,20,34.25
Status_Quo,98,2044,20,36.22
Status_Quo,99,2044,20,32.82
Status_Quo,100,2044,20,38.7
Status_Quo,101,2044,20,33.37
Status_Quo,102,2044,20,36.6
Status_Quo,103,2044,20,36.75
Status_Quo,104,2044,20,33.08
Status_Quo,105,2044,20,36.25
Status_Quo,106,2044,20,38.75
Status_Quo,107,2044,20,32.75
Status_Quo,108,2044,20,36.8
Status_Quo,109,2044,20,37.62
Status_Quo,110,2044,20,35.78
Status_Quo,111,2044,20,34.71
Status_Quo,112,2044,20,36.26
Status_Quo,113,2044,20,38.78
Status_Quo,114,2044,20,34.19
Status_Quo,115,2044,20,35.47
Status_Quo,116,2044,20,34.69
Status_Quo,117,2044,20,38.23
Status_Quo,118,2044,20,38.57
Status_Quo,119,2044,20,37.94
Status_Quo,120,2044,20,33.56
Status_Quo,121,2044,20,38.35
Status_Quo,122,2044,20,37.08
Status_Quo,123,2044,20,34.07
Status_Quo,124,2044,20,34.99
Status_Quo,125,2044,20,37.74
Status_Quo,126,2044,20,34.27
Status_Quo,127,2044,20,37.3
Status_Quo,128,2044,20,36.32
Status_Quo,129,2044,20,38.33
Status_Quo,130,2044,20,37.95
Status_Quo,131,2044,20,36.31
Status_Quo,132,2044,20,36.49
Status_Quo,133,2044,20,34.68
Status_Quo,134,2044,20,35.92
Status_Quo,135,2044,20,37.54
Status_Quo,136,2044,20,33.87
Status_Quo,137,2044,20,36.28
Status_Quo,138,2044,20,35.11
Status_Quo,139,2044,20,35.47
Status_Quo,140,2044,20,38.36
Status_Quo,141,2044,20,36.55
Status_Quo,142,2044,20,32.37
Status_Quo,143,2044,20,39.65
Status_Quo,144,2044,20,32.48
Status_Quo,145,2044,20,37.94
Status_Quo,146,2044,20,37.49
Status_Quo,147,2044,20,34.36
Status_Quo,148,2044,20,35.6
Status_Quo,149,2044,20,38.05
Status_Quo,150,2044,20,31.13
Status_Quo,151,2044,20,35.66
Status_Quo,152,2044,20,37.54
Status_Quo,153,2044,20,35.23
Status_Quo,154,2044,20,35.97
Status_Quo,155,2044,20,32.71
Status_Quo,156,2044,20,36.92
Status_Quo,157,2044,20,38.83
Status_Quo,158,2044,20,34.79
Status_Quo,159,2044,20,37.02
Status_Quo,160,2044,20,35.65
Status_Quo,161,2044,20,36.4
Status_Quo,162,2044,20,36.46
Status_Quo,163,2044,20,34.03
Status_Quo,164,2044,20,38.49
Status_Quo,165,2044,20,37.11
Status_Quo,166,2044,20,34.72
Status_Quo,167,2044,20,36.17
Status_Quo,168,2044,20,35.86
Status_Quo,169,2044,20,31.89
Status_Quo,170,2044,20,34.96
Status_Quo,171,2044,20,35.0
Status_Quo,172,2044,20,35.17
Status_Quo,173,2044,20,34.62
Status_Quo,174,2044,20,35.92
Status_Quo,175,2044,20,34.57
Status_Quo,176,2044,20,32.59
Status_Quo,177,2044,20,35.35
Status_Quo,178,2044,20,35.31
Status_Quo,179,2044,20,35.06
Status_Quo,180,2044,20,35.14
Status_Quo,181,2044,20,35.49
Status_Quo,182,2044,20,35.33
Status_Quo,183,2044,20,36.83
Status_Quo,184,2044,20,34.52
Status_Quo,185,2044,20,34.94
Status_Quo,186,2044,20,35.39
Status_Quo,187,2044,20,35.08
Status_Quo,188,2044,20,36.93
Status_Quo,189,2044,20,35.32
Status_Quo,190,2044,20,34.57
Status_Quo,191,2044,20,36.03
Status_Quo,192,2044,20,33.5
Status_Quo,193,2044,20,36.99
Status_Quo,194,2044,20,39.21
Status_Quo,195,2044,20,35.42
Status_Quo,196,2044,20,35.3
Status_Quo,197,2044,20,36.22
Status_Quo,198,2044,20,37.44
Status_Quo,199,2044,20,35.22
Status_Quo,200,2044,20,37.73
Status_Quo,201,2044,20,34.49
Status_Quo,202,2044,20,36.18
Status_Quo,203,2044,20,34.86
Status_Quo,204,2044,20,37.09
Status_Quo,205,2044,20,33.25
Status_Quo,206,2044,20,35.35
Status_Quo,207,2044,20,36.39
Status_Quo,208,2044,20,35.18
Status_Quo,209,2044,20,35.6
Status_Quo,210,2044,20,34.17
Status_Quo,211,2044,20,36.41
Status_Quo,212,2044,20,37.01
Status_Quo,213,2044,20,35.18
Status_Quo,214,2044,20,37.27
Status_Quo,215,2044,20,37.37
Status_Quo,216,2044,20,34.25
Status_Quo,217,2044,20,35.44
Status_Quo,218,2044,20,36.29
Status_Quo,219,2044,20,36.48
Status_Quo,220,2044,20,38.03
Status_Quo,221,2044,20,33.79
Status_Quo,222,2044,20,33.19
Status_Quo,223,2044,20,35.59
Status_Quo,224,2044,20,37.02
Status_Quo,225,2044,20,35.01
Status_Quo,226,2044,20,35.41
Status_Quo,227,2044,20,35.66
Status_Quo,228,2044,20,35.69
Status_Quo,229,2044,20,37.31
Status_Quo,230,2044,20,34.59
Status_Quo,231,2044,20,31.9
Status_Quo,232,2044,20,33.48
Status_Quo,233,2044,20,34.71
Status_Quo,234,2044,20,35.17
Status_Quo,235,2044,20,33.57
Status_Quo,236,2044,20,36.9
Status_Quo,237,2044,20,32.17
Status_Quo,238,2044,20,36.84
Status_Quo,239,2044,20,30.35
Status_Quo,240,2044,20,38.05
Status_Quo,241,2044,20,35.5
Status_Quo,242,2044,20,37.06
Status_Quo,243,2044,20,36.06
Status_Quo,244,2044,20,35.55
Status_Quo,245,2044,20,38.08
Status_Quo,246,2044,20,32.25
Status_Quo,247,2044,20,37.28
Status_Quo,248,2044,20,34.56
Status_Quo,249,2044,20,32.29
Status_Quo,250,2044,20,35.47
Status_Quo,251,2044,20,36.56
Status_Quo,252,2044,20,35.2
Status_Quo,253,2044,20,36.42
Status_Quo,254,2044,20,36.11
Status_Quo,255,2044,20,34.92
Status_Quo,256,2044,20,37.59
Status_Quo,257,2044,20,36.21
Status_Quo,258,2044,20,34.66
Status_Quo,259,2044,20,36.95
Status_Quo,260,2044,20,35.67
Status_Quo,261,2044,20,36.23
Status_Quo,262,2044,20,35.91
Status_Quo,263,2044,20,35.53
Status_Quo,264,2044,20,37.15
Status_Quo,265,2044,20,35.38
Status_Quo,266,2044,20,33.79
Status_Quo,267,2044,20,35.12
Status_Quo,268,2044,20,35.76
Status_Quo,269,2044,20,36.83
Status_Quo,270,2044,20,31.78
Status_Quo,271,2044,20,35.58
Status_Quo,272,2044,20,38.75
Status_Quo,273,2044,20,32.47
Status_Quo,274,2044,20,34.97
Status_Quo,275,2044,20,32.31
Status_Quo,276,2044,20,36.39
Status_Quo,277,2044,20,36.85
Status_Quo,278,2044,20,35.62
Status_Quo,279,2044,20,37.85
Status_Quo,280,2044,20,35.93
Status_Quo,281,2044,20,34.96
Status_Quo,282,2044,20,36.0
Status_Quo,283,2044,20,32.68
Status_Quo,284,2044,20,36.07
Status_Quo,285,2044,20,32.91
Status_Quo,286,2044,20,33.82
Status_Quo,287,2044,20,35.3
Status_Quo,288,2044,20,34.23
Status_Quo,289,2044,20,33.37
Status_Quo,290,2044,20,32.42
Status_Quo,291,2044,20,33.14
Status_Quo,292,2044,20,35.89
Status_Quo,293,2044,20,37.04
Status_Quo,294,2044,20,37.75
Status_Quo,295,2044,20,33.67
Status_Quo,296,2044,20,38.11
Status_Quo,297,2044,20,35.66
Status_Quo,298,2044,20,34.85
Status_Quo,299,2044,20,35.07
Status_Quo,300,2044,20,36.64
Status_Quo,301,2044,20,34.76
Status_Quo,302,2044,20,32.35
Status_Quo,303,2044,20,35.48
Status_Quo,304,2044,20,34.55
Status_Quo,305,2044,20,39.83
Status_Quo,306,2044,20,34.07
Status_Quo,307,2044,20,37.28
Status_Quo,308,2044,20,37.8
Status_Quo,309,2044,20,33.95
Status_Quo,310,2044,20,38.55
Status_Quo,311,2044,20,36.52
Status_Quo,312,2044,20,32.08
Status_Quo,313,2044,20,34.53
Status_Quo,314,2044,20,38.43
Status_Quo,315,2044,20,39.6
Status_Quo,316,2044,20,33.87
Status_Quo,317,2044,20,36.15
Status_Quo,318,2044,20,36.89
Status_Quo,319,2044,20,36.8
Status_Quo,320,2044,20,33.77
Status_Quo,321,2044,20,37.07
Status_Quo,322,2044,20,37.36
Status_Quo,323,2044,20,33.61
Status_Quo,324,2044,20,37.52
Status_Quo,325,2044,20,35.01
Status_Quo,326,2044,20,35.23
Status_Quo,327,2044,20,34.8
Status_Quo,328,2044,20,32.57
Status_Quo,329,2044,20,36.87
Status_Quo,330,2044,20,35.93
Status_Quo,331,2044,20,37.76
Status_Quo,332,2044,20,35.54
Status_Quo,333,2044,20,35.34
Status_Quo,334,2044,20,35.82
Status_Quo,335,2044,20,37.08
Status_Quo,336,2044,20,33.75
Status_Quo,337,2044,20,36.53
Status_Quo,338,2044,20,37.17
Status_Quo,339,2044,20,36.13
Status_Quo,340,2044,20,36.87
Status_Quo,341,2044,20,39.78
Status_Quo,342,2044,20,37.35
Status_Quo,343,2044,20,36.96
Status_Quo,344,2044,20,35.15
Status_Quo,345,2044,20,37.33
Status_Quo,346,2044,20,34.57
Status_Quo,347,2044,20,33.67
Status_Quo,348,2044,20,34.26
Status_Quo,349,2044,20,36.18
Status_Quo,350,2044,20,34.08
Status_Quo,351,2044,20,36.5
Status_Quo,352,2044,20,37.52
Status_Quo,353,2044,20,33.25
Status_Quo,354,2044,20,36.27
Status_Quo,355,2044,20,35.73
Status_Quo,356,2044,20,32.65
Status_Quo,357,2044,20,35.18
Status_Quo,358,2044,20,34.74
Status_Quo,359,2044,20,35.23
Status_Quo,360,2044,20,36.18
Status_Quo,361,2044,20,36.14
Status_Quo,362,2044,20,32.52
Status_Quo,363,2044,20,35.07
Status_Quo,364,2044,20,36.8
Status_Quo,365,2044,20,40.8
Status_Quo,366,2044,20,32.61
Status_Quo,367,2044,20,36.62
Status_Quo,368,2044,20,36.01
Status_Quo,369,2044,20,39.0
Status_Quo,370,2044,20,37.78
Status_Quo,371,2044,20,35.34
Status_Quo,372,2044,20,33.8
Status_Quo,373,2044,20,34.6
Status_Quo,374,2044,20,36.19
Status_Quo,375,2044,20,34.64
Status_Quo,376,2044,20,33.01
Status_Quo,377,2044,20,38.3
Status_Quo,378,2044,20,38.29
Status_Quo,379,2044,20,35.36
Status_Quo,380,2044,20,35.32
Status_Quo,381,2044,20,34.99
Status_Quo,382,2044,20,35.81
Status_Quo,383,2044,20,36.11
Status_Quo,384,2044,20,38.56
Status_Quo,385,2044,20,37.7
Status_Quo,386,2044,20,35.81
Status_Quo,387,2044,20,36.15
Status_Quo,388,2044,20,36.95
Status_Quo,389,2044,20,37.84
Status_Quo,390,2044,20,38.2
Status_Quo,391,2044,20,37.88
Status_Quo,392,2044,20,38.6
Status_Quo,393,2044,20,38.39
Status_Quo,394,2044,20,38.01
Status_Quo,395,2044,20,35.21
Status_Quo,396,2044,20,37.04
Status_Quo,397,2044,20,35.83
Status_Quo,398,2044,20,36.51
Status_Quo,399,2044,20,35.08
Status_Quo,400,2044,20,33.57
Status_Quo,401,2044,20,33.46
Status_Quo,402,2044,20,35.8
Status_Quo,403,2044,20,36.17
Status_Quo,404,2044,20,35.44
Status_Quo,405,2044,20,37.39
Status_Quo,406,2044,20,33.1
Status_Quo,407,2044,20,35.17
Status_Quo,408,2044,20,31.84
Status_Quo,409,2044,20,33.82
Status_Quo,410,2044,20,36.81
Status_Quo,411,2044,20,35.56
Status_Quo,412,2044,20,33.65
Status_Quo,413,2044,20,37.39
Status_Quo,414,2044,20,35.68
Status_Quo,415,2044,20,33.5
Status_Quo,416,2044,20,33.91
Status_Quo,417,2044,20,34.31
Status_Quo,418,2044,20,37.24
Status_Quo,419,2044,20,37.23
Status_Quo,420,2044,20,35.95
Status_Quo,421,2044,20,39.26
Status_Quo,422,2044,20,37.73
Status_Quo,423,2044,20,35.31
Status_Quo,424,2044,20,38.03
Status_Quo,425,2044,20,36.12
Status_Quo,426,2044,20,36.9
Status_Quo,427,2044,20,33.63
Status_Quo,428,2044,20,36.22
Status_Quo,429,2044,20,35.85
Status_Quo,430,2044,20,36.37
Status_Quo,431,2044,20,34.93
Status_Quo,432,2044,20,33.1
Status_Quo,433,2044,20,35.39
Status_Quo,434,2044,20,35.87
Status_Quo,435,2044,20,36.47
Status_Quo,436,2044,20,36.53
Status_Quo,437,2044,20,36.08
Status_Quo,438,2044,20,36.15
Status_Quo,439,2044,20,39.71
Status_Quo,440,2044,20,36.62
Status_Quo,441,2044,20,33.31
Status_Quo,442,2044,20,35.46
Status_Quo,443,2044,20,35.24
Status_Quo,444,2044,20,34.75
Status_Quo,445,2044,20,34.41
Status_Quo,446,2044,20,32.26
Status_Quo,447,2044,20,33.94
Status_Quo,448,2044,20,34.23
Status_Quo,449,2044,20,35.99
Status_Quo,450,2044,20,34.06
Status_Quo,451,2044,20,35.26
Status_Quo,452,2044,20,34.88
Status_Quo,453,2044,20,37.22
Status_Quo,454,2044,20,37.25
Status_Quo,455,2044,20,32.19
Status_Quo,456,2044,20,35.22
Status_Quo,457,2044,20,35.85
Status_Quo,458,2044,20,36.66
Status_Quo,459,2044,20,37.41
Status_Quo,460,2044,20,34.31
Status_Quo,461,2044,20,34.08
Status_Quo,462,2044,20,36.63
Status_Quo,463,2044,20,35.51
Status_Quo,464,2044,20,35.15
Status_Quo,465,2044,20,35.0
Status_Quo,466,2044,20,36.53
Status_Quo,467,2044,20,32.64
Status_Quo,468,2044,20,34.81
Status_Quo,469,2044,20,38.38
Status_Quo,470,2044,20,37.6
Status_Quo,471,2044,20,33.87
Status_Quo,472,2044,20,35.42
Status_Quo,473,2044,20,33.77
Status_Quo,474,2044,20,34.71
Status_Quo,475,2044,20,33.88
Status_Quo,476,2044,20,36.05
Status_Quo,477,2044,20,35.16
Status_Quo,478,2044,20,39.33
Status_Quo,479,2044,20,35.23
Status_Quo,480,2044,20,35.17
Status_Quo,481,2044,20,33.49
Status_Quo,482,2044,20,37.89
Status_Quo,483,2044,20,37.01
Status_Quo,484,2044,20,34.47
Status_Quo,485,2044,20,34.73
Status_Quo,486,2044,20,40.0
Status_Quo,487,2044,20,33.65
Status_Quo,488,2044,20,34.11
Status_Quo,489,2044,20,33.07
Status_Quo,490,2044,20,35.68
Status_Quo,491,2044,20,32.14
Status_Quo,492,2044,20,34.35
Status_Quo,493,2044,20,37.47
Status_Quo,494,2044,20,38.42
Status_Quo,495,2044,20,37.49
Status_Quo,496,2044,20,37.81
Status_Quo,497,2044,20,37.21
Status_Quo,498,2044,20,36.92
Status_Quo,499,2044,20,32.65
Factor_Driven,0,2029,5,28.43
Factor_Driven,1,2029,5,24.13
Factor_Driven,2,2029,5,25.36
Factor_Driven,3,2029,5,29.77
Factor_Driven,4,2029,5,28.92
Factor_Driven,5,2029,5,28.49
Factor_Driven,6,2029,5,26.84
Factor_Driven,7,2029,5,29.65
Factor_Driven,8,2029,5,26.82
Factor_Driven,9,2029,5,28.52
Factor_Driven,10,2029,5,27.0
Factor_Driven,11,2029,5,29.87
Factor_Driven,12,2029,5,27.9
Factor_Driven,13,2029,5,26.53
Factor_Driven,14,2029,5,26.19
Factor_Driven,15,2029,5,27.66
Factor_Driven,16,2029,5,28.52
Factor_Driven,17,2029,5,27.44
Factor_Driven,18,2029,5,25.28
Factor_Driven,19,2029,5,28.71
Factor_Driven,20,2029,5,25.29
Factor_Driven,21,2029,5,30.93
Factor_Driven,22,2029,5,26.55
Factor_Driven,23,2029,5,28.5
Factor_Driven,24,2029,5,27.82
Factor_Driven,25,2029,5,26.8
Factor_Driven,26,2029,5,27.71
Factor_Driven,27,2029,5,27.89
Factor_Driven,28,2029,5,26.74
Factor_Driven,29,2029,5,27.57
Factor_Driven,30,2029,5,28.86
Factor_Driven,31,2029,5,28.29
Factor_Driven,32,2029,5,25.9
Factor_Driven,33,2029,5,26.46
Factor_Driven,34,2029,5,27.57
Factor_Driven,35,2029,5,28.72
Factor_Driven,36,2029,5,26.16
Factor_Driven,37,2029,5,27.34
Factor_Driven,38,2029,5,29.0
Factor_Driven,39,2029,5,28.22
Factor_Driven,40,2029,5,27.6
Factor_Driven,41,2029,5,29.83
Factor_Driven,42,2029,5,28.46
Factor_Driven,43,2029,5,29.4
Factor_Driven,44,2029,5,28.32
Factor_Driven,45,2029,5,27.05
Factor_Driven,46,2029,5,24.49
Factor_Driven,47,2029,5,26.54
Factor_Driven,48,2029,5,27.1
Factor_Driven,49,2029,5,27.99
Factor_Driven,50,2029,5,28.84
Factor_Driven,51,2029,5,29.8
Factor_Driven,52,2029,5,28.07
Factor_Driven,53,2029,5,25.17
Factor_Driven,54,2029,5,28.01
Factor_Driven,55,2029,5,27.43
Factor_Driven,56,2029,5,27.27
Factor_Driven,57,2029,5,29.31
Factor_Driven,58,2029,5,28.73
Factor_Driven,59,2029,5,29.02
Factor_Driven,60,2029,5,29.47
Factor_Driven,61,2029,5,26.64
Factor_Driven,62,2029,5,29.11
Factor_Driven,63,2029,5,26.23
Factor_Driven,64,2029,5,29.17
Factor_Driven,65,2029,5,27.86
Factor_Driven,66,2029,5,30.61
Factor_Driven,67,2029,5,28.93
Factor_Driven,68,2029,5,24.73
Factor_Driven,69,2029,5,27.14
Factor_Driven,70,2029,5,27.37
Factor_Driven,71,2029,5,28.85
Factor_Driven,72,2029,5,26.82
Factor_Driven,73,2029,5,29.72
Factor_Driven,74,2029,5,26.91
Factor_Driven,75,2029,5,28.35
Factor_Driven,76,2029,5,27.71
Factor_Driven,77,2029,5,28.49
Factor_Driven,78,2029,5,28.68
Factor_Driven,79,2029,5,27.94
Factor_Driven,80,2029,5,29.99
Factor_Driven,81,2029,5,29.07
Factor_Driven,82,2029,5,29.67
Factor_Driven,83,2029,5,25.63
Factor_Driven,84,2029,5,27.3
Factor_Driven,85,2029,5,28.29
Factor_Driven,86,2029,5,20.73
Factor_Driven,87,2029,5,30.04
Factor_Driven,88,2029,5,26.05
Factor_Driven,89,2029,5,26.5
Factor_Driven,90,2029,5,26.48
Factor_Driven,91,2029,5,27.84
Factor_Driven,92,2029,5,28.58
Factor_Driven,93,2029,5,27.99
Factor_Driven,94,2029,5,28.91
Factor_Driven,95,2029,5,26.9
Factor_Driven,96,2029,5,28.87
Factor_Driven,97,2029,5,28.44
Factor_Driven,98,2029,5,29.49
Factor_Driven,99,2029,5,28.33
Factor_Driven,100,2029,5,28.65
Factor_Driven,101,2029,5,27.47
Factor_Driven,102,2029,5,25.82
Factor_Driven,103,2029,5,27.61
Factor_Driven,104,2029,5,28.98
Factor_Driven,105,2029,5,29.21
Factor_Driven,106,2029,5,28.68
Factor_Driven,107,2029,5,28.25
Factor_Driven,108,2029,5,25.67
Factor_Driven,109,2029,5,26.52
Factor_Driven,110,2029,5,29.44
Factor_Driven,111,2029,5,29.29
Factor_Driven,112,2029,5,27.4
Factor_Driven,113,2029,5,30.54
Factor_Driven,114,2029,5,27.81
Factor_Driven,115,2029,5,25.59
Factor_Driven,116,2029,5,29.56
Factor_Driven,117,2029,5,27.49
Factor_Driven,118,2029,5,23.05
Factor_Driven,119,2029,5,27.59
Factor_Driven,120,2029,5,30.01
Factor_Driven,121,2029,5,29.05
Factor_Driven,122,2029,5,24.72
Factor_Driven,123,2029,5,26.5
Factor_Driven,124,2029,5,27.29
Factor_Driven,125,2029,5,27.45
Factor_Driven,126,2029,5,26.9
Factor_Driven,127,2029,5,29.07
Factor_Driven,128,2029,5,30.21
Factor_Driven,129,2029,5,27.72
Factor_Driven,130,2029,5,27.84
Factor_Driven,131,2029,5,27.07
Factor_Driven,132,2029,5,28.46
Factor_Driven,133,2029,5,30.07
Factor_Driven,134,2029,5,28.31
Factor_Driven,135,2029,5,27.04
Factor_Driven,136,2029,5,29.23
Factor_Driven,137,2029,5,26.62
Factor_Driven,138,2029,5,26.18
Factor_Driven,139,2029,5,24.79
Factor_Driven,140,2029,5,30.51
Factor_Driven,141,2029,5,26.65
Factor_Driven,142,2029,5,25.1
Factor_Driven,143,2029,5,27.16
Factor_Driven,144,2029,5,28.94
Factor_Driven,145,2029,5,25.89
Factor_Driven,146,2029,5,26.66
Factor_Driven,147,2029,5,28.3
Factor_Driven,148,2029,5,28.66
Factor_Driven,149,2029,5,26.32
Factor_Driven,150,2029,5,29.07
Factor_Driven,151,2029,5,26.88
Factor_Driven,152,2029,5,28.81
Factor_Driven,153,2029,5,25.6
Factor_Driven,154,2029,5,27.53
Factor_Driven,155,2029,5,28.71
Factor_Driven,156,2029,5,28.64
Factor_Driven,157,2029,5,28.12
Factor_Driven,158,2029,5,31.22
Factor_Driven,159,2029,5,26.06
Factor_Driven,160,2029,5,30.9
Factor_Driven,161,2029,5,27.23
Factor_Driven,162,2029,5,29.37
Factor_Driven,163,2029,5,28.61
Factor_Driven,164,2029,5,26.57
Factor_Driven,165,2029,5,28.24
Factor_Driven,166,2029,5,27.77
Factor_Driven,167,2029,5,25.49
Factor_Driven,168,2029,5,30.24
Factor_Driven,169,2029,5,24.6
Factor_Driven,170,2029,5,26.65
Factor_Driven,171,2029,5,28.71
Factor_Driven,172,2029,5,26.75
Factor_Driven,173,2029,5,28.24
Factor_Driven,174,2029,5,30.14
Factor_Driven,175,2029,5,28.77
Factor_Driven,176,2029,5,27.81
Factor_Driven,177,2029,5,29.33
Factor_Driven,178,2029,5,26.22
Factor_Driven,179,2029,5,27.89
Factor_Driven,180,2029,5,23.25
Factor_Driven,181,2029,5,26.83
Factor_Driven,182,2029,5,27.09
Factor_Driven,183,2029,5,26.58
Factor_Driven,184,2029,5,29.11
Factor_Driven,185,2029,5,27.02
Factor_Driven,186,2029,5,27.05
Factor_Driven,187,2029,5,28.52
Factor_Driven,188,2029,5,29.05
Factor_Driven,189,2029,5,29.4
Factor_Driven,190,2029,5,29.73
Factor_Driven,191,2029,5,29.26
Factor_Driven,192,2029,5,27.1
Factor_Driven,193,2029,5,29.17
Factor_Driven,194,2029,5,26.89
Factor_Driven,195,2029,5,28.36
Factor_Driven,196,2029,5,30.77
Factor_Driven,197,2029,5,26.3
Factor_Driven,198,2029,5,28.49
Factor_Driven,199,2029,5,26.28
Factor_Driven,200,2029,5,27.51
Factor_Driven,201,2029,5,24.55
Factor_Driven,202,2029,5,28.7
Factor_Driven,203,2029,5,27.51
Factor_Driven,204,2029,5,28.28
Factor_Driven,205,2029,5,28.92
Factor_Driven,206,2029,5,27.04
Factor_Driven,207,2029,5,27.31
Factor_Driven,208,2029,5,28.67
Factor_Driven,209,2029,5,28.86
Factor_Driven,210,2029,5,26.28
Factor_Driven,211,2029,5,26.29
Factor_Driven,212,2029,5,28.77
Factor_Driven,213,2029,5,31.78
Factor_Driven,214,2029,5,26.74
Factor_Driven,215,2029,5,24.85
Factor_Driven,216,2029,5,29.52
Factor_Driven,217,2029,5,28.85
Factor_Driven,218,2029,5,30.03
Factor_Driven,219,2029,5,28.35
Factor_Driven,220,2029,5,27.53
Factor_Driven,221,2029,5,27.61
Factor_Driven,222,2029,5,27.2
Factor_Driven,223,2029,5,29.46
Factor_Driven,224,2029,5,25.46
Factor_Driven,225,2029,5,28.41
Factor_Driven,226,2029,5,29.14
Factor_Driven,227,2029,5,27.02
Factor_Driven,228,2029,5,26.91
Factor_Driven,229,2029,5,24.64
Factor_Driven,230,2029,5,27.91
Factor_Driven,231,2029,5,28.88
Factor_Driven,232,2029,5,29.6
Factor_Driven,233,2029,5,28.63
Factor_Driven,234,2029,5,26.42
Factor_Driven,235,2029,5,26.46
Factor_Driven,236,2029,5,29.24
Factor_Driven,237,2029,5,30.38
Factor_Driven,238,2029,5,26.62
Factor_Driven,239,2029,5,26.62
Factor_Driven,240,2029,5,27.55
Factor_Driven,241,2029,5,26.81
Factor_Driven,242,2029,5,27.18
Factor_Driven,243,2029,5,29.35
Factor_Driven,244,2029,5,26.0
Factor_Driven,245,2029,5,27.1
Factor_Driven,246,2029,5,25.42
Factor_Driven,247,2029,5,28.16
Factor_Driven,248,2029,5,25.15
Factor_Driven,249,2029,5,29.8
Factor_Driven,250,2029,5,29.31
Factor_Driven,251,2029,5,29.39
Factor_Driven,252,2029,5,27.92
Factor_Driven,253,2029,5,28.16
Factor_Driven,254,2029,5,28.28
Factor_Driven,255,2029,5,26.55
Factor_Driven,256,2029,5,30.66
Factor_Driven,257,2029,5,29.38
Factor_Driven,258,2029,5,28.79
Factor_Driven,259,2029,5,27.59
Factor_Driven,260,2029,5,27.44
Factor_Driven,261,2029,5,29.26
Factor_Driven,262,2029,5,26.12
Factor_Driven,263,2029,5,26.43
Factor_Driven,264,2029,5,31.0
Factor_Driven,265,2029,5,25.87
Factor_Driven,266,2029,5,26.77
Factor_Driven,267,2029,5,27.14
Factor_Driven,268,2029,5,25.74
Factor_Driven,269,2029,5,27.58
Factor_Driven,270,2029,5,25.65
Factor_Driven,271,2029,5,27.67
Factor_Driven,272,2029,5,29.68
Factor_Driven,273,2029,5,27.92
Factor_Driven,274,2029,5,27.65
Factor_Driven,275,2029,5,30.35
Factor_Driven,276,2029,5,28.82
Factor_Driven,277,2029,5,27.16
Factor_Driven,278,2029,5,29.95
Factor_Driven,279,2029,5,27.5
Factor_Driven,280,2029,5,27.87
Factor_Driven,281,2029,5,30.73
Factor_Driven,282,2029,5,29.54
Factor_Driven,283,2029,5,27.46
Factor_Driven,284,2029,5,27.22
Factor_Driven,285,2029,5,28.51
Factor_Driven,286,2029,5,29.55
Factor_Driven,287,2029,5,28.59
Factor_Driven,288,2029,5,27.15
Factor_Driven,289,2029,5,27.84
Factor_Driven,290,2029,5,28.1
Factor_Driven,291,2029,5,24.09
Factor_Driven,292,2029,5,29.01
Factor_Driven,293,2029,5,29.16
Factor_Driven,294,2029,5,25.39
Factor_Driven,295,2029,5,29.14
Factor_Driven,296,2029,5,30.41
Factor_Driven,297,2029,5,29.01
Factor_Driven,298,2029,5,22.89
Factor_Driven,299,2029,5,28.01
Factor_Driven,300,2029,5,27.53
Factor_Driven,301,2029,5,27.02
Factor_Driven,302,2029,5,28.39
Factor_Driven,303,2029,5,27.45
Factor_Driven,304,2029,5,30.47
Factor_Driven,305,2029,5,29.29
Factor_Driven,306,2029,5,24.97
Factor_Driven,307,2029,5,27.48
Factor_Driven,308,2029,5,27.96
Factor_Driven,309,2029,5,27.18
Factor_Driven,310,2029,5,27.44
Factor_Driven,311,2029,5,26.36
Factor_Driven,312,2029,5,27.73
Factor_Driven,313,2029,5,29.21
Factor_Driven,314,2029,5,26.94
Factor_Driven,315,2029,5,27.67
Factor_Driven,316,2029,5,26.85
Factor_Driven,317,2029,5,27.12
Factor_Driven,318,2029,5,28.09
Factor_Driven,319,2029,5,29.14
Factor_Driven,320,2029,5,28.03
Factor_Driven,321,2029,5,28.85
Factor_Driven,322,2029,5,28.78
Factor_Driven,323,2029,5,27.71
Factor_Driven,324,2029,5,26.37
Factor_Driven,325,2029,5,28.09
Factor_Driven,326,2029,5,29.82
Factor_Driven,327,2029,5,29.58
Factor_Driven,328,2029,5,25.89
Factor_Driven,329,2029,5,27.96
Factor_Driven,330,2029,5,27.41
Factor_Driven,331,2029,5,25.57
Factor_Driven,332,2029,5,27.83
Factor_Driven,333,2029,5,28.49
Factor_Driven,334,2029,5,25.72
Factor_Driven,335,2029,5,30.07
Factor_Driven,336,2029,5,29.96
Factor_Driven,337,2029,5,24.71
Factor_Driven,338,2029,5,28.9
Factor_Driven,339,2029,5,27.31
Factor_Driven,340,2029,5,27.13
Factor_Driven,341,2029,5,28.59
Factor_Driven,342,2029,5,29.47
Factor_Driven,343,2029,5,27.98
Factor_Driven,344,2029,5,25.24
Factor_Driven,345,2029,5,25.23
Factor_Driven,346,2029,5,26.66
Factor_Driven,347,2029,5,25.25
Factor_Driven,348,2029,5,24.6
Factor_Driven,349,2029,5,29.31
Factor_Driven,350,2029,5,26.61
Factor_Driven,351,2029,5,28.75
Factor_Driven,352,2029,5,27.32
Factor_Driven,353,2029,5,28.37
Factor_Driven,354,2029,5,28.28
Factor_Driven,355,2029,5,26.54
Factor_Driven,356,2029,5,29.2
Factor_Driven,357,2029,5,29.66
Factor_Driven,358,2029,5,25.36
Factor_Driven,359,2029,5,27.28
Factor_Driven,360,2029,5,26.6
Factor_Driven,361,2029,5,27.69
Factor_Driven,362,2029,5,27.58
Factor_Driven,363,2029,5,26.1
Factor_Driven,364,2029,5,28.16
Factor_Driven,365,2029,5,26.66
Factor_Driven,366,2029,5,29.61
Factor_Driven,367,2029,5,26.23
Factor_Driven,368,2029,5,29.88
Factor_Driven,369,2029,5,28.75
Factor_Driven,370,2029,5,28.14
Factor_Driven,371,2029,5,25.87
Factor_Driven,372,2029,5,28.91
Factor_Driven,373,2029,5,27.05
Factor_Driven,374,2029,5,28.54
Factor_Driven,375,2029,5,27.74
Factor_Driven,376,2029,5,28.01
Factor_Driven,377,2029,5,28.32
Factor_Driven,378,2029,5,26.89
Factor_Driven,379,2029,5,27.83
Factor_Driven,380,2029,5,26.08
Factor_Driven,381,2029,5,25.85
Factor_Driven,382,2029,5,28.93
Factor_Driven,383,2029,5,27.18
Factor_Driven,384,2029,5,25.62
Factor_Driven,385,2029,5,29.17
Factor_Driven,386,2029,5,28.94
Factor_Driven,387,2029,5,28.39
Factor_Driven,388,2029,5,29.63
Factor_Driven,389,2029,5,29.04
Factor_Driven,390,2029,5,29.98
Factor_Driven,391,2029,5,29.06
Factor_Driven,392,2029,5,27.13
Factor_Driven,393,2029,5,25.46
Factor_Driven,394,2029,5,27.45
Factor_Driven,395,2029,5,25.17
Factor_Driven,396,2029,5,27.38
Factor_Driven,397,2029,5,28.12
Factor_Driven,398,2029,5,28.49
Factor_Driven,399,2029,5,25.98
Factor_Driven,400,2029,5,27.63
Factor_Driven,401,2029,5,27.7
Factor_Driven,402,2029,5,26.83
Factor_Driven,403,2029,5,28.31
Factor_Driven,404,2029,5,28.84
Factor_Driven,405,2029,5,29.28
Factor_Driven,406,2029,5,28.94
Factor_Driven,407,2029,5,24.77
Factor_Driven,408,2029,5,29.1
Factor_Driven,409,2029,5,28.43
Factor_Driven,410,2029,5,28.63
Factor_Driven,411,2029,5,25.37
Factor_Driven,412,2029,5,29.12
Factor_Driven,413,2029,5,28.04
Factor_Driven,414,2029,5,27.56
Factor_Driven,415,2029,5,25.0
Factor_Driven,416,2029,5,31.0
Factor_Driven,417,2029,5,26.84
Factor_Driven,418,2029,5,27.09
Factor_Driven,419,2029,5,27.37
Factor_Driven,420,2029,5,24.31
Factor_Driven,421,2029,5,23.61
Factor_Driven,422,2029,5,27.44
Factor_Driven,423,2029,5,28.35
Factor_Driven,424,2029,5,27.74
Factor_Driven,425,2029,5,25.48
Factor_Driven,426,2029,5,28.06
Factor_Driven,427,2029,5,29.47
Factor_Driven,428,2029,5,29.22
Factor_Driven,429,2029,5,29.55
Factor_Driven,430,2029,5,27.04
Factor_Driven,431,2029,5,28.17
Factor_Driven,432,2029,5,26.17
Factor_Driven,433,2029,5,28.53
Factor_Driven,434,2029,5,25.7
Factor_Driven,435,2029,5,28.52
Factor_Driven,436,2029,5,27.38
Factor_Driven,437,2029,5,29.05
Factor_Driven,438,2029,5,29.44
Factor_Driven,439,2029,5,28.13
Factor_Driven,440,2029,5,26.87
Factor_Driven,441,2029,5,25.99
Factor_Driven,442,2029,5,26.95
Factor_Driven,443,2029,5,26.15
Factor_Driven,444,2029,5,29.79
Factor_Driven,445,2029,5,27.57
Factor_Driven,446,2029,5,28.13
Factor_Driven,447,2029,5,27.25
Factor_Driven,448,2029,5,27.02
Factor_Driven,449,2029,5,28.37
Factor_Driven,450,2029,5,26.84
Factor_Driven,451,2029,5,27.63
Factor_Driven,452,2029,5,27.85
Factor_Driven,453,2029,5,26.63
Factor_Driven,454,2029,5,26.2
Factor_Driven,455,2029,5,29.71
Factor_Driven,456,2029,5,28.79
Factor_Driven,457,2029,5,29.89
Factor_Driven,458,2029,5,25.23
Factor_Driven,459,2029,5,25.77
Factor_Driven,460,2029,5,27.13
Factor_Driven,461,2029,5,29.85
Factor_Driven,462,2029,5,27.92
Factor_Driven,463,2029,5,26.55
Factor_Driven,464,2029,5,25.88
Factor_Driven,465,2029,5,29.06
Factor_Driven,466,2029,5,27.03
Factor_Driven,467,2029,5,26.94
Factor_Driven,468,2029,5,29.27
Factor_Driven,469,2029,5,24.68
Factor_Driven,470,2029,5,27.04
Factor_Driven,471,2029,5,27.15
Factor_Driven,472,2029,5,28.62
Factor_Driven,473,2029,5,27.22
Factor_Driven,474,2029,5,24.84
Factor_Driven,475,2029,5,27.54
Factor_Driven,476,2029,5,27.52
Factor_Driven,477,2029,5,30.14
Factor_Driven,478,2029,5,26.71
Factor_Driven,479,2029,5,25.03
Factor_Driven,480,2029,5,29.87
Factor_Driven,481,2029,5,27.62
Factor_Driven,482,2029,5,27.67
Factor_Driven,483,2029,5,26.35
Factor_Driven,484,2029,5,27.98
Factor_Driven,485,2029,5,26.36
Factor_Driven,486,2029,5,28.25
Factor_Driven,487,2029,5,28.66
Factor_Driven,488,2029,5,27.39
Factor_Driven,489,2029,5,27.12
Factor_Driven,490,2029,5,28.12
Factor_Driven,491,2029,5,23.92
Factor_Driven,492,2029,5,25.5
Factor_Driven,493,2029,5,25.7
Factor_Driven,494,2029,5,26.48
Factor_Driven,495,2029,5,28.56
Factor_Driven,496,2029,5,30.12
Factor_Driven,497,2029,5,27.59
Factor_Driven,498,2029,5,26.4
Factor_Driven,499,2029,5,28.1
Factor_Driven,0,2034,10,32.97
Factor_Driven,1,2034,10,28.6
Factor_Driven,2,2034,10,30.28
Factor_Driven,3,2034,10,34.07
Factor_Driven,4,2034,10,34.31
Factor_Driven,5,2034,10,29.49
Factor_Driven,6,2034,10,31.59
Factor_Driven,7,2034,10,33.59
Factor_Driven,8,2034,10,32.5
Factor_Driven,9,2034,10,33.28
Factor_Driven,10,2034,10,34.5
Factor_Driven,11,2034,10,33.71
Factor_Driven,12,2034,10,34.01
Factor_Driven,13,2034,10,32.5
Factor_Driven,14,2034,10,31.53
Factor_Driven,15,2034,10,34.11
Factor_Driven,16,2034,10,32.81
Factor_Driven,17,2034,10,34.46
Factor_Driven,18,2034,10,31.34
Factor_Driven,19,2034,10,31.19
Factor_Driven,20,2034,10,30.52
Factor_Driven,21,2034,10,37.36
Factor_Driven,22,2034,10,32.3
Factor_Driven,23,2034,10,32.11
Factor_Driven,24,2034,10,33.94
Factor_Driven,25,2034,10,30.34
Factor_Driven,26,2034,10,32.68
Factor_Driven,27,2034,10,31.19
Factor_Driven,28,2034,10,31.72
Factor_Driven,29,2034,10,32.92
Factor_Driven,30,2034,10,34.58
Factor_Driven,31,2034,10,33.63
Factor_Driven,32,2034,10,33.73
Factor_Driven,33,2034,10,32.31
Factor_Driven,34,2034,10,33.02
Factor_Driven,35,2034,10,34.05
Factor_Driven,36,2034,10,32.05
Factor_Driven,37,2034,10,32.12
Factor_Driven,38,2034,10,32.63
Factor_Driven,39,2034,10,32.17
Factor_Driven,40,2034,10,34.17
Factor_Driven,41,2034,10,31.89
Factor_Driven,42,2034,10,32.18
Factor_Driven,43,2034,10,36.66
Factor_Driven,44,2034,10,32.51
Factor_Driven,45,2034,10,32.41
Factor_Driven,46,2034,10,33.09
Factor_Driven,47,2034,10,31.96
Factor_Driven,48,2034,10,35.13
Factor_Driven,49,2034,10,35.04
Factor_Driven,50,2034,10,33.48
Factor_Driven,51,2034,10,34.98
Factor_Driven,52,2034,10,31.36
Factor_Driven,53,2034,10,31.87
Factor_Driven,54,2034,10,31.81
Factor_Driven,55,2034,10,32.39
Factor_Driven,56,2034,10,33.01
Factor_Driven,57,2034,10,31.86
Factor_Driven,58,2034,10,34.09
Factor_Driven,59,2034,10,34.02
Factor_Driven,60,2034,10,36.21
Factor_Driven,61,2034,10,33.87
Factor_Driven,62,2034,10,32.16
Factor_Driven,63,2034,10,33.45
Factor_Driven,64,2034,10,33.57
Factor_Driven,65,2034,10,31.83
Factor_Driven,66,2034,10,35.87
Factor_Driven,67,2034,10,33.25
Factor_Driven,68,2034,10,32.15
Factor_Driven,69,2034,10,32.65
Factor_Driven,70,2034,10,32.79
Factor_Driven,71,2034,10,33.58
Factor_Driven,72,2034,10,34.15
Factor_Driven,73,2034,10,35.43
Factor_Driven,74,2034,10,32.24
Factor_Driven,75,2034,10,29.88
Factor_Driven,76,2034,10,33.64
Factor_Driven,77,2034,10,35.45
Factor_Driven,78,2034,10,32.98
Factor_Driven,79,2034,10,34.17
Factor_Driven,80,2034,10,34.54
Factor_Driven,81,2034,10,33.12
Factor_Driven,82,2034,10,34.41
Factor_Driven,83,2034,10,32.34
Factor_Driven,84,2034,10,34.26
Factor_Driven,85,2034,10,32.23
Factor_Driven,86,2034,10,28.21
Factor_Driven,87,2034,10,33.94
Factor_Driven,88,2034,10,33.0
Factor_Driven,89,2034,10,33.21
Factor_Driven,90,2034,10,30.25
Factor_Driven,91,2034,10,33.72
Factor_Driven,92,2034,10,35.0
Factor_Driven,93,2034,10,32.08
Factor_Driven,94,2034,10,34.88
Factor_Driven,95,2034,10,31.1
Factor_Driven,96,2034,10,34.96
Factor_Driven,97,2034,10,35.65
Factor_Driven,98,2034,10,33.15
Factor_Driven,99,2034,10,30.19
Factor_Driven,100,2034,10,33.1
Factor_Driven,101,2034,10,32.04
Factor_Driven,102,2034,10,31.53
Factor_Driven,103,2034,10,31.87
Factor_Driven,104,2034,10,35.16
Factor_Driven,105,2034,10,33.77
Factor_Driven,106,2034,10,31.49
Factor_Driven,107,2034,10,31.15
Factor_Driven,108,2034,10,29.13
Factor_Driven,109,2034,10,33.76
Factor_Driven,110,2034,10,34.88
Factor_Driven,111,2034,10,33.05
Factor_Driven,112,2034,10,30.37
Factor_Driven,113,2034,10,35.97
Factor_Driven,114,2034,10,34.95
Factor_Driven,115,2034,10,29.47
Factor_Driven,116,2034,10,35.99
Factor_Driven,117,2034,10,32.68
Factor_Driven,118,2034,10,30.58
Factor_Driven,119,2034,10,30.84
Factor_Driven,120,2034,10,34.04
Factor_Driven,121,2034,10,33.53
Factor_Driven,122,2034,10,30.23
Factor_Driven,123,2034,10,33.06
Factor_Driven,124,2034,10,31.36
Factor_Driven,125,2034,10,32.67
Factor_Driven,126,2034,10,30.79
Factor_Driven,127,2034,10,32.67
Factor_Driven,128,2034,10,35.9
Factor_Driven,129,2034,10,32.36
Factor_Driven,130,2034,10,31.56
Factor_Driven,131,2034,10,33.48
Factor_Driven,132,2034,10,32.98
Factor_Driven,133,2034,10,33.96
Factor_Driven,134,2034,10,31.78
Factor_Driven,135,2034,10,32.81
Factor_Driven,136,2034,10,35.3
Factor_Driven,137,2034,10,31.67
Factor_Driven,138,2034,10,31.61
Factor_Driven,139,2034,10,29.94
Factor_Driven,140,2034,10,36.91
Factor_Driven,141,2034,10,33.96
Factor_Driven,142,2034,10,30.91
Factor_Driven,143,2034,10,33.45
Factor_Driven,144,2034,10,34.89
Factor_Driven,145,2034,10,33.01
Factor_Driven,146,2034,10,31.33
Factor_Driven,147,2034,10,33.12
Factor_Driven,148,2034,10,34.98
Factor_Driven,149,2034,10,32.18
Factor_Driven,150,2034,10,34.99
Factor_Driven,151,2034,10,30.48
Factor_Driven,152,2034,10,33.06
Factor_Driven,153,2034,10,31.49
Factor_Driven,154,2034,10,32.69
Factor_Driven,155,2034,10,31.78
Factor_Driven,156,2034,10,34.04
Factor_Driven,157,2034,10,31.32
Factor_Driven,158,2034,10,34.79
Factor_Driven,159,2034,10,32.38
Factor_Driven,160,2034,10,37.01
Factor_Driven,161,2034,10,31.73
Factor_Driven,162,2034,10,33.36
Factor_Driven,163,2034,10,32.24
Factor_Driven,164,2034,10,32.45
Factor_Driven,165,2034,10,31.54
Factor_Driven,166,2034,10,32.71
Factor_Driven,167,2034,10,32.24
Factor_Driven,168,2034,10,34.01
Factor_Driven,169,2034,10,31.88
Factor_Driven,170,2034,10,33.57
Factor_Driven,171,2034,10,31.57
Factor_Driven,172,2034,10,31.47
Factor_Driven,173,2034,10,33.99
Factor_Driven,174,2034,10,37.91
Factor_Driven,175,2034,10,33.37
Factor_Driven,176,2034,10,34.26
Factor_Driven,177,2034,10,33.78
Factor_Driven,178,2034,10,31.23
Factor_Driven,179,2034,10,32.43
Factor_Driven,180,2034,10,29.71
Factor_Driven,181,2034,10,33.55
Factor_Driven,182,2034,10,32.98
Factor_Driven,183,2034,10,31.18
Factor_Driven,184,2034,10,33.74
Factor_Driven,185,2034,10,32.17
Factor_Driven,186,2034,10,31.63
Factor_Driven,187,2034,10,33.04
Factor_Driven,188,2034,10,33.84
Factor_Driven,189,2034,10,33.74
Factor_Driven,190,2034,10,33.85
Factor_Driven,191,2034,10,35.79
Factor_Driven,192,2034,10,28.75
Factor_Driven,193,2034,10,33.67
Factor_Driven,194,2034,10,31.4
Factor_Driven,195,2034,10,32.81
Factor_Driven,196,2034,10,34.83
Factor_Driven,197,2034,10,32.95
Factor_Driven,198,2034,10,32.35
Factor_Driven,199,2034,10,29.9
Factor_Driven,200,2034,10,32.89
Factor_Driven,201,2034,10,30.52
Factor_Driven,202,2034,10,31.35
Factor_Driven,203,2034,10,33.48
Factor_Driven,204,2034,10,34.19
Factor_Driven,205,2034,10,35.64
Factor_Driven,206,2034,10,33.45
Factor_Driven,207,2034,10,27.41
Factor_Driven,208,2034,10,35.09
Factor_Driven,209,2034,10,34.48
Factor_Driven,210,2034,10,34.38
Factor_Driven,211,2034,10,32.94
Factor_Driven,212,2034,10,33.33
Factor_Driven,213,2034,10,36.47
Factor_Driven,214,2034,10,30.37
Factor_Driven,215,2034,10,29.7
Factor_Driven,216,2034,10,34.43
Factor_Driven,217,2034,10,32.94
Factor_Driven,218,2034,10,34.66
Factor_Driven,219,2034,10,32.29
Factor_Driven,220,2034,10,32.37
Factor_Driven,221,2034,10,31.35
Factor_Driven,222,2034,10,31.96
Factor_Driven,223,2034,10,34.19
Factor_Driven,224,2034,10,32.07
Factor_Driven,225,2034,10,33.55
Factor_Driven,226,2034,10,33.02
Factor_Driven,227,2034,10,31.86
Factor_Driven,228,2034,10,29.58
Factor_Driven,229,2034,10,31.47
Factor_Driven,230,2034,10,33.03
Factor_Driven,231,2034,10,32.73
Factor_Driven,232,2034,10,37.41
Factor_Driven,233,2034,10,32.95
Factor_Driven,234,2034,10,32.34
Factor_Driven,235,2034,10,33.79
Factor_Driven,236,2034,10,31.83
Factor_Driven,237,2034,10,36.72
Factor_Driven,238,2034,10,31.6
Factor_Driven,239,2034,10,30.54
Factor_Driven,240,2034,10,31.72
Factor_Driven,241,2034,10,30.48
Factor_Driven,242,2034,10,33.75
Factor_Driven,243,2034,10,32.98
Factor_Driven,244,2034,10,33.46
Factor_Driven,245,2034,10,34.06
Factor_Driven,246,2034,10,29.25
Factor_Driven,247,2034,10,33.54
Factor_Driven,248,2034,10,31.44
Factor_Driven,249,2034,10,34.69
Factor_Driven,250,2034,10,32.49
Factor_Driven,251,2034,10,33.04
Factor_Driven,252,2034,10,32.78
Factor_Driven,253,2034,10,33.56
Factor_Driven,254,2034,10,34.42
Factor_Driven,255,2034,10,31.75
Factor_Driven,256,2034,10,37.22
Factor_Driven,257,2034,10,36.49
Factor_Driven,258,2034,10,34.18
Factor_Driven,259,2034,10,32.88
Factor_Driven,260,2034,10,34.57
Factor_Driven,261,2034,10,33.76
Factor_Driven,262,2034,10,33.01
Factor_Driven,263,2034,10,32.7
Factor_Driven,264,2034,10,37.37
Factor_Driven,265,2034,10,30.5
Factor_Driven,266,2034,10,30.47
Factor_Driven,267,2034,10,30.85
Factor_Driven,268,2034,10,32.25
Factor_Driven,269,2034,10,31.91
Factor_Driven,270,2034,10,29.69
Factor_Driven,271,2034,10,30.49
Factor_Driven,272,2034,10,35.04
Factor_Driven,273,2034,10,32.09
Factor_Driven,274,2034,10,32.47
Factor_Driven,275,2034,10,34.75
Factor_Driven,276,2034,10,34.51
Factor_Driven,277,2034,10,31.79
Factor_Driven,278,2034,10,33.57
Factor_Driven,279,2034,10,31.92
Factor_Driven,280,2034,10,34.36
Factor_Driven,281,2034,10,35.89
Factor_Driven,282,2034,10,32.58
Factor_Driven,283,2034,10,34.31
Factor_Driven,284,2034,10,36.02
Factor_Driven,285,2034,10,33.44
Factor_Driven,286,2034,10,33.44
Factor_Driven,287,2034,10,34.72
Factor_Driven,288,2034,10,30.49
Factor_Driven,289,2034,10,33.95
Factor_Driven,290,2034,10,31.23
Factor_Driven,291,2034,10,30.6
Factor_Driven,292,2034,10,33.14
Factor_Driven,293,2034,10,33.7
Factor_Driven,294,2034,10,29.1
Factor_Driven,295,2034,10,33.25
Factor_Driven,296,2034,10,36.6
Factor_Driven,297,2034,10,34.49
Factor_Driven,298,2034,10,28.53
Factor_Driven,299,2034,10,33.89
Factor_Driven,300,2034,10,33.82
Factor_Driven,301,2034,10,31.47
Factor_Driven,302,2034,10,35.15
Factor_Driven,303,2034,10,33.65
Factor_Driven,304,2034,10,35.59
Factor_Driven,305,2034,10,36.1
Factor_Driven,306,2034,10,31.74
Factor_Driven,307,2034,10,32.22
Factor_Driven,308,2034,10,34.8
Factor_Driven,309,2034,10,32.18
Factor_Driven,310,2034,10,32.88
Factor_Driven,311,2034,10,31.75
Factor_Driven,312,2034,10,33.41
Factor_Driven,313,2034,10,33.67
Factor_Driven,314,2034,10,33.56
Factor_Driven,315,2034,10,33.45
Factor_Driven,316,2034,10,34.67
Factor_Driven,317,2034,10,32.19
Factor_Driven,318,2034,10,34.21
Factor_Driven,319,2034,10,33.62
Factor_Driven,320,2034,10,34.33
Factor_Driven,321,2034,10,34.85
Factor_Driven,322,2034,10,32.43
Factor_Driven,323,2034,10,34.18
Factor_Driven,324,2034,10,33.22
Factor_Driven,325,2034,10,31.45
Factor_Driven,326,2034,10,35.74
Factor_Driven,327,2034,10,31.9
Factor_Driven,328,2034,10,30.31
Factor_Driven,329,2034,10,33.03
Factor_Driven,330,2034,10,31.91
Factor_Driven,331,2034,10,30.71
Factor_Driven,332,2034,10,32.99
Factor_Driven,333,2034,10,33.66
Factor_Driven,334,2034,10,32.35
Factor_Driven,335,2034,10,36.58
Factor_Driven,336,2034,10,35.01
Factor_Driven,337,2034,10,32.85
Factor_Driven,338,2034,10,34.52
Factor_Driven,339,2034,10,33.03
Factor_Driven,340,2034,10,34.9
Factor_Driven,341,2034,10,34.62
Factor_Driven,342,2034,10,32.29
Factor_Driven,343,2034,10,33.79
Factor_Driven,344,2034,10,31.22
Factor_Driven,345,2034,10,29.49
Factor_Driven,346,2034,10,29.17
Factor_Driven,347,2034,10,30.13
Factor_Driven,348,2034,10,28.65
Factor_Driven,349,2034,10,32.44
Factor_Driven,350,2034,10,33.02
Factor_Driven,351,2034,10,33.37
Factor_Driven,352,2034,10,33.24
Factor_Driven,353,2034,10,35.68
Factor_Driven,354,2034,10,33.01
Factor_Driven,355,2034,10,32.32
Factor_Driven,356,2034,10,34.63
Factor_Driven,357,2034,10,34.96
Factor_Driven,358,2034,10,31.25
Factor_Driven,359,2034,10,32.32
Factor_Driven,360,2034,10,33.48
Factor_Driven,361,2034,10,34.94
Factor_Driven,362,2034,10,32.64
Factor_Driven,363,2034,10,32.4
Factor_Driven,364,2034,10,33.2
Factor_Driven,365,2034,10,32.65
Factor_Driven,366,2034,10,34.6
Factor_Driven,367,2034,10,28.76
Factor_Driven,368,2034,10,34.64
Factor_Driven,369,2034,10,34.3
Factor_Driven,370,2034,10,33.38
Factor_Driven,371,2034,10,31.43
Factor_Driven,372,2034,10,33.09
Factor_Driven,373,2034,10,33.23
Factor_Driven,374,2034,10,33.61
Factor_Driven,375,2034,10,32.61
Factor_Driven,376,2034,10,34.87
Factor_Driven,377,2034,10,34.01
Factor_Driven,378,2034,10,32.24
Factor_Driven,379,2034,10,32.71
Factor_Driven,380,2034,10,31.12
Factor_Driven,381,2034,10,31.34
Factor_Driven,382,2034,10,31.26
Factor_Driven,383,2034,10,32.53
Factor_Driven,384,2034,10,30.29
Factor_Driven,385,2034,10,35.78
Factor_Driven,386,2034,10,33.62
Factor_Driven,387,2034,10,33.74
Factor_Driven,388,2034,10,36.53
Factor_Driven,389,2034,10,32.13
Factor_Driven,390,2034,10,33.69
Factor_Driven,391,2034,10,31.47
Factor_Driven,392,2034,10,33.87
Factor_Driven,393,2034,10,30.28
Factor_Driven,394,2034,10,31.13
Factor_Driven,395,2034,10,29.85
Factor_Driven,396,2034,10,32.35
Factor_Driven,397,2034,10,33.11
Factor_Driven,398,2034,10,32.65
Factor_Driven,399,2034,10,31.67
Factor_Driven,400,2034,10,31.25
Factor_Driven,401,2034,10,33.33
Factor_Driven,402,2034,10,32.26
Factor_Driven,403,2034,10,32.13
Factor_Driven,404,2034,10,36.13
Factor_Driven,405,2034,10,36.29
Factor_Driven,406,2034,10,34.62
Factor_Driven,407,2034,10,32.28
Factor_Driven,408,2034,10,32.92
Factor_Driven,409,2034,10,33.32
Factor_Driven,410,2034,10,32.82
Factor_Driven,411,2034,10,31.63
Factor_Driven,412,2034,10,33.17
Factor_Driven,413,2034,10,31.97
Factor_Driven,414,2034,10,33.17
Factor_Driven,415,2034,10,31.69
Factor_Driven,416,2034,10,35.96
Factor_Driven,417,2034,10,28.7
Factor_Driven,418,2034,10,32.26
Factor_Driven,419,2034,10,33.81
Factor_Driven,420,2034,10,28.99
Factor_Driven,421,2034,10,30.18
Factor_Driven,422,2034,10,35.04
Factor_Driven,423,2034,10,32.62
Factor_Driven,424,2034,10,34.59
Factor_Driven,425,2034,10,28.57
Factor_Driven,426,2034,10,33.74
Factor_Driven,427,2034,10,34.34
Factor_Driven,428,2034,10,32.48
Factor_Driven,429,2034,10,35.14
Factor_Driven,430,2034,10,33.86
Factor_Driven,431,2034,10,33.09
Factor_Driven,432,2034,10,29.02
Factor_Driven,433,2034,10,34.23
Factor_Driven,434,2034,10,31.54
Factor_Driven,435,2034,10,33.74
Factor_Driven,436,2034,10,34.09
Factor_Driven,437,2034,10,34.02
Factor_Driven,438,2034,10,34.56
Factor_Driven,439,2034,10,32.24
Factor_Driven,440,2034,10,31.25
Factor_Driven,441,2034,10,32.71
Factor_Driven,442,2034,10,32.06
Factor_Driven,443,2034,10,33.27
Factor_Driven,444,2034,10,35.35
Factor_Driven,445,2034,10,33.13
Factor_Driven,446,2034,10,34.74
Factor_Driven,447,2034,10,32.93
Factor_Driven,448,2034,10,31.55
Factor_Driven,449,2034,10,34.33
Factor_Driven,450,2034,10,31.14
Factor_Driven,451,2034,10,31.91
Factor_Driven,452,2034,10,33.78
Factor_Driven,453,2034,10,31.81
Factor_Driven,454,2034,10,30.3
Factor_Driven,455,2034,10,33.82
Factor_Driven,456,2034,10,33.33
Factor_Driven,457,2034,10,35.12
Factor_Driven,458,2034,10,30.26
Factor_Driven,459,2034,10,34.68
Factor_Driven,460,2034,10,32.88
Factor_Driven,461,2034,10,35.36
Factor_Driven,462,2034,10,33.25
Factor_Driven,463,2034,10,30.87
Factor_Driven,464,2034,10,32.5
Factor_Driven,465,2034,10,33.58
Factor_Driven,466,2034,10,33.3
Factor_Driven,467,2034,10,31.52
Factor_Driven,468,2034,10,34.06
Factor_Driven,469,2034,10,29.72
Factor_Driven,470,2034,10,33.52
Factor_Driven,471,2034,10,31.6
Factor_Driven,472,2034,10,32.51
Factor_Driven,473,2034,10,32.82
Factor_Driven,474,2034,10,30.25
Factor_Driven,475,2034,10,31.26
Factor_Driven,476,2034,10,33.14
Factor_Driven,477,2034,10,34.13
Factor_Driven,478,2034,10,30.48
Factor_Driven,479,2034,10,30.01
Factor_Driven,480,2034,10,34.53
Factor_Driven,481,2034,10,34.23
Factor_Driven,482,2034,10,32.88
Factor_Driven,483,2034,10,29.37
Factor_Driven,484,2034,10,35.16
Factor_Driven,485,2034,10,28.19
Factor_Driven,486,2034,10,33.25
Factor_Driven,487,2034,10,33.34
Factor_Driven,488,2034,10,30.85
Factor_Driven,489,2034,10,31.32
Factor_Driven,490,2034,10,33.4
Factor_Driven,491,2034,10,30.37
Factor_Driven,492,2034,10,31.99
Factor_Driven,493,2034,10,31.65
Factor_Driven,494,2034,10,32.05
Factor_Driven,495,2034,10,32.83
Factor_Driven,496,2034,10,35.15
Factor_Driven,497,2034,10,33.99
Factor_Driven,498,2034,10,29.5
Factor_Driven,499,2034,10,33.04
Factor_Driven,0,2039,15,37.82
Factor_Driven,1,2039,15,33.0
Factor_Driven,2,2039,15,31.83
Factor_Driven,3,2039,15,35.56
Factor_Driven,4,2039,15,39.03
Factor_Driven,5,2039,15,32.43
Factor_Driven,6,2039,15,36.18
Factor_Driven,7,2039,15,36.93
Factor_Driven,8,2039,15,38.15
Factor_Driven,9,2039,15,35.29
Factor_Driven,10,2039,15,37.4
Factor_Driven,11,2039,15,39.24
Factor_Driven,12,2039,15,38.43
Factor_Driven,13,2039,15,38.14
Factor_Driven,14,2039,15,36.11
Factor_Driven,15,2039,15,36.69
Factor_Driven,16,2039,15,38.0
Factor_Driven,17,2039,15,36.33
Factor_Driven,18,2039,15,37.14
Factor_Driven,19,2039,15,35.98
Factor_Driven,20,2039,15,34.19
Factor_Driven,21,2039,15,41.56
Factor_Driven,22,2039,15,36.47
Factor_Driven,23,2039,15,35.42
Factor_Driven,24,2039,15,36.73
Factor_Driven,25,2039,15,33.42
Factor_Driven,26,2039,15,36.75
Factor_Driven,27,2039,15,36.21
Factor_Driven,28,2039,15,36.93
Factor_Driven,29,2039,15,39.04
Factor_Driven,30,2039,15,39.88
Factor_Driven,31,2039,15,35.69
Factor_Driven,32,2039,15,39.3
Factor_Driven,33,2039,15,37.5
Factor_Driven,34,2039,15,37.02
Factor_Driven,35,2039,15,39.59
Factor_Driven,36,2039,15,37.84
Factor_Driven,37,2039,15,36.12
Factor_Driven,38,2039,15,34.99
Factor_Driven,39,2039,15,36.88
Factor_Driven,40,2039,15,39.34
Factor_Driven,41,2039,15,35.9
Factor_Driven,42,2039,15,34.87
Factor_Driven,43,2039,15,40.66
Factor_Driven,44,2039,15,38.11
Factor_Driven,45,2039,15,37.45
Factor_Driven,46,2039,15,36.52
Factor_Driven,47,2039,15,35.14
Factor_Driven,48,2039,15,40.04
Factor_Driven,49,2039,15,39.14
Factor_Driven,50,2039,15,37.3
Factor_Driven,51,2039,15,38.21
Factor_Driven,52,2039,15,36.05
Factor_Driven,53,2039,15,36.89
Factor_Driven,54,2039,15,34.6
Factor_Driven,55,2039,15,35.14
Factor_Driven,56,2039,15,37.86
Factor_Driven,57,2039,15,35.65
Factor_Driven,58,2039,15,38.99
Factor_Driven,59,2039,15,38.86
Factor_Driven,60,2039,15,40.78
Factor_Driven,61,2039,15,37.7
Factor_Driven,62,2039,15,36.45
Factor_Driven,63,2039,15,37.78
Factor_Driven,64,2039,15,39.81
Factor_Driven,65,2039,15,36.02
Factor_Driven,66,2039,15,37.64
Factor_Driven,67,2039,15,37.74
Factor_Driven,68,2039,15,37.92
Factor_Driven,69,2039,15,39.07
Factor_Driven,70,2039,15,37.1
Factor_Driven,71,2039,15,37.32
Factor_Driven,72,2039,15,39.6
Factor_Driven,73,2039,15,39.18
Factor_Driven,74,2039,15,35.76
Factor_Driven,75,2039,15,34.71
Factor_Driven,76,2039,15,35.49
Factor_Driven,77,2039,15,39.58
Factor_Driven,78,2039,15,37.32
Factor_Driven,79,2039,15,37.01
Factor_Driven,80,2039,15,39.28
Factor_Driven,81,2039,15,36.47
Factor_Driven,82,2039,15,39.59
Factor_Driven,83,2039,15,37.77
Factor_Driven,84,2039,15,37.19
Factor_Driven,85,2039,15,38.35
Factor_Driven,86,2039,15,35.7
Factor_Driven,87,2039,15,38.32
Factor_Driven,88,2039,15,37.74
Factor_Driven,89,2039,15,38.97
Factor_Driven,90,2039,15,36.16
Factor_Driven,91,2039,15,37.78
Factor_Driven,92,2039,15,38.93
Factor_Driven,93,2039,15,37.52
Factor_Driven,94,2039,15,38.87
Factor_Driven,95,2039,15,36.04
Factor_Driven,96,2039,15,41.12
Factor_Driven,97,2039,15,38.18
Factor_Driven,98,2039,15,35.16
Factor_Driven,99,2039,15,34.14
Factor_Driven,100,2039,15,36.53
Factor_Driven,101,2039,15,38.02
Factor_Driven,102,2039,15,37.25
Factor_Driven,103,2039,15,34.5
Factor_Driven,104,2039,15,38.86
Factor_Driven,105,2039,15,37.4
Factor_Driven,106,2039,15,37.49
Factor_Driven,107,2039,15,34.97
Factor_Driven,108,2039,15,35.29
Factor_Driven,109,2039,15,37.1
Factor_Driven,110,2039,15,37.96
Factor_Driven,111,2039,15,38.55
Factor_Driven,112,2039,15,34.06
Factor_Driven,113,2039,15,41.32
Factor_Driven,114,2039,15,40.1
Factor_Driven,115,2039,15,31.7
Factor_Driven,116,2039,15,40.7
Factor_Driven,117,2039,15,37.05
Factor_Driven,118,2039,15,34.92
Factor_Driven,119,2039,15,37.55
Factor_Driven,120,2039,15,37.96
Factor_Driven,121,2039,15,35.79
Factor_Driven,122,2039,15,34.81
Factor_Driven,123,2039,15,37.58
Factor_Driven,124,2039,15,35.9
Factor_Driven,125,2039,15,36.44
Factor_Driven,126,2039,15,35.05
Factor_Driven,127,2039,15,36.02
Factor_Driven,128,2039,15,39.48
Factor_Driven,129,2039,15,37.21
Factor_Driven,130,2039,15,35.12
Factor_Driven,131,2039,15,38.59
Factor_Driven,132,2039,15,37.75
Factor_Driven,133,2039,15,37.95
Factor_Driven,134,2039,15,37.67
Factor_Driven,135,2039,15,36.99
Factor_Driven,136,2039,15,41.17
Factor_Driven,137,2039,15,34.8
Factor_Driven,138,2039,15,38.28
Factor_Driven,139,2039,15,34.28
Factor_Driven,140,2039,15,41.65
Factor_Driven,141,2039,15,37.8
Factor_Driven,142,2039,15,34.48
Factor_Driven,143,2039,15,37.03
Factor_Driven,144,2039,15,39.59
Factor_Driven,145,2039,15,36.88
Factor_Driven,146,2039,15,35.45
Factor_Driven,147,2039,15,37.98
Factor_Driven,148,2039,15,38.49
Factor_Driven,149,2039,15,35.48
Factor_Driven,150,2039,15,40.22
Factor_Driven,151,2039,15,34.15
Factor_Driven,152,2039,15,38.25
Factor_Driven,153,2039,15,36.11
Factor_Driven,154,2039,15,38.14
Factor_Driven,155,2039,15,35.16
Factor_Driven,156,2039,15,37.97
Factor_Driven,157,2039,15,36.15
Factor_Driven,158,2039,15,38.4
Factor_Driven,159,2039,15,37.9
Factor_Driven,160,2039,15,40.27
Factor_Driven,161,2039,15,36.92
Factor_Driven,162,2039,15,37.15
Factor_Driven,163,2039,15,36.27
Factor_Driven,164,2039,15,35.77
Factor_Driven,165,2039,15,37.63
Factor_Driven,166,2039,15,36.47
Factor_Driven,167,2039,15,39.21
Factor_Driven,168,2039,15,38.56
Factor_Driven,169,2039,15,36.91
Factor_Driven,170,2039,15,38.86
Factor_Driven,171,2039,15,39.45
Factor_Driven,172,2039,15,38.79
Factor_Driven,173,2039,15,37.48
Factor_Driven,174,2039,15,42.99
Factor_Driven,175,2039,15,37.64
Factor_Driven,176,2039,15,39.52
Factor_Driven,177,2039,15,36.65
Factor_Driven,178,2039,15,34.0
Factor_Driven,179,2039,15,36.54
Factor_Driven,180,2039,15,34.92
Factor_Driven,181,2039,15,36.31
Factor_Driven,182,2039,15,38.18
Factor_Driven,183,2039,15,35.72
Factor_Driven,184,2039,15,37.69
Factor_Driven,185,2039,15,35.49
Factor_Driven,186,2039,15,34.64
Factor_Driven,187,2039,15,36.59
Factor_Driven,188,2039,15,38.83
Factor_Driven,189,2039,15,38.3
Factor_Driven,190,2039,15,38.95
Factor_Driven,191,2039,15,39.83
Factor_Driven,192,2039,15,34.72
Factor_Driven,193,2039,15,37.07
Factor_Driven,194,2039,15,38.14
Factor_Driven,195,2039,15,35.83
Factor_Driven,196,2039,15,39.71
Factor_Driven,197,2039,15,39.11
Factor_Driven,198,2039,15,35.71
Factor_Driven,199,2039,15,36.74
Factor_Driven,200,2039,15,37.48
Factor_Driven,201,2039,15,34.98
Factor_Driven,202,2039,15,35.42
Factor_Driven,203,2039,15,37.44
Factor_Driven,204,2039,15,38.21
Factor_Driven,205,2039,15,40.41
Factor_Driven,206,2039,15,38.43
Factor_Driven,207,2039,15,34.03
Factor_Driven,208,2039,15,38.84
Factor_Driven,209,2039,15,38.03
Factor_Driven,210,2039,15,39.87
Factor_Driven,211,2039,15,36.93
Factor_Driven,212,2039,15,36.26
Factor_Driven,213,2039,15,40.92
Factor_Driven,214,2039,15,36.04
Factor_Driven,215,2039,15,35.04
Factor_Driven,216,2039,15,37.81
Factor_Driven,217,2039,15,36.64
Factor_Driven,218,2039,15,41.06
Factor_Driven,219,2039,15,36.69
Factor_Driven,220,2039,15,35.28
Factor_Driven,221,2039,15,37.71
Factor_Driven,222,2039,15,37.77
Factor_Driven,223,2039,15,39.07
Factor_Driven,224,2039,15,35.85
Factor_Driven,225,2039,15,37.62
Factor_Driven,226,2039,15,35.53
Factor_Driven,227,2039,15,39.02
Factor_Driven,228,2039,15,32.67
Factor_Driven,229,2039,15,37.78
Factor_Driven,230,2039,15,37.19
Factor_Driven,231,2039,15,36.58
Factor_Driven,232,2039,15,41.87
Factor_Driven,233,2039,15,37.03
Factor_Driven,234,2039,15,35.59
Factor_Driven,235,2039,15,37.66
Factor_Driven,236,2039,15,38.95
Factor_Driven,237,2039,15,41.8
Factor_Driven,238,2039,15,36.3
Factor_Driven,239,2039,15,34.99
Factor_Driven,240,2039,15,35.25
Factor_Driven,241,2039,15,37.64
Factor_Driven,242,2039,15,37.8
Factor_Driven,243,2039,15,37.59
Factor_Driven,244,2039,15,38.09
Factor_Driven,245,2039,15,37.87
Factor_Driven,246,2039,15,35.48
Factor_Driven,247,2039,15,37.76
Factor_Driven,248,2039,15,35.73
Factor_Driven,249,2039,15,39.52
Factor_Driven,250,2039,15,37.35
Factor_Driven,251,2039,15,38.04
Factor_Driven,252,2039,15,38.92
Factor_Driven,253,2039,15,38.22
Factor_Driven,254,2039,15,37.78
Factor_Driven,255,2039,15,35.62
Factor_Driven,256,2039,15,42.81
Factor_Driven,257,2039,15,40.85
Factor_Driven,258,2039,15,39.77
Factor_Driven,259,2039,15,37.22
Factor_Driven,260,2039,15,38.43
Factor_Driven,261,2039,15,37.16
Factor_Driven,262,2039,15,36.38
Factor_Driven,263,2039,15,35.67
Factor_Driven,264,2039,15,41.54
Factor_Driven,265,2039,15,31.79
Factor_Driven,266,2039,15,36.28
Factor_Driven,267,2039,15,33.45
Factor_Driven,268,2039,15,32.94
Factor_Driven,269,2039,15,36.27
Factor_Driven,270,2039,15,32.74
Factor_Driven,271,2039,15,37.83
Factor_Driven,272,2039,15,38.63
Factor_Driven,273,2039,15,35.91
Factor_Driven,274,2039,15,35.74
Factor_Driven,275,2039,15,38.71
Factor_Driven,276,2039,15,37.88
Factor_Driven,277,2039,15,35.49
Factor_Driven,278,2039,15,38.22
Factor_Driven,279,2039,15,34.35
Factor_Driven,280,2039,15,37.16
Factor_Driven,281,2039,15,40.46
Factor_Driven,282,2039,15,39.39
Factor_Driven,283,2039,15,39.92
Factor_Driven,284,2039,15,40.54
Factor_Driven,285,2039,15,36.79
Factor_Driven,286,2039,15,36.44
Factor_Driven,287,2039,15,39.34
Factor_Driven,288,2039,15,34.8
Factor_Driven,289,2039,15,39.08
Factor_Driven,290,2039,15,34.85
Factor_Driven,291,2039,15,33.27
Factor_Driven,292,2039,15,39.74
Factor_Driven,293,2039,15,39.15
Factor_Driven,294,2039,15,33.14
Factor_Driven,295,2039,15,37.66
Factor_Driven,296,2039,15,40.28
Factor_Driven,297,2039,15,40.93
Factor_Driven,298,2039,15,32.41
Factor_Driven,299,2039,15,39.75
Factor_Driven,300,2039,15,37.28
Factor_Driven,301,2039,15,36.02
Factor_Driven,302,2039,15,39.68
Factor_Driven,303,2039,15,36.32
Factor_Driven,304,2039,15,39.98
Factor_Driven,305,2039,15,39.8
Factor_Driven,306,2039,15,36.08
Factor_Driven,307,2039,15,37.19
Factor_Driven,308,2039,15,40.21
Factor_Driven,309,2039,15,37.84
Factor_Driven,310,2039,15,38.24
Factor_Driven,311,2039,15,37.35
Factor_Driven,312,2039,15,38.29
Factor_Driven,313,2039,15,37.06
Factor_Driven,314,2039,15,40.87
Factor_Driven,315,2039,15,35.69
Factor_Driven,316,2039,15,38.52
Factor_Driven,317,2039,15,37.48
Factor_Driven,318,2039,15,39.06
Factor_Driven,319,2039,15,39.31
Factor_Driven,320,2039,15,39.68
Factor_Driven,321,2039,15,42.13
Factor_Driven,322,2039,15,38.91
Factor_Driven,323,2039,15,38.91
Factor_Driven,324,2039,15,36.23
Factor_Driven,325,2039,15,37.19
Factor_Driven,326,2039,15,40.37
Factor_Driven,327,2039,15,36.71
Factor_Driven,328,2039,15,33.84
Factor_Driven,329,2039,15,37.14
Factor_Driven,330,2039,15,37.49
Factor_Driven,331,2039,15,37.05
Factor_Driven,332,2039,15,37.29
Factor_Driven,333,2039,15,38.21
Factor_Driven,334,2039,15,35.15
Factor_Driven,335,2039,15,39.54
Factor_Driven,336,2039,15,38.68
Factor_Driven,337,2039,15,36.86
Factor_Driven,338,2039,15,40.24
Factor_Driven,339,2039,15,38.01
Factor_Driven,340,2039,15,36.69
Factor_Driven,341,2039,15,40.12
Factor_Driven,342,2039,15,37.8
Factor_Driven,343,2039,15,37.77
Factor_Driven,344,2039,15,37.77
Factor_Driven,345,2039,15,31.46
Factor_Driven,346,2039,15,32.77
Factor_Driven,347,2039,15,36.01
Factor_Driven,348,2039,15,35.22
Factor_Driven,349,2039,15,36.67
Factor_Driven,350,2039,15,38.22
Factor_Driven,351,2039,15,38.25
Factor_Driven,352,2039,15,37.84
Factor_Driven,353,2039,15,38.41
Factor_Driven,354,2039,15,36.64
Factor_Driven,355,2039,15,37.44
Factor_Driven,356,2039,15,38.03
Factor_Driven,357,2039,15,38.82
Factor_Driven,358,2039,15,36.12
Factor_Driven,359,2039,15,35.88
Factor_Driven,360,2039,15,38.03
Factor_Driven,361,2039,15,40.81
Factor_Driven,362,2039,15,36.51
Factor_Driven,363,2039,15,36.33
Factor_Driven,364,2039,15,37.08
Factor_Driven,365,2039,15,36.01
Factor_Driven,366,2039,15,40.36
Factor_Driven,367,2039,15,33.55
Factor_Driven,368,2039,15,40.16
Factor_Driven,369,2039,15,37.53
Factor_Driven,370,2039,15,39.23
Factor_Driven,371,2039,15,35.72
Factor_Driven,372,2039,15,37.35
Factor_Driven,373,2039,15,36.63
Factor_Driven,374,2039,15,37.67
Factor_Driven,375,2039,15,37.33
Factor_Driven,376,2039,15,37.65
Factor_Driven,377,2039,15,35.22
Factor_Driven,378,2039,15,36.05
Factor_Driven,379,2039,15,38.45
Factor_Driven,380,2039,15,36.36
Factor_Driven,381,2039,15,36.3
Factor_Driven,382,2039,15,37.74
Factor_Driven,383,2039,15,36.15
Factor_Driven,384,2039,15,36.67
Factor_Driven,385,2039,15,38.61
Factor_Driven,386,2039,15,38.27
Factor_Driven,387,2039,15,37.95
Factor_Driven,388,2039,15,40.87
Factor_Driven,389,2039,15,36.1
Factor_Driven,390,2039,15,37.61
Factor_Driven,391,2039,15,36.78
Factor_Driven,392,2039,15,38.95
Factor_Driven,393,2039,15,35.1
Factor_Driven,394,2039,15,33.69
Factor_Driven,395,2039,15,34.85
Factor_Driven,396,2039,15,35.66
Factor_Driven,397,2039,15,36.23
Factor_Driven,398,2039,15,38.04
Factor_Driven,399,2039,15,36.84
Factor_Driven,400,2039,15,36.95
Factor_Driven,401,2039,15,36.58
Factor_Driven,402,2039,15,36.66
Factor_Driven,403,2039,15,36.95
Factor_Driven,404,2039,15,41.74
Factor_Driven,405,2039,15,40.69
Factor_Driven,406,2039,15,39.16
Factor_Driven,407,2039,15,38.12
Factor_Driven,408,2039,15,38.33
Factor_Driven,409,2039,15,38.7
Factor_Driven,410,2039,15,37.43
Factor_Driven,411,2039,15,35.96
Factor_Driven,412,2039,15,38.55
Factor_Driven,413,2039,15,36.78
Factor_Driven,414,2039,15,35.88
Factor_Driven,415,2039,15,36.24
Factor_Driven,416,2039,15,41.07
Factor_Driven,417,2039,15,33.98
Factor_Driven,418,2039,15,35.01
Factor_Driven,419,2039,15,37.88
Factor_Driven,420,2039,15,33.19
Factor_Driven,421,2039,15,37.67
Factor_Driven,422,2039,15,39.45
Factor_Driven,423,2039,15,38.56
Factor_Driven,424,2039,15,39.24
Factor_Driven,425,2039,15,33.73
Factor_Driven,426,2039,15,38.29
Factor_Driven,427,2039,15,37.8
Factor_Driven,428,2039,15,37.95
Factor_Driven,429,2039,15,39.57
Factor_Driven,430,2039,15,37.64
Factor_Driven,431,2039,15,36.31
Factor_Driven,432,2039,15,35.17
Factor_Driven,433,2039,15,38.02
Factor_Driven,434,2039,15,36.9
Factor_Driven,435,2039,15,36.88
Factor_Driven,436,2039,15,39.72
Factor_Driven,437,2039,15,37.75
Factor_Driven,438,2039,15,37.3
Factor_Driven,439,2039,15,36.05
Factor_Driven,440,2039,15,33.63
Factor_Driven,441,2039,15,38.41
Factor_Driven,442,2039,15,37.76
Factor_Driven,443,2039,15,35.62
Factor_Driven,444,2039,15,39.85
Factor_Driven,445,2039,15,38.08
Factor_Driven,446,2039,15,36.97
Factor_Driven,447,2039,15,36.01
Factor_Driven,448,2039,15,36.06
Factor_Driven,449,2039,15,38.55
Factor_Driven,450,2039,15,34.31
Factor_Driven,451,2039,15,37.37
Factor_Driven,452,2039,15,37.69
Factor_Driven,453,2039,15,36.9
Factor_Driven,454,2039,15,35.41
Factor_Driven,455,2039,15,38.83
Factor_Driven,456,2039,15,36.72
Factor_Driven,457,2039,15,38.68
Factor_Driven,458,2039,15,36.05
Factor_Driven,459,2039,15,37.76
Factor_Driven,460,2039,15,36.85
Factor_Driven,461,2039,15,39.98
Factor_Driven,462,2039,15,38.77
Factor_Driven,463,2039,15,33.04
Factor_Driven,464,2039,15,38.46
Factor_Driven,465,2039,15,39.27
Factor_Driven,466,2039,15,38.14
Factor_Driven,467,2039,15,34.42
Factor_Driven,468,2039,15,38.84
Factor_Driven,469,2039,15,30.75
Factor_Driven,470,2039,15,38.69
Factor_Driven,471,2039,15,39.11
Factor_Driven,472,2039,15,36.93
Factor_Driven,473,2039,15,36.93
Factor_Driven,474,2039,15,34.52
Factor_Driven,475,2039,15,34.54
Factor_Driven,476,2039,15,37.72
Factor_Driven,477,2039,15,37.98
Factor_Driven,478,2039,15,35.76
Factor_Driven,479,2039,15,35.44
Factor_Driven,480,2039,15,40.22
Factor_Driven,481,2039,15,40.4
Factor_Driven,482,2039,15,34.29
Factor_Driven,483,2039,15,33.66
Factor_Driven,484,2039,15,41.01
Factor_Driven,485,2039,15,31.72
Factor_Driven,486,2039,15,35.91
Factor_Driven,487,2039,15,37.21
Factor_Driven,488,2039,15,34.52
Factor_Driven,489,2039,15,35.04
Factor_Driven,490,2039,15,39.17
Factor_Driven,491,2039,15,34.32
Factor_Driven,492,2039,15,37.92
Factor_Driven,493,2039,15,34.77
Factor_Driven,494,2039,15,35.54
Factor_Driven,495,2039,15,37.13
Factor_Driven,496,2039,15,39.51
Factor_Driven,497,2039,15,39.08
Factor_Driven,498,2039,15,35.36
Factor_Driven,499,2039,15,38.34
Factor_Driven,0,2044,20,42.28
Factor_Driven,1,2044,20,37.24
Factor_Driven,2,2044,20,38.52
Factor_Driven,3,2044,20,38.19
Factor_Driven,4,2044,20,42.38
Factor_Driven,5,2044,20,39.24
Factor_Driven,6,2044,20,42.23
Factor_Driven,7,2044,20,41.73
Factor_Driven,8,2044,20,40.63
Factor_Driven,9,2044,20,41.32
Factor_Driven,10,2044,20,42.48
Factor_Driven,11,2044,20,42.11
Factor_Driven,12,2044,20,43.06
Factor_Driven,13,2044,20,39.07
Factor_Driven,14,2044,20,41.02
Factor_Driven,15,2044,20,41.08
Factor_Driven,16,2044,20,42.02
Factor_Driven,17,2044,20,41.12
Factor_Driven,18,2044,20,38.76
Factor_Driven,19,2044,20,37.92
Factor_Driven,20,2044,20,38.62
Factor_Driven,21,2044,20,45.49
Factor_Driven,22,2044,20,40.95
Factor_Driven,23,2044,20,37.5
Factor_Driven,24,2044,20,40.31
Factor_Driven,25,2044,20,37.95
Factor_Driven,26,2044,20,39.8
Factor_Driven,27,2044,20,38.46
Factor_Driven,28,2044,20,42.01
Factor_Driven,29,2044,20,44.03
Factor_Driven,30,2044,20,44.12
Factor_Driven,31,2044,20,39.41
Factor_Driven,32,2044,20,40.86
Factor_Driven,33,2044,20,40.57
Factor_Driven,34,2044,20,43.34
Factor_Driven,35,2044,20,43.28
Factor_Driven,36,2044,20,43.1
Factor_Driven,37,2044,20,37.81
Factor_Driven,38,2044,20,38.85
Factor_Driven,39,2044,20,41.95
Factor_Driven,40,2044,20,44.63
Factor_Driven,41,2044,20,40.47
Factor_Driven,42,2044,20,40.68
Factor_Driven,43,2044,20,44.51
Factor_Driven,44,2044,20,43.04
Factor_Driven,45,2044,20,41.8
Factor_Driven,46,2044,20,42.21
Factor_Driven,47,2044,20,38.84
Factor_Driven,48,2044,20,43.38
Factor_Driven,49,2044,20,42.53
Factor_Driven,50,2044,20,40.44
Factor_Driven,51,2044,20,40.79
Factor_Driven,52,2044,20,40.48
Factor_Driven,53,2044,20,41.2
Factor_Driven,54,2044,20,39.78
Factor_Driven,55,2044,20,38.7
Factor_Driven,56,2044,20,40.83
Factor_Driven,57,2044,20,40.19
Factor_Driven,58,2044,20,42.42
Factor_Driven,59,2044,20,42.55
Factor_Driven,60,2044,20,45.13
Factor_Driven,61,2044,20,40.26
Factor_Driven,62,2044,20,40.99
Factor_Driven,63,2044,20,41.89
Factor_Driven,64,2044,20,44.41
Factor_Driven,65,2044,20,39.29
Factor_Driven,66,2044,20,40.89
Factor_Driven,67,2044,20,42.28
Factor_Driven,68,2044,20,42.19
Factor_Driven,69,2044,20,43.83
Factor_Driven,70,2044,20,40.24
Factor_Driven,71,2044,20,40.91
Factor_Driven,72,2044,20,41.8
Factor_Driven,73,2044,20,44.13
Factor_Driven,74,2044,20,40.29
Factor_Driven,75,2044,20,39.77
Factor_Driven,76,2044,20,39.96
Factor_Driven,77,2044,20,42.93
Factor_Driven,78,2044,20,41.3
Factor_Driven,79,2044,20,40.56
Factor_Driven,80,2044,20,42.31
Factor_Driven,81,2044,20,39.46
Factor_Driven,82,2044,20,43.47
Factor_Driven,83,2044,20,40.12
Factor_Driven,84,2044,20,40.09
Factor_Driven,85,2044,20,42.44
Factor_Driven,86,2044,20,39.34
Factor_Driven,87,2044,20,42.44
Factor_Driven,88,2044,20,41.65
Factor_Driven,89,2044,20,43.35
Factor_Driven,90,2044,20,41.46
Factor_Driven,91,2044,20,41.48
Factor_Driven,92,2044,20,43.6
Factor_Driven,93,2044,20,40.26
Factor_Driven,94,2044,20,41.76
Factor_Driven,95,2044,20,39.09
Factor_Driven,96,2044,20,44.94
Factor_Driven,97,2044,20,41.66
Factor_Driven,98,2044,20,41.44
Factor_Driven,99,2044,20,37.3
Factor_Driven,100,2044,20,42.89
Factor_Driven,101,2044,20,40.7
Factor_Driven,102,2044,20,41.53
Factor_Driven,103,2044,20,37.24
Factor_Driven,104,2044,20,43.39
Factor_Driven,105,2044,20,41.08
Factor_Driven,106,2044,20,42.19
Factor_Driven,107,2044,20,38.58
Factor_Driven,108,2044,20,39.52
Factor_Driven,109,2044,20,43.01
Factor_Driven,110,2044,20,42.08
Factor_Driven,111,2044,20,43.28
Factor_Driven,112,2044,20,37.7
Factor_Driven,113,2044,20,45.89
Factor_Driven,114,2044,20,42.41
Factor_Driven,115,2044,20,37.63
Factor_Driven,116,2044,20,43.5
Factor_Driven,117,2044,20,42.62
Factor_Driven,118,2044,20,38.84
Factor_Driven,119,2044,20,41.62
Factor_Driven,120,2044,20,41.96
Factor_Driven,121,2044,20,41.09
Factor_Driven,122,2044,20,39.28
Factor_Driven,123,2044,20,41.62
Factor_Driven,124,2044,20,40.11
Factor_Driven,125,2044,20,39.37
Factor_Driven,126,2044,20,39.19
Factor_Driven,127,2044,20,38.63
Factor_Driven,128,2044,20,41.36
Factor_Driven,129,2044,20,41.44
Factor_Driven,130,2044,20,37.6
Factor_Driven,131,2044,20,43.2
Factor_Driven,132,2044,20,40.91
Factor_Driven,133,2044,20,42.59
Factor_Driven,134,2044,20,41.23
Factor_Driven,135,2044,20,41.61
Factor_Driven,136,2044,20,45.37
Factor_Driven,137,2044,20,38.53
Factor_Driven,138,2044,20,43.11
Factor_Driven,139,2044,20,39.18
Factor_Driven,140,2044,20,43.88
Factor_Driven,141,2044,20,40.65
Factor_Driven,142,2044,20,40.27
Factor_Driven,143,2044,20,42.24
Factor_Driven,144,2044,20,44.67
Factor_Driven,145,2044,20,38.35
Factor_Driven,146,2044,20,39.66
Factor_Driven,147,2044,20,41.21
Factor_Driven,148,2044,20,43.45
Factor_Driven,149,2044,20,41.64
Factor_Driven,150,2044,20,44.0
Factor_Driven,151,2044,20,37.26
Factor_Driven,152,2044,20,43.38
Factor_Driven,153,2044,20,39.45
Factor_Driven,154,2044,20,41.3
Factor_Driven,155,2044,20,38.22
Factor_Driven,156,2044,20,42.79
Factor_Driven,157,2044,20,40.64
Factor_Driven,158,2044,20,43.44
Factor_Driven,159,2044,20,43.75
Factor_Driven,160,2044,20,44.2
Factor_Driven,161,2044,20,42.88
Factor_Driven,162,2044,20,41.9
Factor_Driven,163,2044,20,38.6
Factor_Driven,164,2044,20,40.83
Factor_Driven,165,2044,20,41.7
Factor_Driven,166,2044,20,41.32
Factor_Driven,167,2044,20,43.13
Factor_Driven,168,2044,20,42.77
Factor_Driven,169,2044,20,42.06
Factor_Driven,170,2044,20,42.48
Factor_Driven,171,2044,20,43.43
Factor_Driven,172,2044,20,40.48
Factor_Driven,173,2044,20,41.66
Factor_Driven,174,2044,20,47.2
Factor_Driven,175,2044,20,39.27
Factor_Driven,176,2044,20,42.02
Factor_Driven,177,2044,20,41.17
Factor_Driven,178,2044,20,37.7
Factor_Driven,179,2044,20,40.98
Factor_Driven,180,2044,20,38.78
Factor_Driven,181,2044,20,39.78
Factor_Driven,182,2044,20,42.35
Factor_Driven,183,2044,20,38.19
Factor_Driven,184,2044,20,42.8
Factor_Driven,185,2044,20,40.01
Factor_Driven,186,2044,20,38.08
Factor_Driven,187,2044,20,40.21
Factor_Driven,188,2044,20,43.35
Factor_Driven,189,2044,20,43.33
Factor_Driven,190,2044,20,43.2
Factor_Driven,191,2044,20,43.15
Factor_Driven,192,2044,20,39.16
Factor_Driven,193,2044,20,40.75
Factor_Driven,194,2044,20,42.17
Factor_Driven,195,2044,20,40.12
Factor_Driven,196,2044,20,43.7
Factor_Driven,197,2044,20,41.95
Factor_Driven,198,2044,20,40.67
Factor_Driven,199,2044,20,42.08
Factor_Driven,200,2044,20,41.45
Factor_Driven,201,2044,20,37.66
Factor_Driven,202,2044,20,41.03
Factor_Driven,203,2044,20,41.15
Factor_Driven,204,2044,20,39.78
Factor_Driven,205,2044,20,43.22
Factor_Driven,206,2044,20,44.95
Factor_Driven,207,2044,20,37.41
Factor_Driven,208,2044,20,42.12
Factor_Driven,209,2044,20,41.58
Factor_Driven,210,2044,20,43.66
Factor_Driven,211,2044,20,42.88
Factor_Driven,212,2044,20,41.09
Factor_Driven,213,2044,20,42.15
Factor_Driven,214,2044,20,39.99
Factor_Driven,215,2044,20,39.69
Factor_Driven,216,2044,20,40.84
Factor_Driven,217,2044,20,41.54
Factor_Driven,218,2044,20,46.72
Factor_Driven,219,2044,20,42.71
Factor_Driven,220,2044,20,39.15
Factor_Driven,221,2044,20,43.55
Factor_Driven,222,2044,20,40.09
Factor_Driven,223,2044,20,42.8
Factor_Driven,224,2044,20,38.9
Factor_Driven,225,2044,20,40.83
Factor_Driven,226,2044,20,38.77
Factor_Driven,227,2044,20,43.07
Factor_Driven,228,2044,20,35.47
Factor_Driven,229,2044,20,39.72
Factor_Driven,230,2044,20,40.79
Factor_Driven,231,2044,20,40.3
Factor_Driven,232,2044,20,46.43
Factor_Driven,233,2044,20,40.58
Factor_Driven,234,2044,20,38.2
Factor_Driven,235,2044,20,41.54
Factor_Driven,236,2044,20,42.02
Factor_Driven,237,2044,20,45.9
Factor_Driven,238,2044,20,39.58
Factor_Driven,239,2044,20,37.71
Factor_Driven,240,2044,20,41.52
Factor_Driven,241,2044,20,42.48
Factor_Driven,242,2044,20,40.9
Factor_Driven,243,2044,20,42.15
Factor_Driven,244,2044,20,41.87
Factor_Driven,245,2044,20,42.71
Factor_Driven,246,2044,20,39.78
Factor_Driven,247,2044,20,41.58
Factor_Driven,248,2044,20,40.83
Factor_Driven,249,2044,20,42.66
Factor_Driven,250,2044,20,42.67
Factor_Driven,251,2044,20,42.11
Factor_Driven,252,2044,20,42.44
Factor_Driven,253,2044,20,41.77
Factor_Driven,254,2044,20,42.82
Factor_Driven,255,2044,20,38.87
Factor_Driven,256,2044,20,46.2
Factor_Driven,257,2044,20,44.25
Factor_Driven,258,2044,20,41.96
Factor_Driven,259,2044,20,40.45
Factor_Driven,260,2044,20,41.31
Factor_Driven,261,2044,20,40.42
Factor_Driven,262,2044,20,40.44
Factor_Driven,263,2044,20,38.4
Factor_Driven,264,2044,20,45.17
Factor_Driven,265,2044,20,37.73
Factor_Driven,266,2044,20,40.34
Factor_Driven,267,2044,20,37.93
Factor_Driven,268,2044,20,35.4
Factor_Driven,269,2044,20,40.57
Factor_Driven,270,2044,20,38.61
Factor_Driven,271,2044,20,41.66
Factor_Driven,272,2044,20,42.34
Factor_Driven,273,2044,20,40.72
Factor_Driven,274,2044,20,40.38
Factor_Driven,275,2044,20,42.97
Factor_Driven,276,2044,20,41.73
Factor_Driven,277,2044,20,40.34
Factor_Driven,278,2044,20,41.28
Factor_Driven,279,2044,20,38.47
Factor_Driven,280,2044,20,41.77
Factor_Driven,281,2044,20,44.11
Factor_Driven,282,2044,20,43.48
Factor_Driven,283,2044,20,43.91
Factor_Driven,284,2044,20,45.26
Factor_Driven,285,2044,20,41.95
Factor_Driven,286,2044,20,41.62
Factor_Driven,287,2044,20,43.48
Factor_Driven,288,2044,20,39.54
Factor_Driven,289,2044,20,41.83
Factor_Driven,290,2044,20,39.6
Factor_Driven,291,2044,20,38.75
Factor_Driven,292,2044,20,42.32
Factor_Driven,293,2044,20,43.18
Factor_Driven,294,2044,20,37.07
Factor_Driven,295,2044,20,41.26
Factor_Driven,296,2044,20,42.19
Factor_Driven,297,2044,20,45.16
Factor_Driven,298,2044,20,36.68
Factor_Driven,299,2044,20,43.47
Factor_Driven,300,2044,20,40.13
Factor_Driven,301,2044,20,39.79
Factor_Driven,302,2044,20,41.21
Factor_Driven,303,2044,20,40.44
Factor_Driven,304,2044,20,42.41
Factor_Driven,305,2044,20,42.65
Factor_Driven,306,2044,20,38.15
Factor_Driven,307,2044,20,42.05
Factor_Driven,308,2044,20,44.1
Factor_Driven,309,2044,20,43.26
Factor_Driven,310,2044,20,42.33
Factor_Driven,311,2044,20,40.63
Factor_Driven,312,2044,20,42.87
Factor_Driven,313,2044,20,41.93
Factor_Driven,314,2044,20,43.9
Factor_Driven,315,2044,20,39.81
Factor_Driven,316,2044,20,43.09
Factor_Driven,317,2044,20,41.96
Factor_Driven,318,2044,20,44.65
Factor_Driven,319,2044,20,44.6
Factor_Driven,320,2044,20,42.83
Factor_Driven,321,2044,20,44.27
Factor_Driven,322,2044,20,43.18
Factor_Driven,323,2044,20,42.99
Factor_Driven,324,2044,20,39.44
Factor_Driven,325,2044,20,40.74
Factor_Driven,326,2044,20,43.84
Factor_Driven,327,2044,20,41.44
Factor_Driven,328,2044,20,38.2
Factor_Driven,329,2044,20,40.02
Factor_Driven,330,2044,20,39.46
Factor_Driven,331,2044,20,39.27
Factor_Driven,332,2044,20,39.82
Factor_Driven,333,2044,20,43.95
Factor_Driven,334,2044,20,38.66
Factor_Driven,335,2044,20,43.17
Factor_Driven,336,2044,20,43.09
Factor_Driven,337,2044,20,42.01
Factor_Driven,338,2044,20,44.05
Factor_Driven,339,2044,20,42.74
Factor_Driven,340,2044,20,41.97
Factor_Driven,341,2044,20,43.79
Factor_Driven,342,2044,20,39.52
Factor_Driven,343,2044,20,41.22
Factor_Driven,344,2044,20,39.42
Factor_Driven,345,2044,20,35.2
Factor_Driven,346,2044,20,39.61
Factor_Driven,347,2044,20,40.13
Factor_Driven,348,2044,20,39.73
Factor_Driven,349,2044,20,41.27
Factor_Driven,350,2044,20,44.0
Factor_Driven,351,2044,20,41.66
Factor_Driven,352,2044,20,41.68
Factor_Driven,353,2044,20,42.92
Factor_Driven,354,2044,20,40.82
Factor_Driven,355,2044,20,42.89
Factor_Driven,356,2044,20,41.84
Factor_Driven,357,2044,20,41.93
Factor_Driven,358,2044,20,40.89
Factor_Driven,359,2044,20,42.25
Factor_Driven,360,2044,20,42.12
Factor_Driven,361,2044,20,43.61
Factor_Driven,362,2044,20,41.21
Factor_Driven,363,2044,20,41.04
Factor_Driven,364,2044,20,40.03
Factor_Driven,365,2044,20,40.76
Factor_Driven,366,2044,20,44.71
Factor_Driven,367,2044,20,39.14
Factor_Driven,368,2044,20,45.9
Factor_Driven,369,2044,20,42.59
Factor_Driven,370,2044,20,44.45
Factor_Driven,371,2044,20,38.02
Factor_Driven,372,2044,20,40.35
Factor_Driven,373,2044,20,38.06
Factor_Driven,374,2044,20,40.39
Factor_Driven,375,2044,20,40.17
Factor_Driven,376,2044,20,42.54
Factor_Driven,377,2044,20,38.59
Factor_Driven,378,2044,20,39.92
Factor_Driven,379,2044,20,43.29
Factor_Driven,380,2044,20,40.13
Factor_Driven,381,2044,20,41.62
Factor_Driven,382,2044,20,43.03
Factor_Driven,383,2044,20,41.14
Factor_Driven,384,2044,20,41.68
Factor_Driven,385,2044,20,39.76
Factor_Driven,386,2044,20,42.08
Factor_Driven,387,2044,20,42.16
Factor_Driven,388,2044,20,44.91
Factor_Driven,389,2044,20,41.14
Factor_Driven,390,2044,20,40.18
Factor_Driven,391,2044,20,40.5
Factor_Driven,392,2044,20,41.36
Factor_Driven,393,2044,20,39.73
Factor_Driven,394,2044,20,41.13
Factor_Driven,395,2044,20,39.0
Factor_Driven,396,2044,20,42.12
Factor_Driven,397,2044,20,41.4
Factor_Driven,398,2044,20,41.27
Factor_Driven,399,2044,20,40.24
Factor_Driven,400,2044,20,41.17
Factor_Driven,401,2044,20,38.25
Factor_Driven,402,2044,20,41.24
Factor_Driven,403,2044,20,42.43
Factor_Driven,404,2044,20,44.91
Factor_Driven,405,2044,20,43.72
Factor_Driven,406,2044,20,42.2
Factor_Driven,407,2044,20,40.72
Factor_Driven,408,2044,20,44.1
Factor_Driven,409,2044,20,41.62
Factor_Driven,410,2044,20,42.45
Factor_Driven,411,2044,20,38.71
Factor_Driven,412,2044,20,41.08
Factor_Driven,413,2044,20,42.29
Factor_Driven,414,2044,20,40.81
Factor_Driven,415,2044,20,39.62
Factor_Driven,416,2044,20,45.78
Factor_Driven,417,2044,20,37.33
Factor_Driven,418,2044,20,40.95
Factor_Driven,419,2044,20,41.18
Factor_Driven,420,2044,20,36.63
Factor_Driven,421,2044,20,39.37
Factor_Driven,422,2044,20,43.45
Factor_Driven,423,2044,20,43.47
Factor_Driven,424,2044,20,43.85
Factor_Driven,425,2044,20,36.76
Factor_Driven,426,2044,20,42.02
Factor_Driven,427,2044,20,40.29
Factor_Driven,428,2044,20,41.61
Factor_Driven,429,2044,20,42.7
Factor_Driven,430,2044,20,40.79
Factor_Driven,431,2044,20,39.91
Factor_Driven,432,2044,20,39.22
Factor_Driven,433,2044,20,41.6
Factor_Driven,434,2044,20,41.56
Factor_Driven,435,2044,20,41.87
Factor_Driven,436,2044,20,44.3
Factor_Driven,437,2044,20,41.94
Factor_Driven,438,2044,20,40.74
Factor_Driven,439,2044,20,39.9
Factor_Driven,440,2044,20,36.38
Factor_Driven,441,2044,20,44.16
Factor_Driven,442,2044,20,41.6
Factor_Driven,443,2044,20,39.63
Factor_Driven,444,2044,20,43.24
Factor_Driven,445,2044,20,42.31
Factor_Driven,446,2044,20,40.61
Factor_Driven,447,2044,20,40.71
Factor_Driven,448,2044,20,41.43
Factor_Driven,449,2044,20,42.09
Factor_Driven,450,2044,20,39.3
Factor_Driven,451,2044,20,41.89
Factor_Driven,452,2044,20,41.66
Factor_Driven,453,2044,20,41.09
Factor_Driven,454,2044,20,41.03
Factor_Driven,455,2044,20,42.82
Factor_Driven,456,2044,20,40.71
Factor_Driven,457,2044,20,42.2
Factor_Driven,458,2044,20,40.5
Factor_Driven,459,2044,20,41.45
Factor_Driven,460,2044,20,40.23
Factor_Driven,461,2044,20,44.56
Factor_Driven,462,2044,20,42.88
Factor_Driven,463,2044,20,36.69
Factor_Driven,464,2044,20,42.98
Factor_Driven,465,2044,20,43.56
Factor_Driven,466,2044,20,43.25
Factor_Driven,467,2044,20,37.75
Factor_Driven,468,2044,20,43.76
Factor_Driven,469,2044,20,35.81
Factor_Driven,470,2044,20,43.9
Factor_Driven,471,2044,20,42.62
Factor_Driven,472,2044,20,39.98
Factor_Driven,473,2044,20,40.75
Factor_Driven,474,2044,20,38.76
Factor_Driven,475,2044,20,40.8
Factor_Driven,476,2044,20,41.62
Factor_Driven,477,2044,20,42.58
Factor_Driven,478,2044,20,40.8
Factor_Driven,479,2044,20,40.02
Factor_Driven,480,2044,20,44.09
Factor_Driven,481,2044,20,45.15
Factor_Driven,482,2044,20,39.13
Factor_Driven,483,2044,20,37.41
Factor_Driven,484,2044,20,44.33
Factor_Driven,485,2044,20,34.79
Factor_Driven,486,2044,20,40.76
Factor_Driven,487,2044,20,42.19
Factor_Driven,488,2044,20,37.83
Factor_Driven,489,2044,20,38.4
Factor_Driven,490,2044,20,43.53
Factor_Driven,491,2044,20,38.72
Factor_Driven,492,2044,20,41.42
Factor_Driven,493,2044,20,39.67
Factor_Driven,494,2044,20,38.59
Factor_Driven,495,2044,20,39.7
Factor_Driven,496,2044,20,44.35
Factor_Driven,497,2044,20,44.42
Factor_Driven,498,2044,20,38.85
Factor_Driven,499,2044,20,44.08
Integrated_4D_Reform,0,2029,5,35.44
Integrated_4D_Reform,1,2029,5,30.51
Integrated_4D_Reform,2,2029,5,34.42
Integrated_4D_Reform,3,2029,5,33.66
Integrated_4D_Reform,4,2029,5,32.62
Integrated_4D_Reform,5,2029,5,33.62
Integrated_4D_Reform,6,2029,5,35.18
Integrated_4D_Reform,7,2029,5,33.92
Integrated_4D_Reform,8,2029,5,34.78
Integrated_4D_Reform,9,2029,5,36.61
Integrated_4D_Reform,10,2029,5,36.17
Integrated_4D_Reform,11,2029,5,34.04
Integrated_4D_Reform,12,2029,5,33.43
Integrated_4D_Reform,13,2029,5,31.86
Integrated_4D_Reform,14,2029,5,34.06
Integrated_4D_Reform,15,2029,5,32.31
Integrated_4D_Reform,16,2029,5,34.09
Integrated_4D_Reform,17,2029,5,31.17
Integrated_4D_Reform,18,2029,5,34.98
Integrated_4D_Reform,19,2029,5,33.61
Integrated_4D_Reform,20,2029,5,32.05
Integrated_4D_Reform,21,2029,5,36.03
Integrated_4D_Reform,22,2029,5,31.59
Integrated_4D_Reform,23,2029,5,34.17
Integrated_4D_Reform,24,2029,5,32.01
Integrated_4D_Reform,25,2029,5,32.84
Integrated_4D_Reform,26,2029,5,34.79
Integrated_4D_Reform,27,2029,5,33.4
Integrated_4D_Reform,28,2029,5,34.72
Integrated_4D_Reform,29,2029,5,33.05
Integrated_4D_Reform,30,2029,5,32.07
Integrated_4D_Reform,31,2029,5,33.58
Integrated_4D_Reform,32,2029,5,31.88
Integrated_4D_Reform,33,2029,5,35.21
Integrated_4D_Reform,34,2029,5,31.13
Integrated_4D_Reform,35,2029,5,33.69
Integrated_4D_Reform,36,2029,5,30.29
Integrated_4D_Reform,37,2029,5,35.5
Integrated_4D_Reform,38,2029,5,32.97
Integrated_4D_Reform,39,2029,5,35.29
Integrated_4D_Reform,40,2029,5,31.88
Integrated_4D_Reform,41,2029,5,34.57
Integrated_4D_Reform,42,2029,5,33.15
Integrated_4D_Reform,43,2029,5,33.02
Integrated_4D_Reform,44,2029,5,35.1
Integrated_4D_Reform,45,2029,5,36.11
Integrated_4D_Reform,46,2029,5,34.19
Integrated_4D_Reform,47,2029,5,33.41
Integrated_4D_Reform,48,2029,5,33.88
Integrated_4D_Reform,49,2029,5,33.58
Integrated_4D_Reform,50,2029,5,32.27
Integrated_4D_Reform,51,2029,5,31.38
Integrated_4D_Reform,52,2029,5,31.66
Integrated_4D_Reform,53,2029,5,35.56
Integrated_4D_Reform,54,2029,5,33.34
Integrated_4D_Reform,55,2029,5,32.98
Integrated_4D_Reform,56,2029,5,31.55
Integrated_4D_Reform,57,2029,5,33.12
Integrated_4D_Reform,58,2029,5,34.88
Integrated_4D_Reform,59,2029,5,32.77
Integrated_4D_Reform,60,2029,5,33.59
Integrated_4D_Reform,61,2029,5,36.24
Integrated_4D_Reform,62,2029,5,34.21
Integrated_4D_Reform,63,2029,5,33.45
Integrated_4D_Reform,64,2029,5,35.92
Integrated_4D_Reform,65,2029,5,30.94
Integrated_4D_Reform,66,2029,5,34.32
Integrated_4D_Reform,67,2029,5,35.85
Integrated_4D_Reform,68,2029,5,34.06
Integrated_4D_Reform,69,2029,5,34.61
Integrated_4D_Reform,70,2029,5,33.59
Integrated_4D_Reform,71,2029,5,35.85
Integrated_4D_Reform,72,2029,5,31.44
Integrated_4D_Reform,73,2029,5,33.07
Integrated_4D_Reform,74,2029,5,33.93
Integrated_4D_Reform,75,2029,5,32.66
Integrated_4D_Reform,76,2029,5,35.17
Integrated_4D_Reform,77,2029,5,34.17
Integrated_4D_Reform,78,2029,5,34.23
Integrated_4D_Reform,79,2029,5,33.19
Integrated_4D_Reform,80,2029,5,33.58
Integrated_4D_Reform,81,2029,5,33.96
Integrated_4D_Reform,82,2029,5,34.47
Integrated_4D_Reform,83,2029,5,34.99
Integrated_4D_Reform,84,2029,5,33.83
Integrated_4D_Reform,85,2029,5,33.83
Integrated_4D_Reform,86,2029,5,33.37
Integrated_4D_Reform,87,2029,5,34.61
Integrated_4D_Reform,88,2029,5,33.27
Integrated_4D_Reform,89,2029,5,29.9
Integrated_4D_Reform,90,2029,5,32.92
Integrated_4D_Reform,91,2029,5,34.77
Integrated_4D_Reform,92,2029,5,34.15
Integrated_4D_Reform,93,2029,5,32.61
Integrated_4D_Reform,94,2029,5,33.08
Integrated_4D_Reform,95,2029,5,33.12
Integrated_4D_Reform,96,2029,5,33.45
Integrated_4D_Reform,97,2029,5,33.75
Integrated_4D_Reform,98,2029,5,34.77
Integrated_4D_Reform,99,2029,5,32.72
Integrated_4D_Reform,100,2029,5,32.31
Integrated_4D_Reform,101,2029,5,32.7
Integrated_4D_Reform,102,2029,5,33.16
Integrated_4D_Reform,103,2029,5,33.42
Integrated_4D_Reform,104,2029,5,33.84
Integrated_4D_Reform,105,2029,5,34.7
Integrated_4D_Reform,106,2029,5,34.47
Integrated_4D_Reform,107,2029,5,33.31
Integrated_4D_Reform,108,2029,5,35.39
Integrated_4D_Reform,109,2029,5,35.74
Integrated_4D_Reform,110,2029,5,35.95
Integrated_4D_Reform,111,2029,5,35.02
Integrated_4D_Reform,112,2029,5,33.85
Integrated_4D_Reform,113,2029,5,32.42
Integrated_4D_Reform,114,2029,5,32.12
Integrated_4D_Reform,115,2029,5,32.61
Integrated_4D_Reform,116,2029,5,32.71
Integrated_4D_Reform,117,2029,5,34.16
Integrated_4D_Reform,118,2029,5,35.14
Integrated_4D_Reform,119,2029,5,34.07
Integrated_4D_Reform,120,2029,5,34.32
Integrated_4D_Reform,121,2029,5,33.32
Integrated_4D_Reform,122,2029,5,35.31
Integrated_4D_Reform,123,2029,5,34.62
Integrated_4D_Reform,124,2029,5,34.23
Integrated_4D_Reform,125,2029,5,30.52
Integrated_4D_Reform,126,2029,5,35.76
Integrated_4D_Reform,127,2029,5,32.86
Integrated_4D_Reform,128,2029,5,33.1
Integrated_4D_Reform,129,2029,5,34.0
Integrated_4D_Reform,130,2029,5,32.85
Integrated_4D_Reform,131,2029,5,33.05
Integrated_4D_Reform,132,2029,5,34.55
Integrated_4D_Reform,133,2029,5,33.81
Integrated_4D_Reform,134,2029,5,34.47
Integrated_4D_Reform,135,2029,5,31.66
Integrated_4D_Reform,136,2029,5,32.5
Integrated_4D_Reform,137,2029,5,33.81
Integrated_4D_Reform,138,2029,5,34.49
Integrated_4D_Reform,139,2029,5,32.54
Integrated_4D_Reform,140,2029,5,34.15
Integrated_4D_Reform,141,2029,5,34.47
Integrated_4D_Reform,142,2029,5,33.34
Integrated_4D_Reform,143,2029,5,33.38
Integrated_4D_Reform,144,2029,5,32.91
Integrated_4D_Reform,145,2029,5,33.64
Integrated_4D_Reform,146,2029,5,33.53
Integrated_4D_Reform,147,2029,5,33.35
Integrated_4D_Reform,148,2029,5,35.05
Integrated_4D_Reform,149,2029,5,31.51
Integrated_4D_Reform,150,2029,5,33.73
Integrated_4D_Reform,151,2029,5,33.62
Integrated_4D_Reform,152,2029,5,34.18
Integrated_4D_Reform,153,2029,5,33.56
Integrated_4D_Reform,154,2029,5,33.82
Integrated_4D_Reform,155,2029,5,32.69
Integrated_4D_Reform,156,2029,5,34.42
Integrated_4D_Reform,157,2029,5,31.64
Integrated_4D_Reform,158,2029,5,34.08
Integrated_4D_Reform,159,2029,5,32.15
Integrated_4D_Reform,160,2029,5,33.13
Integrated_4D_Reform,161,2029,5,34.53
Integrated_4D_Reform,162,2029,5,33.03
Integrated_4D_Reform,163,2029,5,35.84
Integrated_4D_Reform,164,2029,5,34.13
Integrated_4D_Reform,165,2029,5,32.34
Integrated_4D_Reform,166,2029,5,33.43
Integrated_4D_Reform,167,2029,5,30.6
Integrated_4D_Reform,168,2029,5,34.17
Integrated_4D_Reform,169,2029,5,36.31
Integrated_4D_Reform,170,2029,5,31.65
Integrated_4D_Reform,171,2029,5,35.3
Integrated_4D_Reform,172,2029,5,33.81
Integrated_4D_Reform,173,2029,5,33.47
Integrated_4D_Reform,174,2029,5,34.6
Integrated_4D_Reform,175,2029,5,32.73
Integrated_4D_Reform,176,2029,5,33.88
Integrated_4D_Reform,177,2029,5,33.16
Integrated_4D_Reform,178,2029,5,33.35
Integrated_4D_Reform,179,2029,5,32.64
Integrated_4D_Reform,180,2029,5,33.31
Integrated_4D_Reform,181,2029,5,31.12
Integrated_4D_Reform,182,2029,5,34.18
Integrated_4D_Reform,183,2029,5,34.08
Integrated_4D_Reform,184,2029,5,35.21
Integrated_4D_Reform,185,2029,5,34.32
Integrated_4D_Reform,186,2029,5,33.05
Integrated_4D_Reform,187,2029,5,31.52
Integrated_4D_Reform,188,2029,5,33.4
Integrated_4D_Reform,189,2029,5,33.29
Integrated_4D_Reform,190,2029,5,33.95
Integrated_4D_Reform,191,2029,5,34.19
Integrated_4D_Reform,192,2029,5,32.26
Integrated_4D_Reform,193,2029,5,34.76
Integrated_4D_Reform,194,2029,5,33.4
Integrated_4D_Reform,195,2029,5,34.18
Integrated_4D_Reform,196,2029,5,35.15
Integrated_4D_Reform,197,2029,5,33.24
Integrated_4D_Reform,198,2029,5,33.77
Integrated_4D_Reform,199,2029,5,34.9
Integrated_4D_Reform,200,2029,5,32.42
Integrated_4D_Reform,201,2029,5,31.55
Integrated_4D_Reform,202,2029,5,33.97
Integrated_4D_Reform,203,2029,5,34.49
Integrated_4D_Reform,204,2029,5,35.09
Integrated_4D_Reform,205,2029,5,29.81
Integrated_4D_Reform,206,2029,5,35.37
Integrated_4D_Reform,207,2029,5,33.96
Integrated_4D_Reform,208,2029,5,29.76
Integrated_4D_Reform,209,2029,5,32.26
Integrated_4D_Reform,210,2029,5,34.42
Integrated_4D_Reform,211,2029,5,31.55
Integrated_4D_Reform,212,2029,5,33.28
Integrated_4D_Reform,213,2029,5,33.23
Integrated_4D_Reform,214,2029,5,34.11
Integrated_4D_Reform,215,2029,5,34.99
Integrated_4D_Reform,216,2029,5,33.21
Integrated_4D_Reform,217,2029,5,35.17
Integrated_4D_Reform,218,2029,5,37.02
Integrated_4D_Reform,219,2029,5,32.84
Integrated_4D_Reform,220,2029,5,35.34
Integrated_4D_Reform,221,2029,5,33.85
Integrated_4D_Reform,222,2029,5,31.5
Integrated_4D_Reform,223,2029,5,34.62
Integrated_4D_Reform,224,2029,5,34.14
Integrated_4D_Reform,225,2029,5,32.67
Integrated_4D_Reform,226,2029,5,33.14
Integrated_4D_Reform,227,2029,5,33.88
Integrated_4D_Reform,228,2029,5,31.76
Integrated_4D_Reform,229,2029,5,34.05
Integrated_4D_Reform,230,2029,5,32.35
Integrated_4D_Reform,231,2029,5,33.01
Integrated_4D_Reform,232,2029,5,32.36
Integrated_4D_Reform,233,2029,5,31.33
Integrated_4D_Reform,234,2029,5,33.38
Integrated_4D_Reform,235,2029,5,33.52
Integrated_4D_Reform,236,2029,5,32.33
Integrated_4D_Reform,237,2029,5,36.69
Integrated_4D_Reform,238,2029,5,31.2
Integrated_4D_Reform,239,2029,5,36.33
Integrated_4D_Reform,240,2029,5,32.82
Integrated_4D_Reform,241,2029,5,32.63
Integrated_4D_Reform,242,2029,5,35.79
Integrated_4D_Reform,243,2029,5,33.14
Integrated_4D_Reform,244,2029,5,35.72
Integrated_4D_Reform,245,2029,5,30.88
Integrated_4D_Reform,246,2029,5,31.43
Integrated_4D_Reform,247,2029,5,32.87
Integrated_4D_Reform,248,2029,5,35.38
Integrated_4D_Reform,249,2029,5,33.81
Integrated_4D_Reform,250,2029,5,33.02
Integrated_4D_Reform,251,2029,5,33.19
Integrated_4D_Reform,252,2029,5,33.74
Integrated_4D_Reform,253,2029,5,33.87
Integrated_4D_Reform,254,2029,5,32.2
Integrated_4D_Reform,255,2029,5,31.87
Integrated_4D_Reform,256,2029,5,34.9
Integrated_4D_Reform,257,2029,5,33.8
Integrated_4D_Reform,258,2029,5,32.55
Integrated_4D_Reform,259,2029,5,34.01
Integrated_4D_Reform,260,2029,5,32.94
Integrated_4D_Reform,261,2029,5,32.68
Integrated_4D_Reform,262,2029,5,32.17
Integrated_4D_Reform,263,2029,5,34.28
Integrated_4D_Reform,264,2029,5,34.32
Integrated_4D_Reform,265,2029,5,35.01
Integrated_4D_Reform,266,2029,5,34.07
Integrated_4D_Reform,267,2029,5,35.45
Integrated_4D_Reform,268,2029,5,34.97
Integrated_4D_Reform,269,2029,5,32.86
Integrated_4D_Reform,270,2029,5,32.04
Integrated_4D_Reform,271,2029,5,33.43
Integrated_4D_Reform,272,2029,5,33.52
Integrated_4D_Reform,273,2029,5,32.33
Integrated_4D_Reform,274,2029,5,32.32
Integrated_4D_Reform,275,2029,5,33.3
Integrated_4D_Reform,276,2029,5,34.1
Integrated_4D_Reform,277,2029,5,32.22
Integrated_4D_Reform,278,2029,5,33.39
Integrated_4D_Reform,279,2029,5,32.32
Integrated_4D_Reform,280,2029,5,34.89
Integrated_4D_Reform,281,2029,5,31.21
Integrated_4D_Reform,282,2029,5,33.98
Integrated_4D_Reform,283,2029,5,33.34
Integrated_4D_Reform,284,2029,5,36.53
Integrated_4D_Reform,285,2029,5,35.13
Integrated_4D_Reform,286,2029,5,34.76
Integrated_4D_Reform,287,2029,5,33.61
Integrated_4D_Reform,288,2029,5,31.94
Integrated_4D_Reform,289,2029,5,35.38
Integrated_4D_Reform,290,2029,5,35.95
Integrated_4D_Reform,291,2029,5,31.79
Integrated_4D_Reform,292,2029,5,32.66
Integrated_4D_Reform,293,2029,5,33.73
Integrated_4D_Reform,294,2029,5,32.68
Integrated_4D_Reform,295,2029,5,34.5
Integrated_4D_Reform,296,2029,5,35.45
Integrated_4D_Reform,297,2029,5,31.8
Integrated_4D_Reform,298,2029,5,34.5
Integrated_4D_Reform,299,2029,5,31.49
Integrated_4D_Reform,300,2029,5,32.15
Integrated_4D_Reform,301,2029,5,32.67
Integrated_4D_Reform,302,2029,5,33.55
Integrated_4D_Reform,303,2029,5,32.05
Integrated_4D_Reform,304,2029,5,33.59
Integrated_4D_Reform,305,2029,5,34.73
Integrated_4D_Reform,306,2029,5,34.08
Integrated_4D_Reform,307,2029,5,33.34
Integrated_4D_Reform,308,2029,5,33.31
Integrated_4D_Reform,309,2029,5,31.94
Integrated_4D_Reform,310,2029,5,33.08
Integrated_4D_Reform,311,2029,5,32.75
Integrated_4D_Reform,312,2029,5,36.06
Integrated_4D_Reform,313,2029,5,35.0
Integrated_4D_Reform,314,2029,5,32.72
Integrated_4D_Reform,315,2029,5,35.11
Integrated_4D_Reform,316,2029,5,34.53
Integrated_4D_Reform,317,2029,5,34.69
Integrated_4D_Reform,318,2029,5,34.98
Integrated_4D_Reform,319,2029,5,35.45
Integrated_4D_Reform,320,2029,5,33.76
Integrated_4D_Reform,321,2029,5,32.59
Integrated_4D_Reform,322,2029,5,30.78
Integrated_4D_Reform,323,2029,5,32.0
Integrated_4D_Reform,324,2029,5,32.35
Integrated_4D_Reform,325,2029,5,31.94
Integrated_4D_Reform,326,2029,5,31.46
Integrated_4D_Reform,327,2029,5,32.37
Integrated_4D_Reform,328,2029,5,33.25
Integrated_4D_Reform,329,2029,5,33.32
Integrated_4D_Reform,330,2029,5,32.71
Integrated_4D_Reform,331,2029,5,35.63
Integrated_4D_Reform,332,2029,5,35.66
Integrated_4D_Reform,333,2029,5,33.03
Integrated_4D_Reform,334,2029,5,32.26
Integrated_4D_Reform,335,2029,5,34.35
Integrated_4D_Reform,336,2029,5,33.26
Integrated_4D_Reform,337,2029,5,33.68
Integrated_4D_Reform,338,2029,5,30.86
Integrated_4D_Reform,339,2029,5,34.58
Integrated_4D_Reform,340,2029,5,32.21
Integrated_4D_Reform,341,2029,5,31.71
Integrated_4D_Reform,342,2029,5,33.81
Integrated_4D_Reform,343,2029,5,34.92
Integrated_4D_Reform,344,2029,5,34.35
Integrated_4D_Reform,345,2029,5,31.85
Integrated_4D_Reform,346,2029,5,33.41
Integrated_4D_Reform,347,2029,5,33.13
Integrated_4D_Reform,348,2029,5,34.71
Integrated_4D_Reform,349,2029,5,32.13
Integrated_4D_Reform,350,2029,5,34.19
Integrated_4D_Reform,351,2029,5,33.44
Integrated_4D_Reform,352,2029,5,32.74
Integrated_4D_Reform,353,2029,5,31.89
Integrated_4D_Reform,354,2029,5,31.84
Integrated_4D_Reform,355,2029,5,32.97
Integrated_4D_Reform,356,2029,5,33.19
Integrated_4D_Reform,357,2029,5,35.4
Integrated_4D_Reform,358,2029,5,36.07
Integrated_4D_Reform,359,2029,5,33.2
Integrated_4D_Reform,360,2029,5,33.41
Integrated_4D_Reform,361,2029,5,35.41
Integrated_4D_Reform,362,2029,5,36.74
Integrated_4D_Reform,363,2029,5,32.12
Integrated_4D_Reform,364,2029,5,31.89
Integrated_4D_Reform,365,2029,5,32.83
Integrated_4D_Reform,366,2029,5,31.58
Integrated_4D_Reform,367,2029,5,34.18
Integrated_4D_Reform,368,2029,5,34.31
Integrated_4D_Reform,369,2029,5,34.88
Integrated_4D_Reform,370,2029,5,34.35
Integrated_4D_Reform,371,2029,5,31.27
Integrated_4D_Reform,372,2029,5,32.43
Integrated_4D_Reform,373,2029,5,34.93
Integrated_4D_Reform,374,2029,5,37.42
Integrated_4D_Reform,375,2029,5,36.32
Integrated_4D_Reform,376,2029,5,34.45
Integrated_4D_Reform,377,2029,5,35.14
Integrated_4D_Reform,378,2029,5,34.16
Integrated_4D_Reform,379,2029,5,35.46
Integrated_4D_Reform,380,2029,5,32.11
Integrated_4D_Reform,381,2029,5,31.51
Integrated_4D_Reform,382,2029,5,32.0
Integrated_4D_Reform,383,2029,5,35.31
Integrated_4D_Reform,384,2029,5,32.94
Integrated_4D_Reform,385,2029,5,37.65
Integrated_4D_Reform,386,2029,5,33.41
Integrated_4D_Reform,387,2029,5,34.2
Integrated_4D_Reform,388,2029,5,34.22
Integrated_4D_Reform,389,2029,5,32.74
Integrated_4D_Reform,390,2029,5,34.43
Integrated_4D_Reform,391,2029,5,32.95
Integrated_4D_Reform,392,2029,5,32.24
Integrated_4D_Reform,393,2029,5,32.84
Integrated_4D_Reform,394,2029,5,32.81
Integrated_4D_Reform,395,2029,5,32.79
Integrated_4D_Reform,396,2029,5,33.97
Integrated_4D_Reform,397,2029,5,35.26
Integrated_4D_Reform,398,2029,5,36.13
Integrated_4D_Reform,399,2029,5,33.8
Integrated_4D_Reform,400,2029,5,33.52
Integrated_4D_Reform,401,2029,5,33.59
Integrated_4D_Reform,402,2029,5,33.49
Integrated_4D_Reform,403,2029,5,35.7
Integrated_4D_Reform,404,2029,5,31.49
Integrated_4D_Reform,405,2029,5,33.86
Integrated_4D_Reform,406,2029,5,34.63
Integrated_4D_Reform,407,2029,5,34.11
Integrated_4D_Reform,408,2029,5,35.54
Integrated_4D_Reform,409,2029,5,35.9
Integrated_4D_Reform,410,2029,5,32.98
Integrated_4D_Reform,411,2029,5,32.87
Integrated_4D_Reform,412,2029,5,32.98
Integrated_4D_Reform,413,2029,5,34.86
Integrated_4D_Reform,414,2029,5,32.28
Integrated_4D_Reform,415,2029,5,34.95
Integrated_4D_Reform,416,2029,5,33.88
Integrated_4D_Reform,417,2029,5,35.38
Integrated_4D_Reform,418,2029,5,32.79
Integrated_4D_Reform,419,2029,5,28.81
Integrated_4D_Reform,420,2029,5,33.76
Integrated_4D_Reform,421,2029,5,32.71
Integrated_4D_Reform,422,2029,5,34.49
Integrated_4D_Reform,423,2029,5,33.01
Integrated_4D_Reform,424,2029,5,29.29
Integrated_4D_Reform,425,2029,5,34.95
Integrated_4D_Reform,426,2029,5,30.71
Integrated_4D_Reform,427,2029,5,31.49
Integrated_4D_Reform,428,2029,5,31.81
Integrated_4D_Reform,429,2029,5,32.74
Integrated_4D_Reform,430,2029,5,34.34
Integrated_4D_Reform,431,2029,5,32.26
Integrated_4D_Reform,432,2029,5,35.84
Integrated_4D_Reform,433,2029,5,30.65
Integrated_4D_Reform,434,2029,5,33.29
Integrated_4D_Reform,435,2029,5,36.33
Integrated_4D_Reform,436,2029,5,33.34
Integrated_4D_Reform,437,2029,5,32.48
Integrated_4D_Reform,438,2029,5,34.55
Integrated_4D_Reform,439,2029,5,35.62
Integrated_4D_Reform,440,2029,5,32.42
Integrated_4D_Reform,441,2029,5,35.45
Integrated_4D_Reform,442,2029,5,34.41
Integrated_4D_Reform,443,2029,5,35.84
Integrated_4D_Reform,444,2029,5,34.54
Integrated_4D_Reform,445,2029,5,33.32
Integrated_4D_Reform,446,2029,5,33.14
Integrated_4D_Reform,447,2029,5,33.91
Integrated_4D_Reform,448,2029,5,36.28
Integrated_4D_Reform,449,2029,5,34.06
Integrated_4D_Reform,450,2029,5,33.97
Integrated_4D_Reform,451,2029,5,29.09
Integrated_4D_Reform,452,2029,5,32.9
Integrated_4D_Reform,453,2029,5,35.35
Integrated_4D_Reform,454,2029,5,36.08
Integrated_4D_Reform,455,2029,5,34.28
Integrated_4D_Reform,456,2029,5,34.63
Integrated_4D_Reform,457,2029,5,34.06
Integrated_4D_Reform,458,2029,5,34.42
Integrated_4D_Reform,459,2029,5,32.43
Integrated_4D_Reform,460,2029,5,34.41
Integrated_4D_Reform,461,2029,5,35.11
Integrated_4D_Reform,462,2029,5,32.48
Integrated_4D_Reform,463,2029,5,34.69
Integrated_4D_Reform,464,2029,5,33.45
Integrated_4D_Reform,465,2029,5,33.94
Integrated_4D_Reform,466,2029,5,35.18
Integrated_4D_Reform,467,2029,5,34.34
Integrated_4D_Reform,468,2029,5,34.78
Integrated_4D_Reform,469,2029,5,32.59
Integrated_4D_Reform,470,2029,5,32.73
Integrated_4D_Reform,471,2029,5,33.11
Integrated_4D_Reform,472,2029,5,31.84
Integrated_4D_Reform,473,2029,5,34.03
Integrated_4D_Reform,474,2029,5,32.39
Integrated_4D_Reform,475,2029,5,35.02
Integrated_4D_Reform,476,2029,5,32.07
Integrated_4D_Reform,477,2029,5,33.54
Integrated_4D_Reform,478,2029,5,33.48
Integrated_4D_Reform,479,2029,5,32.67
Integrated_4D_Reform,480,2029,5,33.56
Integrated_4D_Reform,481,2029,5,35.12
Integrated_4D_Reform,482,2029,5,33.99
Integrated_4D_Reform,483,2029,5,33.1
Integrated_4D_Reform,484,2029,5,34.72
Integrated_4D_Reform,485,2029,5,35.96
Integrated_4D_Reform,486,2029,5,32.07
Integrated_4D_Reform,487,2029,5,35.27
Integrated_4D_Reform,488,2029,5,33.97
Integrated_4D_Reform,489,2029,5,35.29
Integrated_4D_Reform,490,2029,5,34.46
Integrated_4D_Reform,491,2029,5,35.98
Integrated_4D_Reform,492,2029,5,32.33
Integrated_4D_Reform,493,2029,5,32.45
Integrated_4D_Reform,494,2029,5,33.56
Integrated_4D_Reform,495,2029,5,35.19
Integrated_4D_Reform,496,2029,5,33.89
Integrated_4D_Reform,497,2029,5,34.36
Integrated_4D_Reform,498,2029,5,32.13
Integrated_4D_Reform,499,2029,5,32.99
Integrated_4D_Reform,0,2034,10,43.5
Integrated_4D_Reform,1,2034,10,42.3
Integrated_4D_Reform,2,2034,10,41.81
Integrated_4D_Reform,3,2034,10,39.54
Integrated_4D_Reform,4,2034,10,41.13
Integrated_4D_Reform,5,2034,10,41.97
Integrated_4D_Reform,6,2034,10,44.08
Integrated_4D_Reform,7,2034,10,44.19
Integrated_4D_Reform,8,2034,10,44.38
Integrated_4D_Reform,9,2034,10,43.59
Integrated_4D_Reform,10,2034,10,45.07
Integrated_4D_Reform,11,2034,10,43.01
Integrated_4D_Reform,12,2034,10,43.0
Integrated_4D_Reform,13,2034,10,42.03
Integrated_4D_Reform,14,2034,10,42.6
Integrated_4D_Reform,15,2034,10,41.99
Integrated_4D_Reform,16,2034,10,42.65
Integrated_4D_Reform,17,2034,10,41.85
Integrated_4D_Reform,18,2034,10,43.4
Integrated_4D_Reform,19,2034,10,42.15
Integrated_4D_Reform,20,2034,10,41.75
Integrated_4D_Reform,21,2034,10,42.71
Integrated_4D_Reform,22,2034,10,40.12
Integrated_4D_Reform,23,2034,10,43.23
Integrated_4D_Reform,24,2034,10,41.57
Integrated_4D_Reform,25,2034,10,43.02
Integrated_4D_Reform,26,2034,10,42.33
Integrated_4D_Reform,27,2034,10,41.48
Integrated_4D_Reform,28,2034,10,45.76
Integrated_4D_Reform,29,2034,10,43.26
Integrated_4D_Reform,30,2034,10,41.37
Integrated_4D_Reform,31,2034,10,43.42
Integrated_4D_Reform,32,2034,10,41.07
Integrated_4D_Reform,33,2034,10,43.31
Integrated_4D_Reform,34,2034,10,40.7
Integrated_4D_Reform,35,2034,10,43.67
Integrated_4D_Reform,36,2034,10,41.67
Integrated_4D_Reform,37,2034,10,42.72
Integrated_4D_Reform,38,2034,10,42.73
Integrated_4D_Reform,39,2034,10,43.87
Integrated_4D_Reform,40,2034,10,44.51
Integrated_4D_Reform,41,2034,10,44.37
Integrated_4D_Reform,42,2034,10,41.79
Integrated_4D_Reform,43,2034,10,42.52
Integrated_4D_Reform,44,2034,10,46.55
Integrated_4D_Reform,45,2034,10,45.26
Integrated_4D_Reform,46,2034,10,44.93
Integrated_4D_Reform,47,2034,10,42.91
Integrated_4D_Reform,48,2034,10,42.47
Integrated_4D_Reform,49,2034,10,43.54
Integrated_4D_Reform,50,2034,10,42.03
Integrated_4D_Reform,51,2034,10,39.58
Integrated_4D_Reform,52,2034,10,39.29
Integrated_4D_Reform,53,2034,10,45.59
Integrated_4D_Reform,54,2034,10,42.27
Integrated_4D_Reform,55,2034,10,42.54
Integrated_4D_Reform,56,2034,10,41.15
Integrated_4D_Reform,57,2034,10,41.74
Integrated_4D_Reform,58,2034,10,43.41
Integrated_4D_Reform,59,2034,10,43.25
Integrated_4D_Reform,60,2034,10,41.78
Integrated_4D_Reform,61,2034,10,43.48
Integrated_4D_Reform,62,2034,10,41.5
Integrated_4D_Reform,63,2034,10,42.74
Integrated_4D_Reform,64,2034,10,46.05
Integrated_4D_Reform,65,2034,10,40.12
Integrated_4D_Reform,66,2034,10,42.84
Integrated_4D_Reform,67,2034,10,45.22
Integrated_4D_Reform,68,2034,10,43.38
Integrated_4D_Reform,69,2034,10,44.85
Integrated_4D_Reform,70,2034,10,44.37
Integrated_4D_Reform,71,2034,10,43.98
Integrated_4D_Reform,72,2034,10,38.44
Integrated_4D_Reform,73,2034,10,42.38
Integrated_4D_Reform,74,2034,10,40.75
Integrated_4D_Reform,75,2034,10,40.25
Integrated_4D_Reform,76,2034,10,43.32
Integrated_4D_Reform,77,2034,10,43.4
Integrated_4D_Reform,78,2034,10,43.19
Integrated_4D_Reform,79,2034,10,41.02
Integrated_4D_Reform,80,2034,10,43.94
Integrated_4D_Reform,81,2034,10,43.54
Integrated_4D_Reform,82,2034,10,44.25
Integrated_4D_Reform,83,2034,10,43.5
Integrated_4D_Reform,84,2034,10,42.79
Integrated_4D_Reform,85,2034,10,42.88
Integrated_4D_Reform,86,2034,10,41.46
Integrated_4D_Reform,87,2034,10,43.65
Integrated_4D_Reform,88,2034,10,41.23
Integrated_4D_Reform,89,2034,10,41.43
Integrated_4D_Reform,90,2034,10,42.66
Integrated_4D_Reform,91,2034,10,44.48
Integrated_4D_Reform,92,2034,10,41.81
Integrated_4D_Reform,93,2034,10,40.04
Integrated_4D_Reform,94,2034,10,43.1
Integrated_4D_Reform,95,2034,10,41.26
Integrated_4D_Reform,96,2034,10,42.53
Integrated_4D_Reform,97,2034,10,44.34
Integrated_4D_Reform,98,2034,10,43.23
Integrated_4D_Reform,99,2034,10,43.53
Integrated_4D_Reform,100,2034,10,43.05
Integrated_4D_Reform,101,2034,10,44.97
Integrated_4D_Reform,102,2034,10,42.77
Integrated_4D_Reform,103,2034,10,42.08
Integrated_4D_Reform,104,2034,10,42.66
Integrated_4D_Reform,105,2034,10,43.78
Integrated_4D_Reform,106,2034,10,43.62
Integrated_4D_Reform,107,2034,10,43.75
Integrated_4D_Reform,108,2034,10,42.8
Integrated_4D_Reform,109,2034,10,45.26
Integrated_4D_Reform,110,2034,10,43.74
Integrated_4D_Reform,111,2034,10,43.12
Integrated_4D_Reform,112,2034,10,42.79
Integrated_4D_Reform,113,2034,10,41.04
Integrated_4D_Reform,114,2034,10,41.19
Integrated_4D_Reform,115,2034,10,42.33
Integrated_4D_Reform,116,2034,10,42.5
Integrated_4D_Reform,117,2034,10,41.68
Integrated_4D_Reform,118,2034,10,44.2
Integrated_4D_Reform,119,2034,10,42.47
Integrated_4D_Reform,120,2034,10,41.79
Integrated_4D_Reform,121,2034,10,41.97
Integrated_4D_Reform,122,2034,10,44.08
Integrated_4D_Reform,123,2034,10,45.17
Integrated_4D_Reform,124,2034,10,43.17
Integrated_4D_Reform,125,2034,10,40.29
Integrated_4D_Reform,126,2034,10,45.79
Integrated_4D_Reform,127,2034,10,41.28
Integrated_4D_Reform,128,2034,10,44.25
Integrated_4D_Reform,129,2034,10,41.62
Integrated_4D_Reform,130,2034,10,45.31
Integrated_4D_Reform,131,2034,10,43.64
Integrated_4D_Reform,132,2034,10,44.27
Integrated_4D_Reform,133,2034,10,43.07
Integrated_4D_Reform,134,2034,10,43.08
Integrated_4D_Reform,135,2034,10,41.5
Integrated_4D_Reform,136,2034,10,42.54
Integrated_4D_Reform,137,2034,10,43.4
Integrated_4D_Reform,138,2034,10,43.07
Integrated_4D_Reform,139,2034,10,42.13
Integrated_4D_Reform,140,2034,10,43.55
Integrated_4D_Reform,141,2034,10,42.19
Integrated_4D_Reform,142,2034,10,42.44
Integrated_4D_Reform,143,2034,10,41.64
Integrated_4D_Reform,144,2034,10,41.78
Integrated_4D_Reform,145,2034,10,43.88
Integrated_4D_Reform,146,2034,10,42.55
Integrated_4D_Reform,147,2034,10,41.84
Integrated_4D_Reform,148,2034,10,44.72
Integrated_4D_Reform,149,2034,10,43.19
Integrated_4D_Reform,150,2034,10,43.66
Integrated_4D_Reform,151,2034,10,44.09
Integrated_4D_Reform,152,2034,10,43.6
Integrated_4D_Reform,153,2034,10,41.58
Integrated_4D_Reform,154,2034,10,43.61
Integrated_4D_Reform,155,2034,10,41.55
Integrated_4D_Reform,156,2034,10,41.71
Integrated_4D_Reform,157,2034,10,39.02
Integrated_4D_Reform,158,2034,10,44.64
Integrated_4D_Reform,159,2034,10,39.5
Integrated_4D_Reform,160,2034,10,42.0
Integrated_4D_Reform,161,2034,10,45.68
Integrated_4D_Reform,162,2034,10,42.59
Integrated_4D_Reform,163,2034,10,44.1
Integrated_4D_Reform,164,2034,10,43.12
Integrated_4D_Reform,165,2034,10,41.33
Integrated_4D_Reform,166,2034,10,42.65
Integrated_4D_Reform,167,2034,10,40.77
Integrated_4D_Reform,168,2034,10,44.27
Integrated_4D_Reform,169,2034,10,45.54
Integrated_4D_Reform,170,2034,10,40.33
Integrated_4D_Reform,171,2034,10,44.3
Integrated_4D_Reform,172,2034,10,42.13
Integrated_4D_Reform,173,2034,10,43.12
Integrated_4D_Reform,174,2034,10,43.99
Integrated_4D_Reform,175,2034,10,44.69
Integrated_4D_Reform,176,2034,10,43.34
Integrated_4D_Reform,177,2034,10,42.2
Integrated_4D_Reform,178,2034,10,42.1
Integrated_4D_Reform,179,2034,10,43.06
Integrated_4D_Reform,180,2034,10,43.01
Integrated_4D_Reform,181,2034,10,40.85
Integrated_4D_Reform,182,2034,10,44.12
Integrated_4D_Reform,183,2034,10,41.79
Integrated_4D_Reform,184,2034,10,42.88
Integrated_4D_Reform,185,2034,10,43.38
Integrated_4D_Reform,186,2034,10,41.12
Integrated_4D_Reform,187,2034,10,39.12
Integrated_4D_Reform,188,2034,10,43.46
Integrated_4D_Reform,189,2034,10,41.72
Integrated_4D_Reform,190,2034,10,41.44
Integrated_4D_Reform,191,2034,10,41.71
Integrated_4D_Reform,192,2034,10,44.02
Integrated_4D_Reform,193,2034,10,43.91
Integrated_4D_Reform,194,2034,10,43.57
Integrated_4D_Reform,195,2034,10,42.53
Integrated_4D_Reform,196,2034,10,44.98
Integrated_4D_Reform,197,2034,10,44.49
Integrated_4D_Reform,198,2034,10,44.99
Integrated_4D_Reform,199,2034,10,43.7
Integrated_4D_Reform,200,2034,10,40.59
Integrated_4D_Reform,201,2034,10,39.98
Integrated_4D_Reform,202,2034,10,43.1
Integrated_4D_Reform,203,2034,10,43.36
Integrated_4D_Reform,204,2034,10,42.76
Integrated_4D_Reform,205,2034,10,39.5
Integrated_4D_Reform,206,2034,10,44.68
Integrated_4D_Reform,207,2034,10,41.68
Integrated_4D_Reform,208,2034,10,38.24
Integrated_4D_Reform,209,2034,10,41.92
Integrated_4D_Reform,210,2034,10,44.06
Integrated_4D_Reform,211,2034,10,41.41
Integrated_4D_Reform,212,2034,10,43.1
Integrated_4D_Reform,213,2034,10,40.49
Integrated_4D_Reform,214,2034,10,43.87
Integrated_4D_Reform,215,2034,10,43.18
Integrated_4D_Reform,216,2034,10,41.15
Integrated_4D_Reform,217,2034,10,42.64
Integrated_4D_Reform,218,2034,10,45.31
Integrated_4D_Reform,219,2034,10,41.18
Integrated_4D_Reform,220,2034,10,44.82
Integrated_4D_Reform,221,2034,10,43.9
Integrated_4D_Reform,222,2034,10,40.57
Integrated_4D_Reform,223,2034,10,43.88
Integrated_4D_Reform,224,2034,10,43.16
Integrated_4D_Reform,225,2034,10,42.75
Integrated_4D_Reform,226,2034,10,43.7
Integrated_4D_Reform,227,2034,10,41.69
Integrated_4D_Reform,228,2034,10,40.2
Integrated_4D_Reform,229,2034,10,44.76
Integrated_4D_Reform,230,2034,10,40.01
Integrated_4D_Reform,231,2034,10,42.51
Integrated_4D_Reform,232,2034,10,40.97
Integrated_4D_Reform,233,2034,10,42.35
Integrated_4D_Reform,234,2034,10,42.97
Integrated_4D_Reform,235,2034,10,43.5
Integrated_4D_Reform,236,2034,10,44.67
Integrated_4D_Reform,237,2034,10,43.84
Integrated_4D_Reform,238,2034,10,40.27
Integrated_4D_Reform,239,2034,10,45.11
Integrated_4D_Reform,240,2034,10,43.1
Integrated_4D_Reform,241,2034,10,41.57
Integrated_4D_Reform,242,2034,10,46.03
Integrated_4D_Reform,243,2034,10,40.62
Integrated_4D_Reform,244,2034,10,42.83
Integrated_4D_Reform,245,2034,10,42.77
Integrated_4D_Reform,246,2034,10,41.78
Integrated_4D_Reform,247,2034,10,41.52
Integrated_4D_Reform,248,2034,10,43.78
Integrated_4D_Reform,249,2034,10,41.77
Integrated_4D_Reform,250,2034,10,43.48
Integrated_4D_Reform,251,2034,10,42.27
Integrated_4D_Reform,252,2034,10,44.23
Integrated_4D_Reform,253,2034,10,42.85
Integrated_4D_Reform,254,2034,10,41.63
Integrated_4D_Reform,255,2034,10,41.85
Integrated_4D_Reform,256,2034,10,44.56
Integrated_4D_Reform,257,2034,10,42.87
Integrated_4D_Reform,258,2034,10,42.41
Integrated_4D_Reform,259,2034,10,43.0
Integrated_4D_Reform,260,2034,10,41.19
Integrated_4D_Reform,261,2034,10,44.36
Integrated_4D_Reform,262,2034,10,41.13
Integrated_4D_Reform,263,2034,10,44.42
Integrated_4D_Reform,264,2034,10,42.36
Integrated_4D_Reform,265,2034,10,45.1
Integrated_4D_Reform,266,2034,10,44.17
Integrated_4D_Reform,267,2034,10,45.99
Integrated_4D_Reform,268,2034,10,43.07
Integrated_4D_Reform,269,2034,10,42.13
Integrated_4D_Reform,270,2034,10,41.8
Integrated_4D_Reform,271,2034,10,41.49
Integrated_4D_Reform,272,2034,10,41.14
Integrated_4D_Reform,273,2034,10,41.48
Integrated_4D_Reform,274,2034,10,40.84
Integrated_4D_Reform,275,2034,10,42.59
Integrated_4D_Reform,276,2034,10,43.67
Integrated_4D_Reform,277,2034,10,41.25
Integrated_4D_Reform,278,2034,10,42.64
Integrated_4D_Reform,279,2034,10,42.21
Integrated_4D_Reform,280,2034,10,44.88
Integrated_4D_Reform,281,2034,10,37.72
Integrated_4D_Reform,282,2034,10,43.58
Integrated_4D_Reform,283,2034,10,41.77
Integrated_4D_Reform,284,2034,10,44.15
Integrated_4D_Reform,285,2034,10,45.24
Integrated_4D_Reform,286,2034,10,41.65
Integrated_4D_Reform,287,2034,10,42.99
Integrated_4D_Reform,288,2034,10,42.44
Integrated_4D_Reform,289,2034,10,43.74
Integrated_4D_Reform,290,2034,10,44.87
Integrated_4D_Reform,291,2034,10,40.96
Integrated_4D_Reform,292,2034,10,42.85
Integrated_4D_Reform,293,2034,10,42.48
Integrated_4D_Reform,294,2034,10,42.34
Integrated_4D_Reform,295,2034,10,44.54
Integrated_4D_Reform,296,2034,10,44.34
Integrated_4D_Reform,297,2034,10,42.46
Integrated_4D_Reform,298,2034,10,44.08
Integrated_4D_Reform,299,2034,10,42.41
Integrated_4D_Reform,300,2034,10,41.6
Integrated_4D_Reform,301,2034,10,41.43
Integrated_4D_Reform,302,2034,10,42.16
Integrated_4D_Reform,303,2034,10,40.76
Integrated_4D_Reform,304,2034,10,43.58
Integrated_4D_Reform,305,2034,10,42.95
Integrated_4D_Reform,306,2034,10,41.63
Integrated_4D_Reform,307,2034,10,44.54
Integrated_4D_Reform,308,2034,10,43.0
Integrated_4D_Reform,309,2034,10,41.04
Integrated_4D_Reform,310,2034,10,42.27
Integrated_4D_Reform,311,2034,10,41.96
Integrated_4D_Reform,312,2034,10,42.79
Integrated_4D_Reform,313,2034,10,42.15
Integrated_4D_Reform,314,2034,10,44.17
Integrated_4D_Reform,315,2034,10,44.39
Integrated_4D_Reform,316,2034,10,43.29
Integrated_4D_Reform,317,2034,10,44.45
Integrated_4D_Reform,318,2034,10,43.54
Integrated_4D_Reform,319,2034,10,42.6
Integrated_4D_Reform,320,2034,10,42.65
Integrated_4D_Reform,321,2034,10,43.16
Integrated_4D_Reform,322,2034,10,40.35
Integrated_4D_Reform,323,2034,10,40.79
Integrated_4D_Reform,324,2034,10,41.91
Integrated_4D_Reform,325,2034,10,42.14
Integrated_4D_Reform,326,2034,10,40.58
Integrated_4D_Reform,327,2034,10,42.9
Integrated_4D_Reform,328,2034,10,41.1
Integrated_4D_Reform,329,2034,10,42.71
Integrated_4D_Reform,330,2034,10,41.54
Integrated_4D_Reform,331,2034,10,44.79
Integrated_4D_Reform,332,2034,10,45.31
Integrated_4D_Reform,333,2034,10,41.9
Integrated_4D_Reform,334,2034,10,40.98
Integrated_4D_Reform,335,2034,10,42.29
Integrated_4D_Reform,336,2034,10,40.3
Integrated_4D_Reform,337,2034,10,42.83
Integrated_4D_Reform,338,2034,10,40.94
Integrated_4D_Reform,339,2034,10,43.54
Integrated_4D_Reform,340,2034,10,40.75
Integrated_4D_Reform,341,2034,10,40.48
Integrated_4D_Reform,342,2034,10,42.96
Integrated_4D_Reform,343,2034,10,42.04
Integrated_4D_Reform,344,2034,10,44.55
Integrated_4D_Reform,345,2034,10,42.32
Integrated_4D_Reform,346,2034,10,42.76
Integrated_4D_Reform,347,2034,10,42.03
Integrated_4D_Reform,348,2034,10,44.5
Integrated_4D_Reform,349,2034,10,40.4
Integrated_4D_Reform,350,2034,10,44.26
Integrated_4D_Reform,351,2034,10,42.85
Integrated_4D_Reform,352,2034,10,40.88
Integrated_4D_Reform,353,2034,10,41.47
Integrated_4D_Reform,354,2034,10,41.17
Integrated_4D_Reform,355,2034,10,42.79
Integrated_4D_Reform,356,2034,10,44.19
Integrated_4D_Reform,357,2034,10,43.59
Integrated_4D_Reform,358,2034,10,45.67
Integrated_4D_Reform,359,2034,10,43.47
Integrated_4D_Reform,360,2034,10,42.98
Integrated_4D_Reform,361,2034,10,43.3
Integrated_4D_Reform,362,2034,10,44.96
Integrated_4D_Reform,363,2034,10,41.19
Integrated_4D_Reform,364,2034,10,43.86
Integrated_4D_Reform,365,2034,10,40.63
Integrated_4D_Reform,366,2034,10,40.87
Integrated_4D_Reform,367,2034,10,43.02
Integrated_4D_Reform,368,2034,10,44.26
Integrated_4D_Reform,369,2034,10,43.48
Integrated_4D_Reform,370,2034,10,43.97
Integrated_4D_Reform,371,2034,10,40.81
Integrated_4D_Reform,372,2034,10,40.55
Integrated_4D_Reform,373,2034,10,45.21
Integrated_4D_Reform,374,2034,10,45.21
Integrated_4D_Reform,375,2034,10,45.92
Integrated_4D_Reform,376,2034,10,43.68
Integrated_4D_Reform,377,2034,10,43.48
Integrated_4D_Reform,378,2034,10,41.67
Integrated_4D_Reform,379,2034,10,42.96
Integrated_4D_Reform,380,2034,10,40.38
Integrated_4D_Reform,381,2034,10,40.63
Integrated_4D_Reform,382,2034,10,40.5
Integrated_4D_Reform,383,2034,10,43.25
Integrated_4D_Reform,384,2034,10,41.91
Integrated_4D_Reform,385,2034,10,46.07
Integrated_4D_Reform,386,2034,10,40.98
Integrated_4D_Reform,387,2034,10,42.06
Integrated_4D_Reform,388,2034,10,43.81
Integrated_4D_Reform,389,2034,10,41.64
Integrated_4D_Reform,390,2034,10,43.01
Integrated_4D_Reform,391,2034,10,41.96
Integrated_4D_Reform,392,2034,10,41.69
Integrated_4D_Reform,393,2034,10,43.41
Integrated_4D_Reform,394,2034,10,43.39
Integrated_4D_Reform,395,2034,10,41.06
Integrated_4D_Reform,396,2034,10,43.61
Integrated_4D_Reform,397,2034,10,44.7
Integrated_4D_Reform,398,2034,10,42.86
Integrated_4D_Reform,399,2034,10,40.08
Integrated_4D_Reform,400,2034,10,41.96
Integrated_4D_Reform,401,2034,10,43.05
Integrated_4D_Reform,402,2034,10,42.92
Integrated_4D_Reform,403,2034,10,44.72
Integrated_4D_Reform,404,2034,10,40.25
Integrated_4D_Reform,405,2034,10,43.37
Integrated_4D_Reform,406,2034,10,44.89
Integrated_4D_Reform,407,2034,10,45.02
Integrated_4D_Reform,408,2034,10,43.48
Integrated_4D_Reform,409,2034,10,46.13
Integrated_4D_Reform,410,2034,10,43.17
Integrated_4D_Reform,411,2034,10,42.35
Integrated_4D_Reform,412,2034,10,41.7
Integrated_4D_Reform,413,2034,10,42.09
Integrated_4D_Reform,414,2034,10,43.24
Integrated_4D_Reform,415,2034,10,43.18
Integrated_4D_Reform,416,2034,10,44.02
Integrated_4D_Reform,417,2034,10,42.6
Integrated_4D_Reform,418,2034,10,42.39
Integrated_4D_Reform,419,2034,10,40.94
Integrated_4D_Reform,420,2034,10,43.05
Integrated_4D_Reform,421,2034,10,41.77
Integrated_4D_Reform,422,2034,10,43.43
Integrated_4D_Reform,423,2034,10,43.66
Integrated_4D_Reform,424,2034,10,39.81
Integrated_4D_Reform,425,2034,10,45.19
Integrated_4D_Reform,426,2034,10,41.8
Integrated_4D_Reform,427,2034,10,43.46
Integrated_4D_Reform,428,2034,10,41.71
Integrated_4D_Reform,429,2034,10,42.07
Integrated_4D_Reform,430,2034,10,42.93
Integrated_4D_Reform,431,2034,10,42.84
Integrated_4D_Reform,432,2034,10,46.29
Integrated_4D_Reform,433,2034,10,38.4
Integrated_4D_Reform,434,2034,10,41.65
Integrated_4D_Reform,435,2034,10,46.11
Integrated_4D_Reform,436,2034,10,42.91
Integrated_4D_Reform,437,2034,10,44.28
Integrated_4D_Reform,438,2034,10,43.51
Integrated_4D_Reform,439,2034,10,43.44
Integrated_4D_Reform,440,2034,10,41.8
Integrated_4D_Reform,441,2034,10,44.32
Integrated_4D_Reform,442,2034,10,41.82
Integrated_4D_Reform,443,2034,10,44.08
Integrated_4D_Reform,444,2034,10,44.02
Integrated_4D_Reform,445,2034,10,42.53
Integrated_4D_Reform,446,2034,10,41.82
Integrated_4D_Reform,447,2034,10,41.21
Integrated_4D_Reform,448,2034,10,44.36
Integrated_4D_Reform,449,2034,10,44.18
Integrated_4D_Reform,450,2034,10,41.44
Integrated_4D_Reform,451,2034,10,38.05
Integrated_4D_Reform,452,2034,10,43.46
Integrated_4D_Reform,453,2034,10,43.04
Integrated_4D_Reform,454,2034,10,45.17
Integrated_4D_Reform,455,2034,10,44.98
Integrated_4D_Reform,456,2034,10,42.35
Integrated_4D_Reform,457,2034,10,42.71
Integrated_4D_Reform,458,2034,10,42.16
Integrated_4D_Reform,459,2034,10,41.43
Integrated_4D_Reform,460,2034,10,43.14
Integrated_4D_Reform,461,2034,10,43.77
Integrated_4D_Reform,462,2034,10,41.95
Integrated_4D_Reform,463,2034,10,42.71
Integrated_4D_Reform,464,2034,10,44.07
Integrated_4D_Reform,465,2034,10,42.61
Integrated_4D_Reform,466,2034,10,44.3
Integrated_4D_Reform,467,2034,10,42.78
Integrated_4D_Reform,468,2034,10,42.82
Integrated_4D_Reform,469,2034,10,40.84
Integrated_4D_Reform,470,2034,10,39.62
Integrated_4D_Reform,471,2034,10,43.21
Integrated_4D_Reform,472,2034,10,40.77
Integrated_4D_Reform,473,2034,10,43.86
Integrated_4D_Reform,474,2034,10,41.32
Integrated_4D_Reform,475,2034,10,42.05
Integrated_4D_Reform,476,2034,10,43.95
Integrated_4D_Reform,477,2034,10,42.78
Integrated_4D_Reform,478,2034,10,43.1
Integrated_4D_Reform,479,2034,10,42.35
Integrated_4D_Reform,480,2034,10,42.63
Integrated_4D_Reform,481,2034,10,46.1
Integrated_4D_Reform,482,2034,10,43.15
Integrated_4D_Reform,483,2034,10,41.68
Integrated_4D_Reform,484,2034,10,43.86
Integrated_4D_Reform,485,2034,10,45.73
Integrated_4D_Reform,486,2034,10,43.17
Integrated_4D_Reform,487,2034,10,43.02
Integrated_4D_Reform,488,2034,10,41.47
Integrated_4D_Reform,489,2034,10,44.58
Integrated_4D_Reform,490,2034,10,44.32
Integrated_4D_Reform,491,2034,10,44.01
Integrated_4D_Reform,492,2034,10,44.22
Integrated_4D_Reform,493,2034,10,40.34
Integrated_4D_Reform,494,2034,10,42.32
Integrated_4D_Reform,495,2034,10,43.22
Integrated_4D_Reform,496,2034,10,40.78
Integrated_4D_Reform,497,2034,10,42.54
Integrated_4D_Reform,498,2034,10,39.87
Integrated_4D_Reform,499,2034,10,40.54
Integrated_4D_Reform,0,2039,15,52.88
Integrated_4D_Reform,1,2039,15,50.08
Integrated_4D_Reform,2,2039,15,49.89
Integrated_4D_Reform,3,2039,15,47.78
Integrated_4D_Reform,4,2039,15,49.4
Integrated_4D_Reform,5,2039,15,50.95
Integrated_4D_Reform,6,2039,15,54.33
Integrated_4D_Reform,7,2039,15,51.61
Integrated_4D_Reform,8,2039,15,50.59
Integrated_4D_Reform,9,2039,15,50.88
Integrated_4D_Reform,10,2039,15,53.59
Integrated_4D_Reform,11,2039,15,49.41
Integrated_4D_Reform,12,2039,15,50.76
Integrated_4D_Reform,13,2039,15,52.06
Integrated_4D_Reform,14,2039,15,48.86
Integrated_4D_Reform,15,2039,15,50.23
Integrated_4D_Reform,16,2039,15,50.14
Integrated_4D_Reform,17,2039,15,49.85
Integrated_4D_Reform,18,2039,15,51.97
Integrated_4D_Reform,19,2039,15,52.32
Integrated_4D_Reform,20,2039,15,50.15
Integrated_4D_Reform,21,2039,15,52.57
Integrated_4D_Reform,22,2039,15,48.77
Integrated_4D_Reform,23,2039,15,51.73
Integrated_4D_Reform,24,2039,15,52.03
Integrated_4D_Reform,25,2039,15,50.92
Integrated_4D_Reform,26,2039,15,50.23
Integrated_4D_Reform,27,2039,15,50.34
Integrated_4D_Reform,28,2039,15,54.32
Integrated_4D_Reform,29,2039,15,50.63
Integrated_4D_Reform,30,2039,15,49.49
Integrated_4D_Reform,31,2039,15,51.28
Integrated_4D_Reform,32,2039,15,46.82
Integrated_4D_Reform,33,2039,15,51.51
Integrated_4D_Reform,34,2039,15,49.61
Integrated_4D_Reform,35,2039,15,49.75
Integrated_4D_Reform,36,2039,15,49.51
Integrated_4D_Reform,37,2039,15,50.23
Integrated_4D_Reform,38,2039,15,52.02
Integrated_4D_Reform,39,2039,15,51.81
Integrated_4D_Reform,40,2039,15,52.58
Integrated_4D_Reform,41,2039,15,51.97
Integrated_4D_Reform,42,2039,15,48.91
Integrated_4D_Reform,43,2039,15,50.08
Integrated_4D_Reform,44,2039,15,53.53
Integrated_4D_Reform,45,2039,15,52.74
Integrated_4D_Reform,46,2039,15,53.85
Integrated_4D_Reform,47,2039,15,50.79
Integrated_4D_Reform,48,2039,15,50.57
Integrated_4D_Reform,49,2039,15,50.55
Integrated_4D_Reform,50,2039,15,50.58
Integrated_4D_Reform,51,2039,15,47.54
Integrated_4D_Reform,52,2039,15,49.67
Integrated_4D_Reform,53,2039,15,54.48
Integrated_4D_Reform,54,2039,15,50.26
Integrated_4D_Reform,55,2039,15,50.97
Integrated_4D_Reform,56,2039,15,50.96
Integrated_4D_Reform,57,2039,15,50.86
Integrated_4D_Reform,58,2039,15,51.73
Integrated_4D_Reform,59,2039,15,51.91
Integrated_4D_Reform,60,2039,15,50.8
Integrated_4D_Reform,61,2039,15,50.96
Integrated_4D_Reform,62,2039,15,49.49
Integrated_4D_Reform,63,2039,15,51.5
Integrated_4D_Reform,64,2039,15,53.87
Integrated_4D_Reform,65,2039,15,47.94
Integrated_4D_Reform,66,2039,15,50.34
Integrated_4D_Reform,67,2039,15,54.31
Integrated_4D_Reform,68,2039,15,50.43
Integrated_4D_Reform,69,2039,15,51.2
Integrated_4D_Reform,70,2039,15,51.95
Integrated_4D_Reform,71,2039,15,50.65
Integrated_4D_Reform,72,2039,15,44.82
Integrated_4D_Reform,73,2039,15,49.55
Integrated_4D_Reform,74,2039,15,47.69
Integrated_4D_Reform,75,2039,15,49.44
Integrated_4D_Reform,76,2039,15,51.04
Integrated_4D_Reform,77,2039,15,50.85
Integrated_4D_Reform,78,2039,15,51.0
Integrated_4D_Reform,79,2039,15,49.36
Integrated_4D_Reform,80,2039,15,51.54
Integrated_4D_Reform,81,2039,15,51.53
Integrated_4D_Reform,82,2039,15,50.82
Integrated_4D_Reform,83,2039,15,53.0
Integrated_4D_Reform,84,2039,15,51.91
Integrated_4D_Reform,85,2039,15,50.69
Integrated_4D_Reform,86,2039,15,48.36
Integrated_4D_Reform,87,2039,15,52.8
Integrated_4D_Reform,88,2039,15,49.79
Integrated_4D_Reform,89,2039,15,50.19
Integrated_4D_Reform,90,2039,15,51.52
Integrated_4D_Reform,91,2039,15,53.45
Integrated_4D_Reform,92,2039,15,49.63
Integrated_4D_Reform,93,2039,15,47.98
Integrated_4D_Reform,94,2039,15,50.62
Integrated_4D_Reform,95,2039,15,49.27
Integrated_4D_Reform,96,2039,15,50.34
Integrated_4D_Reform,97,2039,15,50.74
Integrated_4D_Reform,98,2039,15,52.15
Integrated_4D_Reform,99,2039,15,50.74
Integrated_4D_Reform,100,2039,15,51.47
Integrated_4D_Reform,101,2039,15,52.54
Integrated_4D_Reform,102,2039,15,50.98
Integrated_4D_Reform,103,2039,15,50.75
Integrated_4D_Reform,104,2039,15,51.34
Integrated_4D_Reform,105,2039,15,51.03
Integrated_4D_Reform,106,2039,15,51.75
Integrated_4D_Reform,107,2039,15,52.46
Integrated_4D_Reform,108,2039,15,51.27
Integrated_4D_Reform,109,2039,15,53.11
Integrated_4D_Reform,110,2039,15,53.97
Integrated_4D_Reform,111,2039,15,51.23
Integrated_4D_Reform,112,2039,15,51.31
Integrated_4D_Reform,113,2039,15,49.07
Integrated_4D_Reform,114,2039,15,50.53
Integrated_4D_Reform,115,2039,15,51.68
Integrated_4D_Reform,116,2039,15,49.78
Integrated_4D_Reform,117,2039,15,48.82
Integrated_4D_Reform,118,2039,15,53.11
Integrated_4D_Reform,119,2039,15,49.41
Integrated_4D_Reform,120,2039,15,50.97
Integrated_4D_Reform,121,2039,15,48.34
Integrated_4D_Reform,122,2039,15,49.56
Integrated_4D_Reform,123,2039,15,51.79
Integrated_4D_Reform,124,2039,15,51.44
Integrated_4D_Reform,125,2039,15,49.37
Integrated_4D_Reform,126,2039,15,53.05
Integrated_4D_Reform,127,2039,15,48.36
Integrated_4D_Reform,128,2039,15,52.54
Integrated_4D_Reform,129,2039,15,48.81
Integrated_4D_Reform,130,2039,15,52.01
Integrated_4D_Reform,131,2039,15,49.89
Integrated_4D_Reform,132,2039,15,53.15
Integrated_4D_Reform,133,2039,15,52.18
Integrated_4D_Reform,134,2039,15,51.43
Integrated_4D_Reform,135,2039,15,48.83
Integrated_4D_Reform,136,2039,15,48.55
Integrated_4D_Reform,137,2039,15,52.67
Integrated_4D_Reform,138,2039,15,49.92
Integrated_4D_Reform,139,2039,15,51.08
Integrated_4D_Reform,140,2039,15,52.59
Integrated_4D_Reform,141,2039,15,50.79
Integrated_4D_Reform,142,2039,15,51.47
Integrated_4D_Reform,143,2039,15,49.66
Integrated_4D_Reform,144,2039,15,49.7
Integrated_4D_Reform,145,2039,15,52.09
Integrated_4D_Reform,146,2039,15,51.97
Integrated_4D_Reform,147,2039,15,50.03
Integrated_4D_Reform,148,2039,15,52.19
Integrated_4D_Reform,149,2039,15,51.96
Integrated_4D_Reform,150,2039,15,52.51
Integrated_4D_Reform,151,2039,15,50.33
Integrated_4D_Reform,152,2039,15,51.12
Integrated_4D_Reform,153,2039,15,51.19
Integrated_4D_Reform,154,2039,15,50.32
Integrated_4D_Reform,155,2039,15,49.0
Integrated_4D_Reform,156,2039,15,49.6
Integrated_4D_Reform,157,2039,15,47.99
Integrated_4D_Reform,158,2039,15,54.29
Integrated_4D_Reform,159,2039,15,49.79
Integrated_4D_Reform,160,2039,15,48.48
Integrated_4D_Reform,161,2039,15,51.88
Integrated_4D_Reform,162,2039,15,49.79
Integrated_4D_Reform,163,2039,15,52.0
Integrated_4D_Reform,164,2039,15,51.51
Integrated_4D_Reform,165,2039,15,50.58
Integrated_4D_Reform,166,2039,15,49.82
Integrated_4D_Reform,167,2039,15,49.74
Integrated_4D_Reform,168,2039,15,50.5
Integrated_4D_Reform,169,2039,15,52.49
Integrated_4D_Reform,170,2039,15,50.37
Integrated_4D_Reform,171,2039,15,52.61
Integrated_4D_Reform,172,2039,15,49.07
Integrated_4D_Reform,173,2039,15,49.52
Integrated_4D_Reform,174,2039,15,53.04
Integrated_4D_Reform,175,2039,15,52.7
Integrated_4D_Reform,176,2039,15,49.93
Integrated_4D_Reform,177,2039,15,50.46
Integrated_4D_Reform,178,2039,15,49.77
Integrated_4D_Reform,179,2039,15,50.95
Integrated_4D_Reform,180,2039,15,50.96
Integrated_4D_Reform,181,2039,15,49.47
Integrated_4D_Reform,182,2039,15,51.44
Integrated_4D_Reform,183,2039,15,50.83
Integrated_4D_Reform,184,2039,15,51.36
Integrated_4D_Reform,185,2039,15,51.45
Integrated_4D_Reform,186,2039,15,50.04
Integrated_4D_Reform,187,2039,15,50.23
Integrated_4D_Reform,188,2039,15,51.96
Integrated_4D_Reform,189,2039,15,50.65
Integrated_4D_Reform,190,2039,15,50.08
Integrated_4D_Reform,191,2039,15,50.07
Integrated_4D_Reform,192,2039,15,49.48
Integrated_4D_Reform,193,2039,15,50.24
Integrated_4D_Reform,194,2039,15,53.66
Integrated_4D_Reform,195,2039,15,51.05
Integrated_4D_Reform,196,2039,15,54.4
Integrated_4D_Reform,197,2039,15,53.88
Integrated_4D_Reform,198,2039,15,51.22
Integrated_4D_Reform,199,2039,15,51.73
Integrated_4D_Reform,200,2039,15,50.03
Integrated_4D_Reform,201,2039,15,48.16
Integrated_4D_Reform,202,2039,15,52.54
Integrated_4D_Reform,203,2039,15,52.14
Integrated_4D_Reform,204,2039,15,49.98
Integrated_4D_Reform,205,2039,15,48.77
Integrated_4D_Reform,206,2039,15,51.26
Integrated_4D_Reform,207,2039,15,48.53
Integrated_4D_Reform,208,2039,15,46.82
Integrated_4D_Reform,209,2039,15,50.41
Integrated_4D_Reform,210,2039,15,51.6
Integrated_4D_Reform,211,2039,15,49.03
Integrated_4D_Reform,212,2039,15,52.16
Integrated_4D_Reform,213,2039,15,48.37
Integrated_4D_Reform,214,2039,15,52.07
Integrated_4D_Reform,215,2039,15,49.1
Integrated_4D_Reform,216,2039,15,51.11
Integrated_4D_Reform,217,2039,15,48.97
Integrated_4D_Reform,218,2039,15,53.43
Integrated_4D_Reform,219,2039,15,49.26
Integrated_4D_Reform,220,2039,15,51.59
Integrated_4D_Reform,221,2039,15,51.14
Integrated_4D_Reform,222,2039,15,47.59
Integrated_4D_Reform,223,2039,15,51.98
Integrated_4D_Reform,224,2039,15,50.3
Integrated_4D_Reform,225,2039,15,50.72
Integrated_4D_Reform,226,2039,15,50.99
Integrated_4D_Reform,227,2039,15,50.4
Integrated_4D_Reform,228,2039,15,47.5
Integrated_4D_Reform,229,2039,15,53.14
Integrated_4D_Reform,230,2039,15,48.51
Integrated_4D_Reform,231,2039,15,49.87
Integrated_4D_Reform,232,2039,15,51.47
Integrated_4D_Reform,233,2039,15,51.15
Integrated_4D_Reform,234,2039,15,51.38
Integrated_4D_Reform,235,2039,15,49.98
Integrated_4D_Reform,236,2039,15,51.61
Integrated_4D_Reform,237,2039,15,51.43
Integrated_4D_Reform,238,2039,15,48.21
Integrated_4D_Reform,239,2039,15,52.77
Integrated_4D_Reform,240,2039,15,52.09
Integrated_4D_Reform,241,2039,15,49.61
Integrated_4D_Reform,242,2039,15,54.65
Integrated_4D_Reform,243,2039,15,46.08
Integrated_4D_Reform,244,2039,15,51.04
Integrated_4D_Reform,245,2039,15,49.79
Integrated_4D_Reform,246,2039,15,50.48
Integrated_4D_Reform,247,2039,15,48.1
Integrated_4D_Reform,248,2039,15,52.41
Integrated_4D_Reform,249,2039,15,48.77
Integrated_4D_Reform,250,2039,15,51.16
Integrated_4D_Reform,251,2039,15,49.13
Integrated_4D_Reform,252,2039,15,50.66
Integrated_4D_Reform,253,2039,15,49.38
Integrated_4D_Reform,254,2039,15,49.02
Integrated_4D_Reform,255,2039,15,49.82
Integrated_4D_Reform,256,2039,15,53.44
Integrated_4D_Reform,257,2039,15,52.73
Integrated_4D_Reform,258,2039,15,50.95
Integrated_4D_Reform,259,2039,15,51.52
Integrated_4D_Reform,260,2039,15,49.66
Integrated_4D_Reform,261,2039,15,51.01
Integrated_4D_Reform,262,2039,15,49.63
Integrated_4D_Reform,263,2039,15,53.21
Integrated_4D_Reform,264,2039,15,50.42
Integrated_4D_Reform,265,2039,15,53.09
Integrated_4D_Reform,266,2039,15,52.59
Integrated_4D_Reform,267,2039,15,53.78
Integrated_4D_Reform,268,2039,15,51.3
Integrated_4D_Reform,269,2039,15,50.74
Integrated_4D_Reform,270,2039,15,49.14
Integrated_4D_Reform,271,2039,15,51.43
Integrated_4D_Reform,272,2039,15,49.78
Integrated_4D_Reform,273,2039,15,48.5
Integrated_4D_Reform,274,2039,15,50.67
Integrated_4D_Reform,275,2039,15,50.7
Integrated_4D_Reform,276,2039,15,53.31
Integrated_4D_Reform,277,2039,15,48.36
Integrated_4D_Reform,278,2039,15,49.41
Integrated_4D_Reform,279,2039,15,49.63
Integrated_4D_Reform,280,2039,15,51.9
Integrated_4D_Reform,281,2039,15,46.12
Integrated_4D_Reform,282,2039,15,50.09
Integrated_4D_Reform,283,2039,15,49.45
Integrated_4D_Reform,284,2039,15,52.15
Integrated_4D_Reform,285,2039,15,53.24
Integrated_4D_Reform,286,2039,15,48.81
Integrated_4D_Reform,287,2039,15,50.27
Integrated_4D_Reform,288,2039,15,49.16
Integrated_4D_Reform,289,2039,15,52.01
Integrated_4D_Reform,290,2039,15,52.62
Integrated_4D_Reform,291,2039,15,50.12
Integrated_4D_Reform,292,2039,15,51.47
Integrated_4D_Reform,293,2039,15,51.75
Integrated_4D_Reform,294,2039,15,48.92
Integrated_4D_Reform,295,2039,15,53.78
Integrated_4D_Reform,296,2039,15,51.61
Integrated_4D_Reform,297,2039,15,50.44
Integrated_4D_Reform,298,2039,15,50.84
Integrated_4D_Reform,299,2039,15,50.46
Integrated_4D_Reform,300,2039,15,47.13
Integrated_4D_Reform,301,2039,15,49.36
Integrated_4D_Reform,302,2039,15,48.68
Integrated_4D_Reform,303,2039,15,48.7
Integrated_4D_Reform,304,2039,15,51.31
Integrated_4D_Reform,305,2039,15,51.88
Integrated_4D_Reform,306,2039,15,49.91
Integrated_4D_Reform,307,2039,15,51.85
Integrated_4D_Reform,308,2039,15,50.43
Integrated_4D_Reform,309,2039,15,48.54
Integrated_4D_Reform,310,2039,15,51.65
Integrated_4D_Reform,311,2039,15,50.15
Integrated_4D_Reform,312,2039,15,52.25
Integrated_4D_Reform,313,2039,15,51.11
Integrated_4D_Reform,314,2039,15,52.89
Integrated_4D_Reform,315,2039,15,52.81
Integrated_4D_Reform,316,2039,15,52.21
Integrated_4D_Reform,317,2039,15,52.08
Integrated_4D_Reform,318,2039,15,52.24
Integrated_4D_Reform,319,2039,15,51.16
Integrated_4D_Reform,320,2039,15,49.51
Integrated_4D_Reform,321,2039,15,50.31
Integrated_4D_Reform,322,2039,15,48.51
Integrated_4D_Reform,323,2039,15,49.85
Integrated_4D_Reform,324,2039,15,51.07
Integrated_4D_Reform,325,2039,15,51.2
Integrated_4D_Reform,326,2039,15,49.36
Integrated_4D_Reform,327,2039,15,50.97
Integrated_4D_Reform,328,2039,15,49.05
Integrated_4D_Reform,329,2039,15,49.38
Integrated_4D_Reform,330,2039,15,49.61
Integrated_4D_Reform,331,2039,15,51.5
Integrated_4D_Reform,332,2039,15,53.45
Integrated_4D_Reform,333,2039,15,49.6
Integrated_4D_Reform,334,2039,15,49.36
Integrated_4D_Reform,335,2039,15,47.85
Integrated_4D_Reform,336,2039,15,47.18
Integrated_4D_Reform,337,2039,15,52.67
Integrated_4D_Reform,338,2039,15,48.26
Integrated_4D_Reform,339,2039,15,51.84
Integrated_4D_Reform,340,2039,15,49.65
Integrated_4D_Reform,341,2039,15,47.47
Integrated_4D_Reform,342,2039,15,51.53
Integrated_4D_Reform,343,2039,15,49.14
Integrated_4D_Reform,344,2039,15,51.89
Integrated_4D_Reform,345,2039,15,52.43
Integrated_4D_Reform,346,2039,15,51.41
Integrated_4D_Reform,347,2039,15,48.9
Integrated_4D_Reform,348,2039,15,51.02
Integrated_4D_Reform,349,2039,15,48.77
Integrated_4D_Reform,350,2039,15,52.05
Integrated_4D_Reform,351,2039,15,50.47
Integrated_4D_Reform,352,2039,15,49.6
Integrated_4D_Reform,353,2039,15,49.16
Integrated_4D_Reform,354,2039,15,49.78
Integrated_4D_Reform,355,2039,15,48.0
Integrated_4D_Reform,356,2039,15,52.36
Integrated_4D_Reform,357,2039,15,51.81
Integrated_4D_Reform,358,2039,15,53.7
Integrated_4D_Reform,359,2039,15,50.97
Integrated_4D_Reform,360,2039,15,50.51
Integrated_4D_Reform,361,2039,15,50.03
Integrated_4D_Reform,362,2039,15,52.82
Integrated_4D_Reform,363,2039,15,49.43
Integrated_4D_Reform,364,2039,15,52.31
Integrated_4D_Reform,365,2039,15,47.04
Integrated_4D_Reform,366,2039,15,49.33
Integrated_4D_Reform,367,2039,15,50.47
Integrated_4D_Reform,368,2039,15,52.22
Integrated_4D_Reform,369,2039,15,51.64
Integrated_4D_Reform,370,2039,15,52.0
Integrated_4D_Reform,371,2039,15,47.82
Integrated_4D_Reform,372,2039,15,47.96
Integrated_4D_Reform,373,2039,15,52.25
Integrated_4D_Reform,374,2039,15,52.83
Integrated_4D_Reform,375,2039,15,53.02
Integrated_4D_Reform,376,2039,15,50.28
Integrated_4D_Reform,377,2039,15,51.06
Integrated_4D_Reform,378,2039,15,49.55
Integrated_4D_Reform,379,2039,15,50.5
Integrated_4D_Reform,380,2039,15,49.66
Integrated_4D_Reform,381,2039,15,49.41
Integrated_4D_Reform,382,2039,15,48.2
Integrated_4D_Reform,383,2039,15,51.6
Integrated_4D_Reform,384,2039,15,52.18
Integrated_4D_Reform,385,2039,15,54.53
Integrated_4D_Reform,386,2039,15,49.3
Integrated_4D_Reform,387,2039,15,49.9
Integrated_4D_Reform,388,2039,15,51.13
Integrated_4D_Reform,389,2039,15,48.68
Integrated_4D_Reform,390,2039,15,50.55
Integrated_4D_Reform,391,2039,15,50.13
Integrated_4D_Reform,392,2039,15,52.0
Integrated_4D_Reform,393,2039,15,49.63
Integrated_4D_Reform,394,2039,15,51.83
Integrated_4D_Reform,395,2039,15,47.57
Integrated_4D_Reform,396,2039,15,51.21
Integrated_4D_Reform,397,2039,15,51.93
Integrated_4D_Reform,398,2039,15,50.09
Integrated_4D_Reform,399,2039,15,47.56
Integrated_4D_Reform,400,2039,15,48.93
Integrated_4D_Reform,401,2039,15,52.08
Integrated_4D_Reform,402,2039,15,50.7
Integrated_4D_Reform,403,2039,15,52.66
Integrated_4D_Reform,404,2039,15,50.88
Integrated_4D_Reform,405,2039,15,52.77
Integrated_4D_Reform,406,2039,15,52.9
Integrated_4D_Reform,407,2039,15,51.95
Integrated_4D_Reform,408,2039,15,53.7
Integrated_4D_Reform,409,2039,15,54.7
Integrated_4D_Reform,410,2039,15,51.54
Integrated_4D_Reform,411,2039,15,49.31
Integrated_4D_Reform,412,2039,15,49.41
Integrated_4D_Reform,413,2039,15,49.92
Integrated_4D_Reform,414,2039,15,52.85
Integrated_4D_Reform,415,2039,15,50.36
Integrated_4D_Reform,416,2039,15,50.84
Integrated_4D_Reform,417,2039,15,49.61
Integrated_4D_Reform,418,2039,15,51.02
Integrated_4D_Reform,419,2039,15,50.12
Integrated_4D_Reform,420,2039,15,50.45
Integrated_4D_Reform,421,2039,15,51.31
Integrated_4D_Reform,422,2039,15,52.46
Integrated_4D_Reform,423,2039,15,51.25
Integrated_4D_Reform,424,2039,15,47.95
Integrated_4D_Reform,425,2039,15,52.86
Integrated_4D_Reform,426,2039,15,51.71
Integrated_4D_Reform,427,2039,15,51.76
Integrated_4D_Reform,428,2039,15,51.35
Integrated_4D_Reform,429,2039,15,49.27
Integrated_4D_Reform,430,2039,15,52.5
Integrated_4D_Reform,431,2039,15,51.67
Integrated_4D_Reform,432,2039,15,52.34
Integrated_4D_Reform,433,2039,15,46.94
Integrated_4D_Reform,434,2039,15,51.12
Integrated_4D_Reform,435,2039,15,53.69
Integrated_4D_Reform,436,2039,15,50.5
Integrated_4D_Reform,437,2039,15,53.61
Integrated_4D_Reform,438,2039,15,51.46
Integrated_4D_Reform,439,2039,15,51.68
Integrated_4D_Reform,440,2039,15,49.12
Integrated_4D_Reform,441,2039,15,52.82
Integrated_4D_Reform,442,2039,15,51.12
Integrated_4D_Reform,443,2039,15,55.06
Integrated_4D_Reform,444,2039,15,52.85
Integrated_4D_Reform,445,2039,15,52.7
Integrated_4D_Reform,446,2039,15,48.2
Integrated_4D_Reform,447,2039,15,49.64
Integrated_4D_Reform,448,2039,15,49.81
Integrated_4D_Reform,449,2039,15,50.89
Integrated_4D_Reform,450,2039,15,49.43
Integrated_4D_Reform,451,2039,15,46.88
Integrated_4D_Reform,452,2039,15,49.65
Integrated_4D_Reform,453,2039,15,49.03
Integrated_4D_Reform,454,2039,15,52.15
Integrated_4D_Reform,455,2039,15,52.06
Integrated_4D_Reform,456,2039,15,50.54
Integrated_4D_Reform,457,2039,15,49.56
Integrated_4D_Reform,458,2039,15,51.32
Integrated_4D_Reform,459,2039,15,49.2
Integrated_4D_Reform,460,2039,15,49.3
Integrated_4D_Reform,461,2039,15,50.81
Integrated_4D_Reform,462,2039,15,50.89
Integrated_4D_Reform,463,2039,15,52.43
Integrated_4D_Reform,464,2039,15,51.42
Integrated_4D_Reform,465,2039,15,51.8
Integrated_4D_Reform,466,2039,15,53.44
Integrated_4D_Reform,467,2039,15,51.34
Integrated_4D_Reform,468,2039,15,51.36
Integrated_4D_Reform,469,2039,15,49.3
Integrated_4D_Reform,470,2039,15,47.41
Integrated_4D_Reform,471,2039,15,53.04
Integrated_4D_Reform,472,2039,15,49.27
Integrated_4D_Reform,473,2039,15,50.81
Integrated_4D_Reform,474,2039,15,48.11
Integrated_4D_Reform,475,2039,15,49.88
Integrated_4D_Reform,476,2039,15,52.0
Integrated_4D_Reform,477,2039,15,50.9
Integrated_4D_Reform,478,2039,15,51.31
Integrated_4D_Reform,479,2039,15,51.12
Integrated_4D_Reform,480,2039,15,49.01
Integrated_4D_Reform,481,2039,15,51.46
Integrated_4D_Reform,482,2039,15,53.33
Integrated_4D_Reform,483,2039,15,49.68
Integrated_4D_Reform,484,2039,15,51.96
Integrated_4D_Reform,485,2039,15,53.84
Integrated_4D_Reform,486,2039,15,52.44
Integrated_4D_Reform,487,2039,15,51.19
Integrated_4D_Reform,488,2039,15,50.57
Integrated_4D_Reform,489,2039,15,51.6
Integrated_4D_Reform,490,2039,15,52.91
Integrated_4D_Reform,491,2039,15,50.84
Integrated_4D_Reform,492,2039,15,49.92
Integrated_4D_Reform,493,2039,15,47.74
Integrated_4D_Reform,494,2039,15,51.35
Integrated_4D_Reform,495,2039,15,50.19
Integrated_4D_Reform,496,2039,15,49.43
Integrated_4D_Reform,497,2039,15,49.87
Integrated_4D_Reform,498,2039,15,47.97
Integrated_4D_Reform,499,2039,15,48.29
Integrated_4D_Reform,0,2044,20,59.35
Integrated_4D_Reform,1,2044,20,57.11
Integrated_4D_Reform,2,2044,20,56.24
Integrated_4D_Reform,3,2044,20,57.03
Integrated_4D_Reform,4,2044,20,57.63
Integrated_4D_Reform,5,2044,20,58.25
Integrated_4D_Reform,6,2044,20,61.11
Integrated_4D_Reform,7,2044,20,57.46
Integrated_4D_Reform,8,2044,20,56.0
Integrated_4D_Reform,9,2044,20,58.22
Integrated_4D_Reform,10,2044,20,62.6
Integrated_4D_Reform,11,2044,20,57.38
Integrated_4D_Reform,12,2044,20,57.53
Integrated_4D_Reform,13,2044,20,60.39
Integrated_4D_Reform,14,2044,20,55.44
Integrated_4D_Reform,15,2044,20,58.49
Integrated_4D_Reform,16,2044,20,58.89
Integrated_4D_Reform,17,2044,20,57.5
Integrated_4D_Reform,18,2044,20,60.06
Integrated_4D_Reform,19,2044,20,59.42
Integrated_4D_Reform,20,2044,20,57.59
Integrated_4D_Reform,21,2044,20,59.57
Integrated_4D_Reform,22,2044,20,55.13
Integrated_4D_Reform,23,2044,20,58.41
Integrated_4D_Reform,24,2044,20,59.38
Integrated_4D_Reform,25,2044,20,57.94
Integrated_4D_Reform,26,2044,20,56.75
Integrated_4D_Reform,27,2044,20,57.87
Integrated_4D_Reform,28,2044,20,61.89
Integrated_4D_Reform,29,2044,20,57.07
Integrated_4D_Reform,30,2044,20,55.78
Integrated_4D_Reform,31,2044,20,58.08
Integrated_4D_Reform,32,2044,20,55.62
Integrated_4D_Reform,33,2044,20,60.08
Integrated_4D_Reform,34,2044,20,57.03
Integrated_4D_Reform,35,2044,20,57.56
Integrated_4D_Reform,36,2044,20,56.73
Integrated_4D_Reform,37,2044,20,57.97
Integrated_4D_Reform,38,2044,20,59.61
Integrated_4D_Reform,39,2044,20,59.71
Integrated_4D_Reform,40,2044,20,60.56
Integrated_4D_Reform,41,2044,20,59.24
Integrated_4D_Reform,42,2044,20,56.17
Integrated_4D_Reform,43,2044,20,57.25
Integrated_4D_Reform,44,2044,20,60.38
Integrated_4D_Reform,45,2044,20,61.14
Integrated_4D_Reform,46,2044,20,58.99
Integrated_4D_Reform,47,2044,20,56.78
Integrated_4D_Reform,48,2044,20,56.07
Integrated_4D_Reform,49,2044,20,58.42
Integrated_4D_Reform,50,2044,20,58.08
Integrated_4D_Reform,51,2044,20,55.9
Integrated_4D_Reform,52,2044,20,57.12
Integrated_4D_Reform,53,2044,20,62.17
Integrated_4D_Reform,54,2044,20,56.2
Integrated_4D_Reform,55,2044,20,57.65
Integrated_4D_Reform,56,2044,20,57.88
Integrated_4D_Reform,57,2044,20,57.37
Integrated_4D_Reform,58,2044,20,58.98
Integrated_4D_Reform,59,2044,20,59.27
Integrated_4D_Reform,60,2044,20,58.1
Integrated_4D_Reform,61,2044,20,58.6
Integrated_4D_Reform,62,2044,20,55.72
Integrated_4D_Reform,63,2044,20,59.46
Integrated_4D_Reform,64,2044,20,61.38
Integrated_4D_Reform,65,2044,20,55.1
Integrated_4D_Reform,66,2044,20,57.86
Integrated_4D_Reform,67,2044,20,62.21
Integrated_4D_Reform,68,2044,20,58.41
Integrated_4D_Reform,69,2044,20,59.15
Integrated_4D_Reform,70,2044,20,59.51
Integrated_4D_Reform,71,2044,20,57.52
Integrated_4D_Reform,72,2044,20,53.08
Integrated_4D_Reform,73,2044,20,58.04
Integrated_4D_Reform,74,2044,20,54.64
Integrated_4D_Reform,75,2044,20,56.55
Integrated_4D_Reform,76,2044,20,59.07
Integrated_4D_Reform,77,2044,20,59.3
Integrated_4D_Reform,78,2044,20,59.58
Integrated_4D_Reform,79,2044,20,57.54
Integrated_4D_Reform,80,2044,20,58.79
Integrated_4D_Reform,81,2044,20,58.43
Integrated_4D_Reform,82,2044,20,58.61
Integrated_4D_Reform,83,2044,20,59.72
Integrated_4D_Reform,84,2044,20,59.48
Integrated_4D_Reform,85,2044,20,59.53
Integrated_4D_Reform,86,2044,20,56.46
Integrated_4D_Reform,87,2044,20,61.27
Integrated_4D_Reform,88,2044,20,57.01
Integrated_4D_Reform,89,2044,20,58.36
Integrated_4D_Reform,90,2044,20,59.24
Integrated_4D_Reform,91,2044,20,62.85
Integrated_4D_Reform,92,2044,20,57.27
Integrated_4D_Reform,93,2044,20,53.51
Integrated_4D_Reform,94,2044,20,58.12
Integrated_4D_Reform,95,2044,20,56.19
Integrated_4D_Reform,96,2044,20,57.25
Integrated_4D_Reform,97,2044,20,58.44
Integrated_4D_Reform,98,2044,20,57.89
Integrated_4D_Reform,99,2044,20,59.36
Integrated_4D_Reform,100,2044,20,61.16
Integrated_4D_Reform,101,2044,20,60.01
Integrated_4D_Reform,102,2044,20,57.94
Integrated_4D_Reform,103,2044,20,58.18
Integrated_4D_Reform,104,2044,20,58.66
Integrated_4D_Reform,105,2044,20,57.41
Integrated_4D_Reform,106,2044,20,58.93
Integrated_4D_Reform,107,2044,20,60.24
Integrated_4D_Reform,108,2044,20,60.32
Integrated_4D_Reform,109,2044,20,59.86
Integrated_4D_Reform,110,2044,20,61.98
Integrated_4D_Reform,111,2044,20,58.56
Integrated_4D_Reform,112,2044,20,60.2
Integrated_4D_Reform,113,2044,20,55.02
Integrated_4D_Reform,114,2044,20,57.29
Integrated_4D_Reform,115,2044,20,59.62
Integrated_4D_Reform,116,2044,20,57.36
Integrated_4D_Reform,117,2044,20,57.64
Integrated_4D_Reform,118,2044,20,60.69
Integrated_4D_Reform,119,2044,20,57.08
Integrated_4D_Reform,120,2044,20,58.47
Integrated_4D_Reform,121,2044,20,55.95
Integrated_4D_Reform,122,2044,20,57.34
Integrated_4D_Reform,123,2044,20,60.0
Integrated_4D_Reform,124,2044,20,58.47
Integrated_4D_Reform,125,2044,20,57.06
Integrated_4D_Reform,126,2044,20,58.25
Integrated_4D_Reform,127,2044,20,55.43
Integrated_4D_Reform,128,2044,20,58.54
Integrated_4D_Reform,129,2044,20,55.83
Integrated_4D_Reform,130,2044,20,59.68
Integrated_4D_Reform,131,2044,20,56.59
Integrated_4D_Reform,132,2044,20,62.32
Integrated_4D_Reform,133,2044,20,60.94
Integrated_4D_Reform,134,2044,20,58.2
Integrated_4D_Reform,135,2044,20,53.76
Integrated_4D_Reform,136,2044,20,56.45
Integrated_4D_Reform,137,2044,20,59.77
Integrated_4D_Reform,138,2044,20,57.17
Integrated_4D_Reform,139,2044,20,58.96
Integrated_4D_Reform,140,2044,20,60.17
Integrated_4D_Reform,141,2044,20,56.52
Integrated_4D_Reform,142,2044,20,58.99
Integrated_4D_Reform,143,2044,20,56.97
Integrated_4D_Reform,144,2044,20,56.34
Integrated_4D_Reform,145,2044,20,61.18
Integrated_4D_Reform,146,2044,20,58.47
Integrated_4D_Reform,147,2044,20,56.32
Integrated_4D_Reform,148,2044,20,58.79
Integrated_4D_Reform,149,2044,20,59.32
Integrated_4D_Reform,150,2044,20,59.91
Integrated_4D_Reform,151,2044,20,57.27
Integrated_4D_Reform,152,2044,20,57.66
Integrated_4D_Reform,153,2044,20,59.42
Integrated_4D_Reform,154,2044,20,55.98
Integrated_4D_Reform,155,2044,20,56.74
Integrated_4D_Reform,156,2044,20,57.36
Integrated_4D_Reform,157,2044,20,54.81
Integrated_4D_Reform,158,2044,20,61.95
Integrated_4D_Reform,159,2044,20,57.86
Integrated_4D_Reform,160,2044,20,57.44
Integrated_4D_Reform,161,2044,20,59.39
Integrated_4D_Reform,162,2044,20,56.99
Integrated_4D_Reform,163,2044,20,59.72
Integrated_4D_Reform,164,2044,20,58.35
Integrated_4D_Reform,165,2044,20,58.09
Integrated_4D_Reform,166,2044,20,56.5
Integrated_4D_Reform,167,2044,20,56.67
Integrated_4D_Reform,168,2044,20,56.59
Integrated_4D_Reform,169,2044,20,58.84
Integrated_4D_Reform,170,2044,20,56.33
Integrated_4D_Reform,171,2044,20,58.49
Integrated_4D_Reform,172,2044,20,56.97
Integrated_4D_Reform,173,2044,20,57.92
Integrated_4D_Reform,174,2044,20,60.42
Integrated_4D_Reform,175,2044,20,59.75
Integrated_4D_Reform,176,2044,20,56.35
Integrated_4D_Reform,177,2044,20,57.19
Integrated_4D_Reform,178,2044,20,57.33
Integrated_4D_Reform,179,2044,20,58.0
Integrated_4D_Reform,180,2044,20,57.22
Integrated_4D_Reform,181,2044,20,56.28
Integrated_4D_Reform,182,2044,20,59.04
Integrated_4D_Reform,183,2044,20,57.82
Integrated_4D_Reform,184,2044,20,59.69
Integrated_4D_Reform,185,2044,20,59.37
Integrated_4D_Reform,186,2044,20,58.7
Integrated_4D_Reform,187,2044,20,56.22
Integrated_4D_Reform,188,2044,20,59.64
Integrated_4D_Reform,189,2044,20,57.97
Integrated_4D_Reform,190,2044,20,57.76
Integrated_4D_Reform,191,2044,20,59.36
Integrated_4D_Reform,192,2044,20,56.37
Integrated_4D_Reform,193,2044,20,58.44
Integrated_4D_Reform,194,2044,20,61.5
Integrated_4D_Reform,195,2044,20,58.91
Integrated_4D_Reform,196,2044,20,62.27
Integrated_4D_Reform,197,2044,20,60.96
Integrated_4D_Reform,198,2044,20,59.29
Integrated_4D_Reform,199,2044,20,59.11
Integrated_4D_Reform,200,2044,20,56.9
Integrated_4D_Reform,201,2044,20,57.73
Integrated_4D_Reform,202,2044,20,59.49
Integrated_4D_Reform,203,2044,20,59.48
Integrated_4D_Reform,204,2044,20,56.97
Integrated_4D_Reform,205,2044,20,55.9
Integrated_4D_Reform,206,2044,20,57.06
Integrated_4D_Reform,207,2044,20,55.59
Integrated_4D_Reform,208,2044,20,53.24
Integrated_4D_Reform,209,2044,20,56.86
Integrated_4D_Reform,210,2044,20,59.22
Integrated_4D_Reform,211,2044,20,55.3
Integrated_4D_Reform,212,2044,20,59.85
Integrated_4D_Reform,213,2044,20,52.96
Integrated_4D_Reform,214,2044,20,59.75
Integrated_4D_Reform,215,2044,20,56.78
Integrated_4D_Reform,216,2044,20,57.16
Integrated_4D_Reform,217,2044,20,57.12
Integrated_4D_Reform,218,2044,20,60.55
Integrated_4D_Reform,219,2044,20,57.56
Integrated_4D_Reform,220,2044,20,59.74
Integrated_4D_Reform,221,2044,20,58.17
Integrated_4D_Reform,222,2044,20,54.93
Integrated_4D_Reform,223,2044,20,59.35
Integrated_4D_Reform,224,2044,20,55.05
Integrated_4D_Reform,225,2044,20,56.82
Integrated_4D_Reform,226,2044,20,58.34
Integrated_4D_Reform,227,2044,20,59.44
Integrated_4D_Reform,228,2044,20,54.66
Integrated_4D_Reform,229,2044,20,59.96
Integrated_4D_Reform,230,2044,20,56.37
Integrated_4D_Reform,231,2044,20,57.96
Integrated_4D_Reform,232,2044,20,57.5
Integrated_4D_Reform,233,2044,20,57.34
Integrated_4D_Reform,234,2044,20,59.52
Integrated_4D_Reform,235,2044,20,57.93
Integrated_4D_Reform,236,2044,20,57.24
Integrated_4D_Reform,237,2044,20,58.79
Integrated_4D_Reform,238,2044,20,58.41
Integrated_4D_Reform,239,2044,20,60.69
Integrated_4D_Reform,240,2044,20,58.2
Integrated_4D_Reform,241,2044,20,56.54
Integrated_4D_Reform,242,2044,20,60.95
Integrated_4D_Reform,243,2044,20,54.11
Integrated_4D_Reform,244,2044,20,57.69
Integrated_4D_Reform,245,2044,20,55.62
Integrated_4D_Reform,246,2044,20,57.59
Integrated_4D_Reform,247,2044,20,56.63
Integrated_4D_Reform,248,2044,20,60.55
Integrated_4D_Reform,249,2044,20,56.86
Integrated_4D_Reform,250,2044,20,59.01
Integrated_4D_Reform,251,2044,20,56.97
Integrated_4D_Reform,252,2044,20,59.1
Integrated_4D_Reform,253,2044,20,57.27
Integrated_4D_Reform,254,2044,20,57.11
Integrated_4D_Reform,255,2044,20,55.04
Integrated_4D_Reform,256,2044,20,62.74
Integrated_4D_Reform,257,2044,20,60.78
Integrated_4D_Reform,258,2044,20,57.3
Integrated_4D_Reform,259,2044,20,58.83
Integrated_4D_Reform,260,2044,20,56.72
Integrated_4D_Reform,261,2044,20,58.75
Integrated_4D_Reform,262,2044,20,57.35
Integrated_4D_Reform,263,2044,20,60.56
Integrated_4D_Reform,264,2044,20,58.53
Integrated_4D_Reform,265,2044,20,59.82
Integrated_4D_Reform,266,2044,20,61.17
Integrated_4D_Reform,267,2044,20,59.23
Integrated_4D_Reform,268,2044,20,59.15
Integrated_4D_Reform,269,2044,20,58.35
Integrated_4D_Reform,270,2044,20,56.84
Integrated_4D_Reform,271,2044,20,57.8
Integrated_4D_Reform,272,2044,20,55.84
Integrated_4D_Reform,273,2044,20,55.99
Integrated_4D_Reform,274,2044,20,59.03
Integrated_4D_Reform,275,2044,20,58.64
Integrated_4D_Reform,276,2044,20,59.67
Integrated_4D_Reform,277,2044,20,56.39
Integrated_4D_Reform,278,2044,20,56.52
Integrated_4D_Reform,279,2044,20,56.65
Integrated_4D_Reform,280,2044,20,57.81
Integrated_4D_Reform,281,2044,20,54.4
Integrated_4D_Reform,282,2044,20,57.92
Integrated_4D_Reform,283,2044,20,56.22
Integrated_4D_Reform,284,2044,20,59.01
Integrated_4D_Reform,285,2044,20,60.03
Integrated_4D_Reform,286,2044,20,55.9
Integrated_4D_Reform,287,2044,20,58.11
Integrated_4D_Reform,288,2044,20,58.06
Integrated_4D_Reform,289,2044,20,59.46
Integrated_4D_Reform,290,2044,20,60.22
Integrated_4D_Reform,291,2044,20,58.77
Integrated_4D_Reform,292,2044,20,57.44
Integrated_4D_Reform,293,2044,20,57.99
Integrated_4D_Reform,294,2044,20,55.73
Integrated_4D_Reform,295,2044,20,61.36
Integrated_4D_Reform,296,2044,20,58.26
Integrated_4D_Reform,297,2044,20,56.62
Integrated_4D_Reform,298,2044,20,57.91
Integrated_4D_Reform,299,2044,20,59.31
Integrated_4D_Reform,300,2044,20,54.07
Integrated_4D_Reform,301,2044,20,56.17
Integrated_4D_Reform,302,2044,20,57.72
Integrated_4D_Reform,303,2044,20,55.6
Integrated_4D_Reform,304,2044,20,57.97
Integrated_4D_Reform,305,2044,20,58.47
Integrated_4D_Reform,306,2044,20,58.34
Integrated_4D_Reform,307,2044,20,59.14
Integrated_4D_Reform,308,2044,20,57.62
Integrated_4D_Reform,309,2044,20,56.75
Integrated_4D_Reform,310,2044,20,57.58
Integrated_4D_Reform,311,2044,20,56.16
Integrated_4D_Reform,312,2044,20,58.24
Integrated_4D_Reform,313,2044,20,57.85
Integrated_4D_Reform,314,2044,20,61.37
Integrated_4D_Reform,315,2044,20,60.78
Integrated_4D_Reform,316,2044,20,58.68
Integrated_4D_Reform,317,2044,20,58.83
Integrated_4D_Reform,318,2044,20,59.35
Integrated_4D_Reform,319,2044,20,58.4
Integrated_4D_Reform,320,2044,20,56.22
Integrated_4D_Reform,321,2044,20,56.23
Integrated_4D_Reform,322,2044,20,58.68
Integrated_4D_Reform,323,2044,20,57.8
Integrated_4D_Reform,324,2044,20,58.06
Integrated_4D_Reform,325,2044,20,57.39
Integrated_4D_Reform,326,2044,20,58.08
Integrated_4D_Reform,327,2044,20,58.12
Integrated_4D_Reform,328,2044,20,54.52
Integrated_4D_Reform,329,2044,20,55.62
Integrated_4D_Reform,330,2044,20,57.63
Integrated_4D_Reform,331,2044,20,57.58
Integrated_4D_Reform,332,2044,20,61.69
Integrated_4D_Reform,333,2044,20,57.98
Integrated_4D_Reform,334,2044,20,61.0
Integrated_4D_Reform,335,2044,20,56.48
Integrated_4D_Reform,336,2044,20,54.57
Integrated_4D_Reform,337,2044,20,61.17
Integrated_4D_Reform,338,2044,20,54.15
Integrated_4D_Reform,339,2044,20,58.38
Integrated_4D_Reform,340,2044,20,57.43
Integrated_4D_Reform,341,2044,20,54.48
Integrated_4D_Reform,342,2044,20,59.92
Integrated_4D_Reform,343,2044,20,56.4
Integrated_4D_Reform,344,2044,20,59.5
Integrated_4D_Reform,345,2044,20,61.56
Integrated_4D_Reform,346,2044,20,58.6
Integrated_4D_Reform,347,2044,20,57.15
Integrated_4D_Reform,348,2044,20,57.78
Integrated_4D_Reform,349,2044,20,55.49
Integrated_4D_Reform,350,2044,20,61.24
Integrated_4D_Reform,351,2044,20,58.23
Integrated_4D_Reform,352,2044,20,56.8
Integrated_4D_Reform,353,2044,20,56.94
Integrated_4D_Reform,354,2044,20,54.96
Integrated_4D_Reform,355,2044,20,55.88
Integrated_4D_Reform,356,2044,20,58.03
Integrated_4D_Reform,357,2044,20,60.36
Integrated_4D_Reform,358,2044,20,62.3
Integrated_4D_Reform,359,2044,20,56.41
Integrated_4D_Reform,360,2044,20,57.74
Integrated_4D_Reform,361,2044,20,57.38
Integrated_4D_Reform,362,2044,20,60.47
Integrated_4D_Reform,363,2044,20,56.02
Integrated_4D_Reform,364,2044,20,59.45
Integrated_4D_Reform,365,2044,20,54.76
Integrated_4D_Reform,366,2044,20,56.13
Integrated_4D_Reform,367,2044,20,58.03
Integrated_4D_Reform,368,2044,20,59.39
Integrated_4D_Reform,369,2044,20,58.47
Integrated_4D_Reform,370,2044,20,58.24
Integrated_4D_Reform,371,2044,20,56.21
Integrated_4D_Reform,372,2044,20,58.13
Integrated_4D_Reform,373,2044,20,60.15
Integrated_4D_Reform,374,2044,20,58.73
Integrated_4D_Reform,375,2044,20,60.61
Integrated_4D_Reform,376,2044,20,58.21
Integrated_4D_Reform,377,2044,20,58.61
Integrated_4D_Reform,378,2044,20,56.69
Integrated_4D_Reform,379,2044,20,57.99
Integrated_4D_Reform,380,2044,20,58.56
Integrated_4D_Reform,381,2044,20,57.81
Integrated_4D_Reform,382,2044,20,56.06
Integrated_4D_Reform,383,2044,20,59.17
Integrated_4D_Reform,384,2044,20,60.81
Integrated_4D_Reform,385,2044,20,60.48
Integrated_4D_Reform,386,2044,20,56.54
Integrated_4D_Reform,387,2044,20,56.04
Integrated_4D_Reform,388,2044,20,57.4
Integrated_4D_Reform,389,2044,20,55.82
Integrated_4D_Reform,390,2044,20,58.6
Integrated_4D_Reform,391,2044,20,56.86
Integrated_4D_Reform,392,2044,20,58.09
Integrated_4D_Reform,393,2044,20,56.44
Integrated_4D_Reform,394,2044,20,61.01
Integrated_4D_Reform,395,2044,20,55.17
Integrated_4D_Reform,396,2044,20,60.07
Integrated_4D_Reform,397,2044,20,61.3
Integrated_4D_Reform,398,2044,20,56.47
Integrated_4D_Reform,399,2044,20,52.99
Integrated_4D_Reform,400,2044,20,55.22
Integrated_4D_Reform,401,2044,20,58.44
Integrated_4D_Reform,402,2044,20,58.44
Integrated_4D_Reform,403,2044,20,60.7
Integrated_4D_Reform,404,2044,20,57.3
Integrated_4D_Reform,405,2044,20,60.02
Integrated_4D_Reform,406,2044,20,58.18
Integrated_4D_Reform,407,2044,20,58.84
Integrated_4D_Reform,408,2044,20,58.59
Integrated_4D_Reform,409,2044,20,61.22
Integrated_4D_Reform,410,2044,20,58.45
Integrated_4D_Reform,411,2044,20,57.12
Integrated_4D_Reform,412,2044,20,58.01
Integrated_4D_Reform,413,2044,20,57.72
Integrated_4D_Reform,414,2044,20,61.8
Integrated_4D_Reform,415,2044,20,57.77
Integrated_4D_Reform,416,2044,20,59.92
Integrated_4D_Reform,417,2044,20,57.47
Integrated_4D_Reform,418,2044,20,59.17
Integrated_4D_Reform,419,2044,20,57.46
Integrated_4D_Reform,420,2044,20,56.99
Integrated_4D_Reform,421,2044,20,59.09
Integrated_4D_Reform,422,2044,20,62.3
Integrated_4D_Reform,423,2044,20,60.59
Integrated_4D_Reform,424,2044,20,55.13
Integrated_4D_Reform,425,2044,20,61.49
Integrated_4D_Reform,426,2044,20,59.31
Integrated_4D_Reform,427,2044,20,60.05
Integrated_4D_Reform,428,2044,20,61.0
Integrated_4D_Reform,429,2044,20,55.78
Integrated_4D_Reform,430,2044,20,58.47
Integrated_4D_Reform,431,2044,20,58.71
Integrated_4D_Reform,432,2044,20,59.31
Integrated_4D_Reform,433,2044,20,53.8
Integrated_4D_Reform,434,2044,20,58.61
Integrated_4D_Reform,435,2044,20,60.85
Integrated_4D_Reform,436,2044,20,57.93
Integrated_4D_Reform,437,2044,20,61.31
Integrated_4D_Reform,438,2044,20,58.72
Integrated_4D_Reform,439,2044,20,57.81
Integrated_4D_Reform,440,2044,20,56.14
Integrated_4D_Reform,441,2044,20,59.89
Integrated_4D_Reform,442,2044,20,58.9
Integrated_4D_Reform,443,2044,20,63.09
Integrated_4D_Reform,444,2044,20,59.08
Integrated_4D_Reform,445,2044,20,58.77
Integrated_4D_Reform,446,2044,20,54.73
Integrated_4D_Reform,447,2044,20,55.83
Integrated_4D_Reform,448,2044,20,57.48
Integrated_4D_Reform,449,2044,20,57.51
Integrated_4D_Reform,450,2044,20,55.45
Integrated_4D_Reform,451,2044,20,54.02
Integrated_4D_Reform,452,2044,20,56.53
Integrated_4D_Reform,453,2044,20,55.67
Integrated_4D_Reform,454,2044,20,58.44
Integrated_4D_Reform,455,2044,20,57.58
Integrated_4D_Reform,456,2044,20,57.92
Integrated_4D_Reform,457,2044,20,56.74
Integrated_4D_Reform,458,2044,20,57.42
Integrated_4D_Reform,459,2044,20,55.55
Integrated_4D_Reform,460,2044,20,56.23
Integrated_4D_Reform,461,2044,20,59.74
Integrated_4D_Reform,462,2044,20,59.38
Integrated_4D_Reform,463,2044,20,59.67
Integrated_4D_Reform,464,2044,20,58.5
Integrated_4D_Reform,465,2044,20,59.56
Integrated_4D_Reform,466,2044,20,60.96
Integrated_4D_Reform,467,2044,20,58.62
Integrated_4D_Reform,468,2044,20,58.03
Integrated_4D_Reform,469,2044,20,55.77
Integrated_4D_Reform,470,2044,20,56.76
Integrated_4D_Reform,471,2044,20,61.9
Integrated_4D_Reform,472,2044,20,56.98
Integrated_4D_Reform,473,2044,20,58.81
Integrated_4D_Reform,474,2044,20,55.62
Integrated_4D_Reform,475,2044,20,57.81
Integrated_4D_Reform,476,2044,20,59.48
Integrated_4D_Reform,477,2044,20,57.96
Integrated_4D_Reform,478,2044,20,59.69
Integrated_4D_Reform,479,2044,20,57.63
Integrated_4D_Reform,480,2044,20,55.81
Integrated_4D_Reform,481,2044,20,59.95
Integrated_4D_Reform,482,2044,20,59.44
Integrated_4D_Reform,483,2044,20,56.76
Integrated_4D_Reform,484,2044,20,59.14
Integrated_4D_Reform,485,2044,20,62.8
Integrated_4D_Reform,486,2044,20,58.74
Integrated_4D_Reform,487,2044,20,58.53
Integrated_4D_Reform,488,2044,20,58.22
Integrated_4D_Reform,489,2044,20,59.2
Integrated_4D_Reform,490,2044,20,59.25
Integrated_4D_Reform,491,2044,20,58.43
Integrated_4D_Reform,492,2044,20,58.18
Integrated_4D_Reform,493,2044,20,54.25
Integrated_4D_Reform,494,2044,20,58.01
Integrated_4D_Reform,495,2044,20,56.91
Integrated_4D_Reform,496,2044,20,58.35
Integrated_4D_Reform,497,2044,20,55.45
Integrated_4D_Reform,498,2044,20,54.38
Integrated_4D_Reform,499,2044,20,55.93
